DrugBank_ID,Probabilidad,Leverage,Dominio_AD,SMILES,Lipinski_Viable,MW,LogP
DB00404,0.99,0.0009410600599784102,DENTRO,CC1=NN=C2CN=C(C3=CC=CC=C3)C3=C(C=CC(Cl)=C3)N12,SÍ,308.77,3.58
DB03786,0.98,0.001027064991811696,DENTRO,CC(C)COC1=CC=C(C=C1C#N)C1=NC(C)=C(S1)C(O)=O,SÍ,316.38,3.72
DB04854,0.98,0.001027064991811696,DENTRO,CC(C)COC1=C(C=C(C=C1)C1=NC(C)=C(S1)C(O)=O)C#N,SÍ,316.38,3.72
DB03899,0.97,0.0007371270817784148,DENTRO,CCCCN1C(CC2=CC=C(OC)C=C2)=NC2=C1N=CN=C2N,SÍ,311.39,2.81
DB04920,0.97,0.0017774234580224335,DENTRO,CCCC(=O)OCOC(=O)C1=C(C)NC(C)=C(C1C1=C(Cl)C(Cl)=CC=C1)C(=O)OC,SÍ,456.32,4.25
DB00496,0.96,0.0010404051625205256,DENTRO,NC(=O)C(C1CCN(CCC2=CC3=C(OCC3)C=C2)C1)(C1=CC=CC=C1)C1=CC=CC=C1,SÍ,426.56,3.96
DB00561,0.96,0.0017475493193085502,DENTRO,CCN1CC(CCN2CCOCC2)C(C1=O)(C1=CC=CC=C1)C1=CC=CC=C1,SÍ,378.52,3.17
DB04715,0.96,0.0007910358246230364,DENTRO,CC(=O)C1=CC=CC(=C1)C1=CN=C2C=CC(NCC3CC3)=NN12,SÍ,306.37,3.42
DB05838,0.96,0.0010872017314489091,DENTRO,CC(C)NC(=O)CC1CCCN(C(=O)C2=C(Cl)C=C(C=C2)N2CCCC2)C2=CC=CC=C12,SÍ,454.01,5.38
DB00656,0.9530273583495291,0.0018645851817190105,DENTRO,ClC1=CC=CC(=C1)N1CCN(CCCN2N=C3C=CC=CN3C2=O)CC1,SÍ,371.87,2.36
DB00450,0.95,0.0006387873209580296,DENTRO,FC1=CC=C(C=C1)C(=O)CCCN1CCC(=CC1)N1C(=O)NC2=CC=CC=C12,SÍ,379.44,3.68
DB00831,0.95,0.0012946071300577408,DENTRO,CN1CCN(CCCN2C3=CC=CC=C3SC3=C2C=C(C=C3)C(F)(F)F)CC1,SÍ,407.51,4.95
DB02882,0.95,0.002149190978890128,DENTRO,NCC1=NN=C2C=CC=CC2=C1N=CC=C(C1=CC=CC=C1)C1=CC=CC=C1,SÍ,364.45,4.92
DB02984,0.95,0.0010709511535759528,DENTRO,COC1=CC2=C(C=C1OC)C(NC1=CC=CC(SC)=C1)=NC=N2,SÍ,327.41,4.11
DB03137,0.95,0.0007217029597889686,DENTRO,COC1=CC=C(OC)C(CC2=NC3=C(N=C(F)N=C3N)N2CCCC#C)=C1,SÍ,369.4,2.57
DB06605,0.95,0.0008377832074473085,DENTRO,COC1=CC=C(C=C1)N1N=C(C(N)=O)C2=C1C(=O)N(CC2)C1=CC=C(C=C1)N1CCCCC1=O,SÍ,459.51,2.7
DB00897,0.9463459730492009,0.001145074500043166,DENTRO,CC1=NN=C2CN=C(C3=CC=CC=C3Cl)C3=C(C=CC(Cl)=C3)N12,SÍ,343.22,4.23
DB06209,0.9463459730492009,0.0018210874015167796,DENTRO,Cl.CC(=O)OC1=CC2=C(CCN(C2)C(C(=O)C2CC2)C2=CC=CC=C2F)S1,SÍ,409.91,4.31
DB02550,0.9446476933669956,0.0014591251185088576,DENTRO,COC1=CC(CC2=NC3=C(N=C(F)N=C3N)N2CCCC#C)=C(Cl)C(OC)=C1OC,SÍ,433.87,3.23
DB03809,0.9446476933669956,0.0007604615173072667,DENTRO,CCCCN1C(CC2=CC=CC(OC)=C2)=NC2=C1N=CN=C2N,SÍ,311.39,2.81
DB01184,0.9400124586548501,0.000936309773218335,DENTRO,ClC1=CC2=C(C=C1)N(C1CCN(CCCN3C(=O)NC4=CC=CC=C34)CC1)C(=O)N2,SÍ,425.92,3.35
DB00234,0.94,0.0008924189058379063,DENTRO,CCOC1=CC=CC=C1OC(C1CNCCO1)C1=CC=CC=C1,SÍ,313.4,3.19
DB00276,0.94,0.001750763105580496,DENTRO,COC1=C(NC2=C3C=CC=CC3=NC3=CC=CC=C23)C=CC(NS(C)(=O)=O)=C1,SÍ,393.47,4.51
DB00288,0.94,0.0023469758884623335,DENTRO,CC(=O)OCC(=O)C12OC3(CCCC3)OC1CC1C3CCC4=CC(=O)C=CC4(C)C3(F)C(O)CC21C,SÍ,502.58,3.52
DB00344,0.94,0.0031613846503921812,DENTRO,CNCCCC1C2=CC=CC=C2C=CC2=CC=CC=C12,SÍ,263.38,4.3
DB00401,0.94,0.0017394411714499085,DENTRO,COC(=O)C1=C(C)NC(C)=C(C1C1=CC=CC=C1[N+]([O-])=O)C(=O)OCC(C)C,SÍ,388.42,3.2
DB00525,0.94,0.001317045854359081,DENTRO,CN(C(=S)OC1=CC2=CC=CC=C2C=C1)C1=CC=CC(C)=C1,SÍ,307.42,4.95
DB00876,0.94,0.0014595228745723499,DENTRO,CCCCC1=NC=C(C=C(CC2=CC=CS2)C(O)=O)N1CC1=CC=C(C=C1)C(O)=O,SÍ,424.52,4.74
DB01166,0.94,0.0008014067282594466,DENTRO,O=C1CCC2=C(N1)C=CC(OCCCCC1=NN=NN1C1CCCCC1)=C2,SÍ,369.47,3.46
DB01228,0.94,0.000630049437537208,DENTRO,COC1=CC=C(C=C1)C(=O)NC1=CC=CC=C1C(C)CN1CCCCC1,SÍ,352.48,4.54
DB03504,0.94,0.0012160295785622506,DENTRO,CCCCN1C(CC2=CC(OC)=C(OC)C(OC)=C2Cl)=NC2=C1N=CN=C2N,SÍ,405.89,3.48
DB04764,0.94,0.0005259879096104272,DENTRO,NCC1=CC(=CC=C1)C1CCN(CC1)C(=O)C1=CN=CC(CCC2=CC=CC=C2)=C1,SÍ,399.54,4.35
DB05083,0.94,0.001344298882370499,DENTRO,CC1=CC(C=CC#N)=CC(C)=C1NC1=NC(NC2=CC=C(C=C2)C#N)=NC=C1,SÍ,366.43,4.99
DB01295,0.9346476933669956,0.0009192876487335775,DENTRO,COC1=C(OC)C=C(CCNCC(O)COC2=CC=CC(C)=C2)C=C1,SÍ,345.44,2.58
DB04842,0.9322447622214832,0.0015930779777843973,DENTRO,FC1=CC=C(C=C1)C(CCCN1CCC2(CC1)N(CNC2=O)C1=CC=CC=C1)C1=CC=C(F)C=C1,SÍ,475.58,5.31
DB00913,0.93,0.0010044659206995786,DENTRO,CCOC(=O)C1(CCN(CCC2=CC=C(N)C=C2)CC1)C1=CC=CC=C1,SÍ,352.48,3.41
DB00269,0.93,0.0009768239284686127,DENTRO,COC1=CC=C(C=C1)C(Cl)=C(C1=CC=C(OC)C=C1)C1=CC=C(OC)C=C1,SÍ,380.87,5.87
DB00559,0.93,0.0009762401290405224,DENTRO,COC1=CC=CC=C1OC1=C(NS(=O)(=O)C2=CC=C(C=C2)C(C)(C)C)N=C(N=C1OCCO)C1=NC=CC=N1,SÍ,551.63,4.2
DB00619,0.93,0.0024290620493055927,DENTRO,CN1CCN(CC1)CC1=CC=C(C=C1)C(=O)NC1=CC(NC2=NC=CC(=N2)C2=CN=CC=C2)=C(C)C=C1,SÍ,493.62,4.59
DB00663,0.93,0.00241373738873126,DENTRO,CC1CC2C3CC(F)C4=CC(=O)C=CC4(C)C3(F)C(O)CC2(C)C1(O)C(=O)COC(=O)C(C)(C)C,SÍ,494.58,3.44
DB00700,0.93,0.0025984018709415396,DENTRO,COC(=O)C1CC2=CC(=O)CCC2(C)C23OC2CC2(C)C(CCC22CCC(=O)O2)C13,SÍ,414.5,3.12
DB01074,0.93,0.007331919773473335,DENTRO,C1CCC(CC1)C(CC1CCCCN1)C1CCCCC1,SÍ,277.5,5.3
DB01196,0.93,0.002065994598115053,DENTRO,CC12CCC3C(CCC4=C3C=CC(OC(=O)N(CCCl)CCCl)=C4)C1CCC2O,SÍ,440.41,5.18
DB04844,0.93,0.0014465309248251528,DENTRO,COC1=C(OC)C=C2C3CC(=O)C(CC(C)C)CN3CCC2=C1,SÍ,317.43,3.24
DB04967,0.93,0.0010913925492396608,DENTRO,CCN(CC)CCNC1=C2C(=O)C3=CC=CC=C3SC2=C(C)C=C1,SÍ,340.49,4.48
DB02359,0.93,0.0007873880985534758,DENTRO,CCCCN1C(CC2=CC(OC)=CC=C2OC)=NC2=C1N=CN=C2N,SÍ,341.42,2.82
DB03261,0.93,0.0024290620493055927,DENTRO,CN1CCN(CC1)CC1=CC=C(C=C1)C(=O)NC1=CC=C(C)C(NC2=NC=CC(=N2)C2=CC=CN=C2)=C1,SÍ,493.62,4.59
DB04867,0.93,0.001415320419239332,DENTRO,OC(=O)CN1C(=CC2=CC=CC=C12)C(=O)NC1=NC(=CS1)C1=CC=CC=C1Cl,SÍ,411.87,4.76
DB05298,0.9268924555884789,0.0010337499191569203,DENTRO,CCOC1=C(OCC)C=C(C=C1)C1=NC(=CS1)C1=NC(=CC=C1)C(O)=O,SÍ,370.43,4.37
DB05197,0.926345973049201,0.0017915702427546793,DENTRO,CC(C)=CCOC1=CC=C(C=C1)C=CC(=O)C1=C(OCC(O)=O)C=C(OCC=C(C)C)C=C1,SÍ,450.53,5.74
DB02915,0.9246476933669956,0.0013507025711496853,DENTRO,CC1=NC(C)=C(S1)C1=CC=NC(NC2=CC=C(C=C2)C(F)(F)F)=N1,SÍ,350.37,4.98
DB04886,0.9246476933669956,0.0015974592455333977,DENTRO,CCCC1=CC(=O)OC2=C1C1=C(C=CC(C)(C)O1)C1=C2C(O)C(C)C(C)O1,SÍ,370.45,4.38
DB04724,0.9216180936202133,0.0005756592877449694,DENTRO,CNC(=O)C(CC1=CC2=CC=CC=C2C=C1)N1CCC(=O)N(CC2=CNC3=CC=CC=C3C2)C(CC(C)C)C1=O,SÍ,538.69,4.52
DB02300,0.92,0.0024039175027419264,DENTRO,CC(C=CC(O)C1CC1)C1CCC2C1(C)CCCC2=CC=C1CC(O)CC(O)C1=C,SÍ,412.61,5.09
DB00683,0.92,0.0008632204603101134,DENTRO,CC1=NC=C2CN=C(C3=CC=CC=C3F)C3=C(C=CC(Cl)=C3)N12,SÍ,325.77,4.32
DB00240,0.92,0.0020142740052549405,DENTRO,CCC(=O)OCC(=O)C1(OC(=O)CC)C(C)CC2C3C(Cl)CC4=CC(=O)C=CC4(C)C3C(O)CC12C,SÍ,521.05,3.94
DB00283,0.92,0.0016009231798788416,DENTRO,CN1CCCC1CCOC(C)(C1=CC=CC=C1)C1=CC=C(Cl)C=C1,SÍ,343.9,5.1
DB00370,0.92,0.0011779257644810035,DENTRO,CN1CCN2C(C1)C1=CC=CC=C1CC1=C2N=CC=C1,SÍ,265.36,2.48
DB00799,0.92,0.0010636835521002808,DENTRO,CCOC(=O)C1=CN=C(C=C1)C#CC1=CC2=C(SCCC2(C)C)C=C1,SÍ,351.47,4.43
DB00838,0.92,0.002114535152629319,DENTRO,CC1CC2C3CC(F)C4=CC(=O)C=CC4(C)C3(Cl)C(O)CC2(C)C1C(=O)COC(=O)C(C)(C)C,SÍ,495.03,4.6
DB00845,0.92,0.0017188559224813559,DENTRO,CC(C)N=C1C=C2N(C3=CC=C(Cl)C=C3)C3=CC=CC=C3N=C2C=C1NC1=CC=C(Cl)C=C1,SÍ,473.41,7.49
DB01130,0.92,0.0019465027855838574,DENTRO,CCOC(=O)OC1(CCC2C3CCC4=CC(=O)C=CC4(C)C3C(O)CC12C)C(=O)COC(=O)CC,SÍ,488.58,3.7
DB01138,0.92,0.0011823531932532135,DENTRO,O=C1C(CCS(=O)C2=CC=CC=C2)C(=O)N(N1C1=CC=CC=C1)C1=CC=CC=C1,SÍ,404.49,3.8
DB01268,0.92,0.001104016271495238,DENTRO,CCN(CC)CCNC(=O)C1=C(C)NC(C=C2C(=O)NC3=C2C=C(F)C=C3)=C1C,SÍ,398.48,3.33
DB01622,0.92,0.0012443481889575442,DENTRO,CN1CCN(CCCN2C3=CC=CC=C3SC3=C2C=C(C=C3)S(=O)(=O)N(C)C)CC1,SÍ,446.64,3.18
DB01809,0.92,0.0011377242135464662,DENTRO,CC1=CC=C(C=C1)C1=NN(C2=C1C(N)=NC=N2)C(C)(C)C,SÍ,281.36,3.14
DB04884,0.9193733313987299,0.0012529627086918143,DENTRO,CN(C)C(CCOC1=CC=CC2=CC=CC=C12)C1=CC=CC=C1,SÍ,305.42,4.91
DB04115,0.9163459730492007,0.0016073193885619312,DENTRO,COC1=CC=C2C=C3C4=CC5=C(OCO5)C=C4CC[N+]3=CC2=C1OC,SÍ,336.37,3.1
DB00546,0.9146476933669956,0.0007230408107329785,DENTRO,CN(C)CC1=NN=C2CN=C(C3=CC=CC=C3)C3=C(C=CC(Cl)=C3)N12,SÍ,351.84,3.33
DB04960,0.9146476933669956,0.0009552880771702676,DENTRO,CN1C=NC=C1C(N)(C1=CC=C(Cl)C=C1)C1=CC2=C(C=C1)N(C)C(=O)C=C2C1=CC(Cl)=CC=C1,SÍ,489.41,5.5
DB00246,0.91,0.0009011847870068616,DENTRO,ClC1=C(CCN2CCN(CC2)C2=NSC3=CC=CC=C23)C=C2CC(=O)NC2=C1,SÍ,412.95,3.81
DB00298,0.91,0.0011702807356922642,DENTRO,CC1=CC=CC=C1N1CCN(CC1)CCC1=NN=C2CCCCN12,SÍ,325.46,2.29
DB00317,0.91,0.000849990112683923,DENTRO,COC1=C(OCCCN2CCOCC2)C=C2C(NC3=CC(Cl)=C(F)C=C3)=NC=NC2=C1,SÍ,446.91,4.28
DB00735,0.91,0.0021653037387661146,DENTRO,CN(CC=CC1=CC=CC=C1)CC1=CC=CC2=CC=CC=C12,SÍ,287.41,4.99
DB00924,0.91,0.0011680123927492287,DENTRO,CN(C)CCC=C1C2=CC=CC=C2C=CC2=CC=CC=C12,SÍ,275.4,4.55
DB00990,0.91,0.002125345766896122,DENTRO,CC12CCC3C(CC(=C)C4=CC(=O)C=CC34C)C1CCC2=O,SÍ,296.41,4.03
DB01054,0.91,0.0018891189252201917,DENTRO,CCOC(=O)C1=C(C)NC(C)=C(C1C1=CC(=CC=C1)[N+]([O-])=O)C(=O)OC,SÍ,360.37,2.57
DB01148,0.91,0.0007439243808396214,DENTRO,CC1=C(OC2=C(C=CC=C2C(=O)OCCN2CCCCC2)C1=O)C1=CC=CC=C1,SÍ,391.47,4.41
DB01393,0.91,0.0013194071946927444,DENTRO,CC(C)(OC1=CC=C(CCNC(=O)C2=CC=C(Cl)C=C2)C=C1)C(O)=O,SÍ,361.83,3.55
DB01410,0.91,0.002406386453228674,DENTRO,CC(C)C(=O)OCC(=O)C12OC(OC1CC1C3CCC4=CC(=O)C=CC4(C)C3C(O)CC21C)C1CCCCC1,SÍ,540.7,4.7
DB01791,0.91,0.000763768983586575,DENTRO,COC1=CC=C(C=C1OC1CCCC1)C(=O)NC1=C(Cl)C=NC=C1Cl,SÍ,381.26,4.97
DB03600,0.91,0.0042570205725833985,DENTRO,CCCCCCCCCC(O)=O,SÍ,172.27,3.21
DB03838,0.91,0.0042570205725833985,DENTRO,CCCCCCCCCC(O)=O,SÍ,172.27,3.21
DB05252,0.91,0.0008187805688567602,DENTRO,CCOC(=O)C(C)OC1=CC=C(OC2=NC3=C(O2)C=C(Cl)C=C3)C=C1,SÍ,361.78,4.6
DB06429,0.91,0.0013949681142598944,DENTRO,CCC(NC(=O)C1=C(O)C(=NC2=CC=CC=C12)C1=CC=CC=C1)C1=CC=CC=C1,SÍ,382.46,5.49
DB01553,0.906345973049201,0.0013671273817513958,DENTRO,ClC1=CC2=C(NC(=O)CN3CCOC23C2=CC=CC=C2Cl)C=C1,SÍ,349.22,3.48
DB01106,0.905008022927823,0.0019141524947625544,DENTRO,CC1CN(CCC1(C(O)=O)C1=CC=CC=C1)C1CCC(CC1)(C#N)C1=CC=C(F)C=C1,SÍ,420.53,4.89
DB00813,0.9046476933669956,0.0012675956846856292,DENTRO,CCC(=O)N(C1CCN(CC1)CCC1=CC=CC=C1)C1=CC=CC=C1,SÍ,336.48,4.14
DB00691,0.9046476933669956,0.0016680873664973424,DENTRO,CCOC(=O)C(CCC1=CC=CC=C1)NC(C)C(=O)N1CC2=CC(OC)=C(OC)C=C2CC1C(O)=O,SÍ,498.58,2.58
DB06220,0.9046476933669956,0.0012675956846856292,DENTRO,OC(=O)CC(O)(CC(O)=O)C(O)=O.CCC(=O)N(C1CCN(CC1)CCC1=CC=CC=C1)C1=CC=CC=C1,SÍ,528.6,2.89
DB05853,0.9046476933669956,0.0012675956846856292,DENTRO,CCC(=O)N(C1CCN(CC1)CCC1=CC=CC=C1)C1=CC=CC=C1,SÍ,336.48,4.14
DB00136,0.9,0.0026432318683033123,DENTRO,CC(CCCC(C)(C)O)C1CCC2C(CCCC12C)=CC=C1CC(O)CC(O)C1=C,SÍ,416.65,5.7
DB00962,0.9,0.0013269360945512895,DENTRO,CCN(C(C)=O)C1=CC=CC(=C1)C1=CC=NC2=C(C=NN12)C#N,SÍ,305.34,2.64
DB00343,0.9,0.001143034355199781,DENTRO,COC1=CC=C(C=C1)C1SC2=CC=CC=C2N(CCN(C)C)C(=O)C1OC(C)=O,SÍ,414.53,3.37
DB00655,0.9,0.0018793616500902945,DENTRO,CC12CCC3C(CCC4=C3C=CC(O)=C4)C1CCC2=O,SÍ,270.37,3.82
DB01205,0.9,0.0015804940850241596,DENTRO,CCOC(=O)C1=C2CN(C)C(=O)C3=C(C=CC(F)=C3)N2C=N1,SÍ,303.29,1.77
DB04575,0.9,0.0028391716663123106,DENTRO,CC12CCC3C(CCC4=C3C=CC(OC3CCCC3)=C4)C1CCC2(O)C#C,SÍ,364.53,5.23
DB01691,0.9,0.001284682646914403,DENTRO,CN(CC1=CN(C)C2=C1C=CC=C2)C(=O)C=CC1=CN=C2NC(=O)CCC2=C1,SÍ,374.44,3.13
DB03062,0.9,0.001574452242282736,DENTRO,CN1C=CN=C1C(=O)C1=C(C)C2=C(O1)C=CC=C2OCCCNCC1=CC=CN=C1,SÍ,404.47,3.66
DB03072,0.9,0.0005000362373385307,DENTRO,CC1=CC=CC2=C1N=C(CCCN1CCC(=CC1)C1=CC=C(F)C=C1)NC2=O,SÍ,377.46,4.09
DB03825,0.9,0.0009740770559700081,DENTRO,CCNC1=CC2=C(C=C1C)C(C1=CC=CC=C1C(=O)OCC)=C1C=C(C)C(C=C1O2)=[NH+]CC,SÍ,443.57,4.43
DB04859,0.9,0.0013826367820669334,DENTRO,O=C(CCC1CCN(CC1)CC1=CC=CC=C1)C1=CC2=C(CCCCN2)C=C1,SÍ,376.54,5.31
DB04879,0.9,0.001555384203063304,DENTRO,ClC1=CC=C(NC2=NN=C(CC3=CC=NC=C3)C3=CC=CC=C23)C=C1,SÍ,346.82,5.01
DB05314,0.9,0.0026432318683033123,DENTRO,CC(CCCC(C)(C)O)C1CCC2C1(C)CCCC2=CC=C1CC(O)CC(O)C1=C,SÍ,416.65,5.7
DB05416,0.9,0.003171986446906954,DENTRO,CC1=C(OCC(O)=O)C=CC(SCC2=C(C)N=C(S2)C2=CC=C(C=C2)C(F)(F)F)=C1,SÍ,453.51,6.2
DB03585,0.8963459730492009,0.0010015437408890525,DENTRO,CCCCC1C(=O)N(N(C1=O)C1=CC=C(O)C=C1)C1=CC=CC=C1,SÍ,324.38,3.49
DB02567,0.8963459730492009,0.0015693884823810415,DENTRO,CSC1=CC=CC(NC2=NC=C3C=C(C(=O)N(C)C3=N2)C2=C(Cl)C=CC=C2Cl)=C1,SÍ,443.36,5.77
DB00991,0.8946476933669956,0.000745528012587692,DENTRO,OC(=O)CCC1=NC(C2=CC=CC=C2)=C(O1)C1=CC=CC=C1,SÍ,293.32,4.03
DB01462,0.89,0.0010654124184237327,DENTRO,CCOC1=CC=C(CC2=NC3=C(C=CC(=C3)[N+]([O-])=O)N2CCN(CC)CC)C=C1,SÍ,396.49,4.28
DB00208,0.89,0.002660042320705737,DENTRO,ClC1=CC=CC=C1CN1CCC2=C(C1)C=CS2,SÍ,263.79,3.96
DB00340,0.89,0.0018752324760315372,DENTRO,CN1CCCC(CC2C3=CC=CC=C3SC3=CC=CC=C23)C1,SÍ,309.48,5.02
DB00387,0.89,0.0020068247723539845,DENTRO,OC(CCN1CCCC1)(C1CCCCC1)C1=CC=CC=C1,SÍ,287.45,3.94
DB00758,0.89,0.0019411931400460242,DENTRO,COC(=O)C(N1CCC2=C(C1)C=CS2)C1=CC=CC=C1Cl,SÍ,321.83,3.67
DB00969,0.89,0.00092289459183849,DENTRO,CN1C2=CC=CC=C2C2=C1CCN(CC1=C(C)NC=N1)C2=O,SÍ,294.36,2.41
DB00977,0.89,0.002579076813566722,DENTRO,CC12CCC3C(CCC4=C3C=CC(O)=C4)C1CCC2(O)C#C,SÍ,296.41,3.61
DB01097,0.89,0.002544723744959132,DENTRO,CC1=C(C=NO1)C(=O)NC1=CC=C(C=C1)C(F)(F)F,SÍ,270.21,3.25
DB01357,0.89,0.0023969629889084476,DENTRO,COC1=CC2=C(C=C1)C1CCC3(C)C(CCC3(O)C#C)C1CC2,SÍ,310.44,3.92
DB00580,0.89,0.001392693730226222,DENTRO,CC1=C(C2=CC=C(C=C2)S(N)(=O)=O)C(=NO1)C1=CC=CC=C1,SÍ,314.37,2.96
DB04154,0.89,0.0014465083220883117,DENTRO,CN(C(C)=O)C1=CC=CC(=C1)C1=NN=C2C=CC(=NN12)C1=CC=CC=C1,SÍ,343.39,3.44
DB01656,0.89,0.0013288569463914693,DENTRO,FC(F)OC1=C(OCC2CC2)C=C(C=C1)C(=O)NC1=C(Cl)C=NC=C1Cl,SÍ,403.21,5.03
DB05414,0.89,0.00156456207638114,DENTRO,CC1=C(N(CC2=CC=C(OCCN3CCCCC3)C=C2)C2=C1C=C(O)C=C2)C1=CC=C(O)C=C1,SÍ,456.59,5.94
DB00719,0.8894587212311904,0.0009534871310315565,DENTRO,CN1CCC(CC1)=C1C2=CC=CC=C2CCC2=C1N=CC=C2,SÍ,290.41,3.71
DB04254,0.8892953867339912,0.0007132979406638804,DENTRO,CCCCN1C(CC2=CC=C3OCOC3=C2)=NC2=C1N=C(F)N=C2N,SÍ,343.36,2.67
DB01395,0.8872261210895682,0.0030209208470472616,DENTRO,CC12CCC(=O)C=C1C1CC1C1C2CCC2(C)C1C1CC1C21CCC(=O)O1,SÍ,366.5,4.31
DB05708,0.8872261210895682,0.000758638165158516,DENTRO,Cl.Cl.COC1=CC(OC)=C(C=C1)C=C1CCCN=C1C1=CN=CC=C1,SÍ,381.3,4.61
DB04946,0.8846476933669956,0.0010427276666170812,DENTRO,COC1=C(OCCCN2CCC(CC2)C2=NOC3=C2C=CC(F)=C3)C=CC(=C1)C(C)=O,SÍ,426.49,4.83
DB06274,0.8836664856056491,0.0021721756700309233,DENTRO,CC1CN(CCC1(C)C1=CC(O)=CC=C1)CC(CC1=CC=CC=C1)C(=O)NCC(O)=O,SÍ,424.54,3.05
DB00472,0.88,0.0021998020439012835,DENTRO,CNCCC(OC1=CC=C(C=C1)C(F)(F)F)C1=CC=CC=C1,SÍ,309.33,4.44
DB00706,0.88,0.0012374969365204977,DENTRO,CCOC1=CC=CC=C1OCCNC(C)CC1=CC(=C(OC)C=C1)S(N)(=O)=O,SÍ,408.52,2.34
DB00941,0.88,0.0018830470629727558,DENTRO,[Br-].[Br-].C[N+](C)(CCCCCC[N+](C)(C)C1C2=CC=CC=C2C2=CC=CC=C12)C1C2=CC=CC=C2C2=CC=CC=C12,SÍ,662.55,2.25
DB01091,0.88,0.00181009942209357,DENTRO,CN(CC1=CC=C(C=C1)C(C)(C)C)CC1=CC=CC2=CC=CC=C12,SÍ,317.48,5.77
DB01776,0.88,0.0039594691191036264,DENTRO,CC1=CC=CC(O)=C1,SÍ,108.14,1.7
DB03771,0.88,0.0010357347694297902,DENTRO,CN(CC=C)CC=CCOC1=CC2=C(C=C1)C(=CO2)C1=CC=C(Br)C=C1,SÍ,412.33,5.92
DB04505,0.88,0.001242044638607196,DENTRO,COC1=CC(CC2=NC3=C(N=CN=C3N)N2CCCC#C)=C(Cl)C(OC)=C1OC,SÍ,415.88,3.09
DB04669,0.88,0.001502929741380701,DENTRO,BrC1=CC=CC(=C1)C1=CC(NCC2=CC=NC=C2)=[N+]2NC=NC2=N1,SÍ,382.25,2.98
DB04690,0.88,0.0007693679760165727,DENTRO,CCC1(O)C(=O)OCC2=C1C=C1N(CC3=CC4=CC=CC=C4N=C13)C2=O,SÍ,348.36,2.08
DB04892,0.88,0.0008992013907619624,DENTRO,CN1CCC2(C)C1N(C)C1=C2C=C(OC(=O)NC2=CC=CC=C2)C=C1,SÍ,337.42,3.67
DB05884,0.88,0.0015172493216965939,DENTRO,CNC(=O)C1=C(OC2=CC(NS(C)(=O)=O)=C(OC(C)C)C=C12)C1=CC=C(F)C=C1,SÍ,420.46,3.76
DB00248,0.8776750517165246,0.0014374595661269017,DENTRO,CCNC(=O)N(CCCN(C)C)C(=O)C1CC2C(CC3=CNC4=CC=CC2=C34)N(CC=C)C1,SÍ,451.62,3.19
DB01493,0.8746476933669957,0.003360892496696504,DENTRO,CCC1(O)CCC2C3CCC4=CCCCC4C3CCC12C,SÍ,288.48,5.09
DB00482,0.8746476933669957,0.0021215680589301636,DENTRO,CC1=CC=C(C=C1)C1=CC(=NN1C1=CC=C(C=C1)S(N)(=O)=O)C(F)(F)F,SÍ,381.38,3.51
DB05871,0.8746476933669957,0.000973415923493634,DENTRO,CC(C)=CCOC1=C(Cl)C=CC(NC(=S)C2=C(C)OC=C2)=C1,SÍ,335.86,5.37
DB01153,0.8730273583495289,0.0018285530305398273,DENTRO,ClC1=CC(Cl)=C(C=C1)C(CN1C=CN=C1)OCC1=CSC2=C1C=CC=C2Cl,SÍ,437.78,7.02
DB00434,0.8722447622214833,0.001330710810618497,DENTRO,CN1CCC(CC1)=C1C2=CC=CC=C2C=CC2=CC=CC=C12,SÍ,287.41,4.7
DB01616,0.8722447622214833,0.001382057333557703,DENTRO,CCN(CCCC1=CC=CC=C1)CCCC1=CC=CC=C1,SÍ,281.44,4.57
DB00253,0.87,0.0023570920757522923,DENTRO,CC1CC2C3CCC(C(C)=O)C3(C)CC(O)C2C2(C)CCC(=O)C=C12,SÍ,344.5,3.94
DB00294,0.87,0.0022512519585057332,DENTRO,CCC12CC(=C)C3C(CCC4=CC(=O)CCC34)C1CCC2(O)C#C,SÍ,324.46,4.05
DB00530,0.87,0.0011755911785263464,DENTRO,COCCOC1=C(OCCOC)C=C2C(NC3=CC=CC(=C3)C#C)=NC=NC2=C1,SÍ,393.44,3.41
DB00762,0.87,0.0015296226711239613,DENTRO,CCC1=C2CN3C(=O)C4=C(C=C3C2=NC2=C1C=C(OC(=O)N1CCC(CC1)N1CCCCC1)C=C2)C(O)(CC)C(=O)OC4,SÍ,586.69,4.09
DB00782,0.87,0.0015842463261310467,DENTRO,CC(C)[N+](C)(CCOC(=O)C1C2=CC=CC=C2OC2=CC=CC=C12)C(C)C,SÍ,368.5,4.73
DB00821,0.87,0.0013047106450063122,DENTRO,CC(C(O)=O)C1=CC2=C(C=C1)C1=C(N2)C=CC(Cl)=C1,SÍ,273.72,4.16
DB01151,0.87,0.0017678299071355531,DENTRO,CNCCCN1C2=CC=CC=C2CCC2=CC=CC=C12,SÍ,266.39,3.53
DB01221,0.87,0.001292818538508728,DENTRO,CNC1(CCCCC1=O)C1=CC=CC=C1Cl,SÍ,237.73,2.9
DB01586,0.87,0.003647891444105271,DENTRO,CC(CCC(O)=O)C1CCC2C3C(O)CC4CC(O)CCC4(C)C3CCC12C,SÍ,392.58,4.48
DB01591,0.87,0.0016496694734509315,DENTRO,OC(=O)CCC(O)=O.O=C(OC1CN2CCC1CC2)N1CCC2=CC=CC=C2C1C1=CC=CC=C1,SÍ,480.56,3.8
DB03083,0.87,0.0009786579514631144,DENTRO,COC1=CC(OC)=C(C=C2C(=O)NC3=CC=CC=C23)C(OC)=C1,SÍ,311.34,3.21
DB03367,0.87,0.0011724527164482619,DENTRO,OC(=O)CC(NC(=O)C1=CC(=CS1)C1=CC=C(C=C1)C1=CC=NC=C1)C1=CC=CC=C1,SÍ,428.51,5.42
DB03878,0.87,0.0017280144638996758,DENTRO,CC1=CC=C(NC(=O)C2=CC=CN=C2)C=C1NC1=NC=CC(=N1)C1=CC=CN=C1,SÍ,382.43,4.24
DB04888,0.87,0.0011442638784169915,DENTRO,O=C1NC2=C(O1)C(=CC=C2)N1CCN(CC1)CC1=CC(=CC=C1)C1=CC=CC=C1,SÍ,385.47,4.11
DB06216,0.87,0.0012448192217120626,DENTRO,OC(=O)C=CC(O)=O.CN1CC2C(C1)C1=C(OC3=CC=CC=C23)C=CC(Cl)=C1,SÍ,401.85,3.97
DB00807,0.8646476933669957,0.0009441144413633058,DENTRO,CCCOC1=C(N)C=C(C=C1)C(=O)OCCN(CC)CC,SÍ,294.4,2.56
DB06148,0.8646476933669957,0.0012314183021340077,DENTRO,CN1CCN2C(C1)C1=CC=CC=C1CC1=CC=CC=C21,SÍ,264.37,3.08
DB03849,0.8646476933669957,0.001101874280255142,DENTRO,COC1=CC=C(C=C1OC1CCCC1)C1(CCC(CC1)C(O)=O)C#N,SÍ,343.42,4.05
DB03980,0.8646476933669957,0.0006631730591895557,DENTRO,NC1=NC=CC(=N1)C1=C(N=CN1CC1CC1)C1=CC=C(F)C=C1,SÍ,309.35,3.14
DB00748,0.8630273583495289,0.000980741872859159,DENTRO,CN(C)CCOC(C1=CC=C(Cl)C=C1)C1=CC=CC=N1,SÍ,290.79,3.4
DB01532,0.86,0.001359256721667871,DENTRO,CC(CC1=CC=CC=C1)N1CCC(CC1)N(C(C)=O)C1=CC=CC=C1,SÍ,336.48,4.14
DB00223,0.86,0.002245225076333508,DENTRO,CC1CC2C3CC(F)C4=CC(=O)C=CC4(C)C3(F)C(O)CC2(C)C1(OC(C)=O)C(=O)COC(C)=O,SÍ,494.53,2.99
DB00568,0.86,0.0012524521894138598,DENTRO,C1CN(CCN1CC=CC1=CC=CC=C1)C(C1=CC=CC=C1)C1=CC=CC=C1,SÍ,368.52,5.11
DB00623,0.86,0.0009740062037906862,DENTRO,OCCN1CCN(CCCN2C3=CC=CC=C3SC3=C2C=C(C=C3)C(F)(F)F)CC1,SÍ,437.53,4.31
DB00662,0.86,0.0007929941995432255,DENTRO,COC1=CC(=CC(OC)=C1OC)C(=O)NCC1=CC=C(OCCN(C)C)C=C1,SÍ,388.46,2.58
DB01267,0.86,0.0006949412771009133,DENTRO,CC1=C(CCN2CCC(CC2)C2=NOC3=C2C=CC(F)=C3)C(=O)N2CCCC(O)C2=N1,SÍ,426.49,3.08
DB01614,0.86,0.001031005820271914,DENTRO,CN(C)CCCN1C2=CC=CC=C2SC2=C1C=C(C=C2)C(C)=O,SÍ,326.47,4.44
DB04948,0.86,0.0015296747378459577,DENTRO,CC(OC1=C(Cl)C=CC=C1Cl)C1=NCCN1,SÍ,259.14,2.76
DB02139,0.86,0.0008179063657985978,DENTRO,CN(CC=C)CC=CCOC1=CC2=C(C=C1F)C(=NN2C)C1=CC=C(Br)C=C1,SÍ,444.35,5.19
DB03023,0.86,0.0010574959156460849,DENTRO,CC(C)(C)N1[NH+]=C(C2=CC=C(Cl)C=C2)C2=C1N=CN=C2N,SÍ,302.79,2.9
DB03619,0.86,0.003679438517694218,DENTRO,CC(CCC(O)=O)C1CCC2C3CCC4CC(O)CCC4(C)C3CC(O)C12C,SÍ,392.58,4.48
DB04054,0.86,0.0008230451832774341,DENTRO,CCCCN1C(CC2=CC(OC)=CC=C2OC)=NC2=C1N=C(F)N=C2N,SÍ,359.41,2.96
DB04591,0.86,0.0011144919627992435,DENTRO,FC(F)(CNC1=NC=CC2=C1N=C(CC1=CC=CC=C1N1C=NC=N1)O2)C1CCCCN1,SÍ,439.47,3.58
DB04797,0.86,0.0016783675665237399,DENTRO,CC(C)C1=NN=C2C=CC(=CN12)C1=C(N=CO1)C1=CC=C(F)C=C1,SÍ,322.34,4.31
DB00902,0.8572261210895682,0.001576629445126352,DENTRO,CN1CCC(C1)CN1C2=CC=CC=C2SC2=CC=CC=C12,SÍ,296.44,4.24
DB00858,0.85,0.003089012993385717,DENTRO,CCC(=O)OC1CCC2C3CCC4CC(=O)C(C)CC4(C)C3CCC12C,SÍ,360.54,5.17
DB00448,0.85,0.0013969158642174384,DENTRO,CC1=C(OCC(F)(F)F)C=CN=C1CS(=O)C1=NC2=CC=CC=C2N1,SÍ,369.37,3.52
DB00465,0.85,0.0008941034065985489,DENTRO,OC(=O)C1CCN2C1=CC=C2C(=O)C1=CC=CC=C1,SÍ,255.27,2.29
DB00728,0.85,0.002890914459419934,DENTRO,CC(=O)OC1C(CC2C3CCC4CC(O)C(CC4(C)C3CCC12C)N1CCOCC1)[N+]1(CCCC1)CC=C,SÍ,529.79,4.41
DB00825,0.85,0.003681088244852233,DENTRO,CC(C)C1CCC(C)CC1O,SÍ,156.27,2.44
DB01114,0.85,0.0012285567460573387,DENTRO,CN(C)CCC(C1=CC=C(Cl)C=C1)C1=CC=CC=N1,SÍ,274.8,3.82
DB01115,0.85,0.0020225038187132657,DENTRO,COC(=O)C1=C(C)NC(C)=C(C1C1=CC=CC=C1[N+]([O-])=O)C(=O)OC,SÍ,346.34,2.18
DB01217,0.85,0.0013599731703495706,DENTRO,CC(C)(C#N)C1=CC(=CC(CN2C=NC=N2)=C1)C(C)(C)C#N,SÍ,293.37,2.93
DB04880,0.85,0.0015556242595975928,DENTRO,CSC1=CC=C(C=C1)C(=O)C1=C(C)NC(=O)N1,SÍ,248.31,1.96
DB04822,0.85,0.001418685757186461,DENTRO,CCN(CC)CCOCCOC(=O)C(CC)(CC)C1=CC=CC=C1,SÍ,335.49,3.65
DB01988,0.85,0.0012657166667953605,DENTRO,C1CN(CC(CC2=CC=CC=C2)N1)C1=NN=C(C2=CC3=CC=CC=C3C=C2)C(=C1)C1=CC=NC=C1,SÍ,457.58,5.38
DB03678,0.85,0.0010228142818952152,DENTRO,CC(NC1=NC=NC2=C1C=C(F)C(F)=C2)C(C1=CC=CC=C1)C1=CC=CC=C1,SÍ,375.42,5.54
DB04903,0.85,0.0009432314699150652,DENTRO,CC(C)CCC(=O)CC1N(C(=O)C2=CC=CC=C12)C1=NC2=C(C=CC(Cl)=N2)C=C1,SÍ,407.9,5.38
DB05318,0.85,0.0023638323680663805,DENTRO,COC1=C(O)C=CC(CNC(=O)CCCCC=CC(C)C)=C1,SÍ,305.42,3.79
DB00420,0.8489239488607859,0.0014641249583610431,DENTRO,CN(C)CCCN1C2=CC=CC=C2SC2=CC=CC=C12,SÍ,284.43,4.24
DB00279,0.8476750517165247,0.0054219056792459315,DENTRO,NC(CC1=CC(I)=C(OC2=CC(I)=C(O)C=C2)C(I)=C1)C(O)=O,SÍ,650.98,3.95
DB00867,0.8472261210895682,0.0018082090520826878,DENTRO,CC(NCCC1=CC=C(O)C=C1)C(O)C1=CC=C(O)C=C1,SÍ,287.36,2.35
DB02187,0.8463459730492009,0.001706911308822502,DENTRO,CC12CCC3C(=CCC4=CC(O)=CC=C34)C1CCC2=O,SÍ,268.36,3.74
DB01571,0.8446476933669956,0.0014403375860071854,DENTRO,CCC(=O)N(C1CCN(CCC2=CC=CC=C2)CC1C)C1=CC=CC=C1,SÍ,350.51,4.38
DB01429,0.8446476933669956,0.00110051657122541,DENTRO,CCN(CC)CCCN(C1CC2=CC=CC=C2C1)C1=CC=CC=C1,SÍ,322.5,4.39
DB05105,0.8446476933669956,0.002214248501895756,DENTRO,CC1=NOC(CCCOC2=C(C)C=C(C=C2C)C2=NOC(=N2)C(F)(F)F)=C1,SÍ,381.35,4.68
DB00392,0.843943080100987,0.0014740078364057648,DENTRO,CCN(CC)C(C)CN1C2=CC=CC=C2SC2=CC=CC=C12,SÍ,312.48,5.02
DB04006,0.8430273583495291,0.0012001673722507374,DENTRO,NC1=C(N2C=C(C=CC2=N1)C(=O)C1=C(F)C=CC=C1F)C(=O)C1=CC=CC=C1,SÍ,377.35,3.66
DB06623,0.8422447622214833,0.0008324102619601376,DENTRO,CCOC(=O)NC1=C(N)N=C(NCC2=CC=C(F)C=C2)C=C1,SÍ,304.32,2.98
DB01215,0.84,0.0011332336188279986,DENTRO,ClC1=CC2=C(C=C1)N1C=NN=C1CN=C2C1=CC=CC=C1,SÍ,294.75,3.27
DB00286,0.84,0.001804712840559727,DENTRO,[Na+].CC12CCC3C(CCC4=C3C=CC(OS([O-])(=O)=O)=C4)C1CCC2=O,SÍ,372.42,-0.05
DB00603,0.84,0.0026277683898069545,DENTRO,CC1CC2C(CCC3(C)C2CCC3(O)C(C)=O)C2(C)CCC(=O)C=C12,SÍ,344.5,4.08
DB00633,0.84,0.0011766914517383252,DENTRO,CC(C1=CN=CN1)C1=CC=CC(C)=C1C,SÍ,200.28,3.18
DB00697,0.84,0.002722647385459315,DENTRO,ClC1=C(NC2=NCCN2)C2=NSN=C2C=C1,SÍ,253.72,1.72
DB00815,0.84,0.005228582889746546,DENTRO,[Na+].CCCCCCCCCCCCOS([O-])(=O)=O,SÍ,288.38,0.39
DB01013,0.84,0.0024842769753632248,DENTRO,CCC(=O)OC1(C(C)CC2C3CCC4=CC(=O)C=CC4(C)C3(F)C(O)CC12C)C(=O)CCl,SÍ,466.98,4.1
DB01023,0.84,0.001809590468583408,DENTRO,CCOC(=O)C1=C(C)NC(C)=C(C1C1=C(Cl)C(Cl)=CC=C1)C(=O)OC,SÍ,384.26,3.96
DB01108,0.84,0.0023744155092529783,DENTRO,CC12CCC3C(CCC45OC4C(O)=C(CC35C)C#N)C1CCC2O,SÍ,329.44,3.47
DB01245,0.84,0.0030290966107960164,DENTRO,C[N+](C)(C)CCCCCCCCCC[N+](C)(C)C,SÍ,258.49,3.52
DB01339,0.84,0.003245891262200936,DENTRO,[Br-].CC(=O)OC1CC2CCC3C(CCC4(C)C3CC(C4OC(C)=O)[N+]3(C)CCCCC3)C2(C)CC1N1CCCCC1,SÍ,637.74,2.97
DB04574,0.84,0.001804712840559727,DENTRO,C1CNCCN1.CC12CCC3C(CCC4=C3C=CC(OS(O)(=O)=O)=C4)C1CCC2=O,SÍ,436.57,2.47
DB04861,0.84,0.0011057383503360711,DENTRO,OC(CNCC(O)C1CCC2=C(O1)C=CC(F)=C2)C1CCC2=C(O1)C=CC(F)=C2,SÍ,405.44,2.36
DB01865,0.84,0.0014832190584351736,DENTRO,CN(CC1=CC2=C(C=CC=C2)N1C)C(=O)C=CC1=CC=C(N)N=C1,SÍ,320.4,2.83
DB02659,0.84,0.003761994643606456,DENTRO,CC(CCC(O)=O)C1CCC2C3C(O)CC4CC(O)CCC4(C)C3CC(O)C12C,SÍ,408.58,3.45
DB03010,0.84,0.0016380667897828375,DENTRO,CC1CCCC2(C)OC2CC(OC(=O)CC(O)C(C)(C)C(=O)C(C)C1O)C(C)=CC1=CSC(C)=N1,SÍ,507.69,4.48
DB03701,0.84,0.0009474007777593415,DENTRO,[O-][N+](=O)C1=CC(=C(NN=C(CCl)C2=CC=CC=C2)C=C1)[N+]([O-])=O,SÍ,334.72,3.56
DB03967,0.84,0.005228582889746546,DENTRO,CCCCCCCCCCCCOS(O)(=O)=O,SÍ,266.4,3.73
DB04258,0.84,0.003247786748315451,DENTRO,CCC(O)(CC)C=CC=CC(C)C1CCC2C(CCCC12C)=CC=C1CC(O)CC(O)C1=C,SÍ,454.7,6.43
DB04982,0.84,0.0006279646439906702,DENTRO,CC1CC2=CC3=C(OCO3)C=C2C(=NN1C(C)=O)C1=CC=C(N)C=C1,SÍ,337.38,2.54
DB00857,0.8376750517165246,0.002212097316634596,DENTRO,CN(CC=CC#CC(C)(C)C)CC1=CC=CC2=CC=CC=C12,SÍ,291.44,4.88
DB05339,0.8363459730492009,0.0007575378286165248,DENTRO,Cl.C(CNCC1COC2=CC=CC=C2O1)COC1=CC2=C(OCO2)C=C1,SÍ,379.84,3.04
DB01557,0.8346476933669956,0.0013971730363152909,DENTRO,CCC(=O)N(C1CCN(CC1)C(C)CC1=CC=CC=C1)C1=CC=CC=C1,SÍ,350.51,4.53
DB00701,0.8346476933669956,0.0015859550366643176,DENTRO,CC(C)CN(CC(O)C(CC1=CC=CC=C1)NC(=O)OC1CCOC1)S(=O)(=O)C1=CC=C(N)C=C1,SÍ,505.64,2.4
DB01431,0.8346476933669956,0.003294642697327534,DENTRO,CC12CCC3C(CCC4=CCCCC34)C1CCC2(O)CC=C,SÍ,300.49,5.26
DB02010,0.8346476933669956,0.0024520963295588485,DENTRO,CNC1CC2OC(C)(C1OC)N1C3=C(C=CC=C3)C3=C1C1=C(C4=C(C=CC=C4)N21)C1=C3CNC1=O,SÍ,466.54,4.35
DB04856,0.8346476933669956,0.0012270367287388053,DENTRO,CCCCCN(CCCOC)C(=O)C(CCC(O)=O)NC(=O)C1=CC(Cl)=C(Cl)C=C1,SÍ,461.39,4.01
DB00406,0.8330273583495291,0.0010508387428823937,DENTRO,CN(C)C1=CC=C(C=C1)C(C1=CC=C(C=C1)N(C)C)=C1C=CC(C=C1)=[N+](C)C,SÍ,372.54,4.46
DB04739,0.8330273583495291,0.002458382457866673,DENTRO,CN1CCN(CC1)CC1=CC=C(C=C1)C(=O)NC1=CC=CC(NC2=NC=CC(=N2)C2=CN=CC=C2)=C1,SÍ,479.59,4.28
DB01601,0.833027358349529,0.0021162274513779073,DENTRO,CC(C)C(N1CCCNC1=O)C(=O)NC(CC(O)C(CC1=CC=CC=C1)NC(=O)COC1=C(C)C=CC=C1C)CC1=CC=CC=C1,SÍ,628.81,4.33
DB00740,0.8322447622214832,0.004446776738155177,DENTRO,NC1=NC2=C(S1)C=C(OC(F)(F)F)C=C2,SÍ,234.2,2.78
DB01251,0.8309936664161964,0.0014571552454078365,DENTRO,COC1=CC2=C(C=C1)C(C)(C)C(=O)N(CCC1=CC=C(C=C1)S(=O)(=O)NC(=O)NC1CCCCC1)C2=O,SÍ,527.64,3.52
DB00323,0.83,0.0017129617373381743,DENTRO,CC1=CC=C(C=C1)C(=O)C1=CC(=C(O)C(O)=C1)[N+]([O-])=O,SÍ,273.24,2.55
DB00519,0.83,0.001070127502358587,DENTRO,CCOC(=O)C(CCC1=CC=CC=C1)NC(C)C(=O)N1C2CCCCC2CC1C(O)=O,SÍ,430.55,2.77
DB00600,0.83,0.0017676647884622217,DENTRO,OC1=CC=C(OCC2=CC=CC=C2)C=C1,SÍ,200.24,2.97
DB00654,0.83,0.0028639019491651808,DENTRO,CC(C)OC(=O)CCCC=CCC1C(O)CC(O)C1CCC(O)CCC1=CC=CC=C1,SÍ,432.6,4.19
DB00665,0.83,0.003142448312148303,DENTRO,CC1(C)NC(=O)N(C1=O)C1=CC(=C(C=C1)[N+]([O-])=O)C(F)(F)F,SÍ,317.22,2.45
DB00734,0.83,0.0008651733670080983,DENTRO,CC1=C(CCN2CCC(CC2)C2=NOC3=C2C=CC(F)=C3)C(=O)N2CCCCC2=N1,SÍ,410.49,3.59
DB00767,0.83,0.0015122034235017096,DENTRO,CCN(CC)C(=O)C1CN2CCC3=CC(OC)=C(OC)C=C3C2CC1OC(C)=O,SÍ,404.51,2.42
DB00810,0.83,0.001762170447621076,DENTRO,OC(CCN1CCCCC1)(C1CC2CC1C=C2)C1=CC=CC=C1,SÍ,311.47,3.96
DB01064,0.83,0.0019078759558514566,DENTRO,CC(C)NCC(O)C1=CC(O)=C(O)C=C1,SÍ,211.26,1.13
DB01605,0.83,0.002229368244063515,DENTRO,CC(C)(C)C(=O)OCOC(=O)C1N2C(SC1(C)C)C(N=CN1CCCCCC1)C2=O,SÍ,439.58,2.41
DB01623,0.83,0.0013368527691657662,DENTRO,CN1CCN(CCC=C2C3=CC=CC=C3SC3=C2C=C(C=C3)S(=O)(=O)N(C)C)CC1,SÍ,443.64,3.47
DB01954,0.83,0.0009533011566464182,DENTRO,COC1=CC=C(C=C1OC1CCCC1)C1CNC(=O)C1,SÍ,275.35,2.62
DB03606,0.83,0.0009533011566464182,DENTRO,COC1=CC=C(C=C1OC1CCCC1)C1CNC(=O)C1,SÍ,275.35,2.62
DB03672,0.83,0.001959815560536235,DENTRO,C1CCC2=C(C1)N=C1C=CC=CC1=C2NCC1=CC=CC=C1,SÍ,288.39,4.73
DB04149,0.83,0.0009533011566464182,DENTRO,COC1=CC=C(C=C1OC1CCCC1)C1CNC(=O)C1,SÍ,275.35,2.62
DB04716,0.83,0.0010769574032756285,DENTRO,CC(C)(C)C1=NC2=C(N1)C1=C(C=C(F)C=C1)C1=C2C=CNC1=O,SÍ,309.34,3.99
DB04760,0.83,0.0009399303603857137,DENTRO,CC1=C(F)C=CC(CNC(=O)C2=CC(=NC=N2)C(=O)NCC2=CC(C)=C(F)C=C2)=C1,SÍ,410.42,3.23
DB00699,0.8292953867339912,0.0009146853551266019,DENTRO,COC12CC(COC(=O)C3=CC(Br)=CN=C3)CN(C)C1CC1=CN(C)C3=CC=CC2=C13,SÍ,484.39,3.91
DB05271,0.8246476933669956,0.0019271602635733895,DENTRO,CCCN(CCC1=CC=CS1)C1CCC2=C(C1)C=CC=C2O,SÍ,315.48,4.27
DB02848,0.8246476933669956,0.001374703686031413,DENTRO,CCOC1=CC2=C(C=C1OCC)C(NC1=CC=CC(=C1)C1=CSC(CO)=N1)=NC=N2,SÍ,422.51,4.79
DB01264,0.8235720941387692,0.0020813208862874057,DENTRO,CC(C)CN(CC(O)C(CC1=CC=CC=C1)NC(=O)OC1COC2OCCC12)S(=O)(=O)C1=CC=C(N)C=C1,SÍ,547.67,2.38
DB01125,0.8230407114939492,0.0007316214068836453,DENTRO,COC1=CC=C(C=C1)C1C(=O)C2=CC=CC=C2C1=O,SÍ,252.27,2.86
DB00162,0.8217740211469889,0.0022387266832099018,DENTRO,CC(C=CC=C(C)C=CC1=C(C)CCCC1(C)C)=CCO,SÍ,286.46,5.51
DB01476,0.8209936664161965,0.0012504744721021355,DENTRO,FC1=CC=CC=C1C12OCCN1CC(=O)NC1=C2C=C(Br)C=C1,SÍ,377.21,3.07
DB01475,0.82,0.001462119611021601,DENTRO,CCOC(=O)C(CCN1CCOCC1)(C1=CC=CC=C1)C1=CC=CC=C1,SÍ,353.46,3.26
DB00708,0.82,0.001761436172298925,DENTRO,CCC(=O)N(C1=CC=CC=C1)C1(CCN(CCC2=CC=CS2)CC1)COC,SÍ,386.56,4.21
DB01110,0.82,0.0023610630025448806,DENTRO,ClC1=CC(Cl)=C(COC(CN2C=CN=C2)C2=C(Cl)C=C(Cl)C=C2)C=C1,SÍ,416.14,6.45
DB01239,0.82,0.00182237065050448,DENTRO,CN(C)CCC=C1C2=CC=CC=C2SC2=C1C=C(Cl)C=C2,SÍ,315.87,5.19
DB01349,0.82,0.0011580762287752885,DENTRO,CC1=NC(C)=C2CCC(=O)N(CC3=CC=C(C=C3)C3=CC=CC=C3C3=NNN=N3)C2=N1,SÍ,411.47,3.42
DB06155,0.82,0.0015185714027858063,DENTRO,CC1=C(N(N=C1C(=O)NN1CCCCC1)C1=C(Cl)C=C(Cl)C=C1)C1=CC=C(Cl)C=C1,SÍ,463.8,5.94
DB03234,0.82,0.0010701137226534244,DENTRO,CN(CC=C)CC1=CC=C(C=C1)C1=CC=C(C=C1)C(=O)C1=CC=C(Br)C=C1,SÍ,420.35,5.96
DB03534,0.82,0.0010617482576820432,DENTRO,CN(CC1=CC(=CC=C1N)C(=O)N(C)CC1=CC2=C(C=CC=C2)N1C)C(C)=O,SÍ,378.48,3.01
DB05343,0.82,0.004235152263589846,DENTRO,CCCCCCC(CCC)C(O)=O,SÍ,186.29,3.46
DB00881,0.8192953867339913,0.001147062549308406,DENTRO,CCOC(=O)C(CCC1=CC=CC=C1)NC(C)C(=O)N1CC2=CC=CC=C2CC1C(O)=O,SÍ,438.52,2.57
DB01619,0.8192953867339913,0.0010701604095142226,DENTRO,CN1CCC2=C(C1)C(C1=CC=CC=C1)C1=CC=CC=C21,SÍ,261.37,3.92
DB00967,0.8178977635704938,0.0014106855749352518,DENTRO,ClC1=CC2=C(C=C1)C(=C1CCNCC1)C1=C(CC2)C=CC=N1,SÍ,310.83,4.02
DB04270,0.8176750517165248,0.001246151576044809,DENTRO,CCOC(CC1=CC=C(OCCN2C3=C(C=CC=C3)C3=C2C=CC=C3)C=C1)C(O)=O,SÍ,403.48,4.91
DB00925,0.8168924555884789,0.0011374795545693464,DENTRO,CC(COC1=CC=CC=C1)N(CCCl)CC1=CC=CC=C1,SÍ,303.83,4.19
DB00657,0.8146476933669956,0.0034816937619747187,DENTRO,CNC1(C)C2CCC(C2)C1(C)C,SÍ,167.3,2.42
DB01342,0.8146476933669956,0.001301341724529431,DENTRO,CCCCC1=NN(CC2=CN=C(C=C2)C2=CC=CC=C2C2=NNN=N2)C(CCCC)=N1,SÍ,416.53,4.25
DB03509,0.8146476933669956,0.0010445014628643287,DENTRO,NC(=O)C1=C2N=C(C=NC2=CC=C1)C1=CC=C(Cl)C=C1,SÍ,283.72,3.05
DB06536,0.8146476933669956,0.0009930859182175132,DENTRO,CCOC(CC1=CC=C(OCCC2=CC=C(OS(C)(=O)=O)C=C2)C=C1)C(O)=O,SÍ,408.47,2.68
DB06207,0.8136664856056491,0.0016612346308903197,DENTRO,CC(CC1=CC2=C(N(CCCO)CC2)C(=C1)C(N)=O)NCCOC1=CC=CC=C1OCC(F)(F)F,SÍ,495.54,3.07
DB00309,0.8135720941387692,0.0019492509534631843,DENTRO,CCC1(O)CC2CN(CCC3=C(NC4=CC=CC=C34)C(C2)(C(=O)OC)C2=C(OC)C=C3N(C)C4C(O)(C(O)C5(CC)C=CCN6CCC4(C56)C3=C2)C(N)=O)C1,SÍ,753.94,2.73
DB00376,0.8130273583495291,0.0022372038847560992,DENTRO,OC(CCN1CCCCC1)(C1CCCCC1)C1=CC=CC=C1,SÍ,301.47,4.33
DB01158,0.8130273583495291,0.002484297991543441,DENTRO,CC[N+](C)(C)CC1=CC=CC=C1Br,SÍ,243.17,3.05
DB01518,0.81,0.001362451016069439,DENTRO,CCOC(=O)C1(CCN(CCOCC2=CC=CC=C2)CC1)C1=CC=CC=C1,SÍ,367.49,3.8
DB00425,0.81,0.0017227638365903627,DENTRO,CN(C)C(=O)CC1=C(N=C2C=CC(C)=CN12)C1=CC=C(C)C=C1,SÍ,307.4,3.25
DB00507,0.81,0.001402783167562962,DENTRO,CC(=O)OC1=CC=CC=C1C(=O)NC1=NC=C(S1)[N+]([O-])=O,SÍ,307.29,2.23
DB00744,0.81,0.0010939897253170378,DENTRO,CC(N(O)C(N)=O)C1=CC2=CC=CC=C2S1,SÍ,236.3,2.73
DB01136,0.81,0.0021376090520276465,DENTRO,COC1=CC=CC=C1OCCNCC(O)COC1=CC=CC2=C1C1=CC=CC=C1N2,SÍ,406.48,3.74
DB01340,0.81,0.001081781597864563,DENTRO,O.CCOC(=O)C(CCC1=CC=CC=C1)NC1CCCN2CCCC(N2C1=O)C(O)=O,SÍ,435.52,0.77
DB01600,0.81,0.0009139718128486104,DENTRO,CC(C(O)=O)C1=CC=C(S1)C(=O)C1=CC=CC=C1,SÍ,260.31,3.17
DB01618,0.81,0.0013195748192109634,DENTRO,CCC1=C(C)NC2=C1C(=O)C(CC2)CN1CCOCC1,SÍ,276.38,1.96
DB01897,0.81,0.0010642041949388372,DENTRO,O=C1NNC(=O)C2=CC(=CC=C12)[N+]1=NC(C=CC2=CC=CC=C2)=NN1C1=NC2=C(S1)C=CC=C2,SÍ,466.51,2.85
DB02240,0.81,0.0009398715796005807,DENTRO,COC1=CC=C2NC3=CC(Cl)=CC=C3C(=NC(C)CCCN(CCCl)CCCl)C2=C1,SÍ,468.86,5.83
DB02448,0.81,0.005187180845194991,DENTRO,CCCCCCCCCCCCC(O)=O,SÍ,214.35,4.38
DB03507,0.81,0.001327789828538126,DENTRO,[O-][N+](=O)C1=CC=CC(=C1)C1=CC2=C(S1)C=C1N2C(=S)N(CCCN2CCOCC2)C1=O,SÍ,456.55,3.59
DB04759,0.81,0.0005246918405304563,DENTRO,CC1=CC(CNC(=O)C2=CC(=NC=N2)C(=O)NCC2=CC=CC(C)=C2)=CC=C1,SÍ,374.44,2.95
DB01436,0.8046476933669956,0.0028455086208628608,DENTRO,CC(C)CCCC(C)C1CCC2C1(C)CCCC2=CC=C1CC(O)CC(O)C1=C,SÍ,400.65,6.59
DB01439,0.8046476933669956,0.0016342206586448561,DENTRO,CCC(=O)N(C1CCN(CCC2=CC=CS2)CC1C)C1=CC=CC=C1,SÍ,356.54,4.44
DB00508,0.8046476933669956,0.0018354766310043253,DENTRO,CN(C)CCCN1C2=CC=CC=C2SC2=C1C=C(C=C2)C(F)(F)F,SÍ,352.43,5.26
DB01046,0.8046476933669956,0.0026799222929471418,DENTRO,CCCCC(F)(F)C1(O)CCC2C(CC(=O)C2CCCCCCC(O)=O)O1,SÍ,390.47,4.31
DB04209,0.8046476933669956,0.0029221313916886604,DENTRO,CC1=CC(N)=C2C=CC=CC2=[N+]1CCCCCCCCCC[N+]1=C(C)C=C(N)C2=C1C=CC=C2,SÍ,456.68,6.17
DB00239,0.803027358349529,0.0017388858925511059,DENTRO,ClC1=CC(Cl)=C(CON=C(CN2C=CN=C2)C2=C(Cl)C=C(Cl)C=C2)C=C1,SÍ,429.13,6.12
DB00714,0.8003046446659993,0.0017806502676962384,DENTRO,CN1CCC2=C3C1CC1=C(C3=CC=C2)C(O)=C(O)C=C1,SÍ,267.33,2.85
DB01529,0.8,0.0019277675985586674,DENTRO,CC(CN1CCOCC1)C(C(=O)N1CCCC1)(C1=CC=CC=C1)C1=CC=CC=C1,SÍ,392.54,3.56
DB00257,0.8,0.0021635564749162136,DENTRO,ClC1=CC=CC=C1C(N1C=CN=C1)(C1=CC=CC=C1)C1=CC=CC=C1,SÍ,344.85,5.38
DB00422,0.8,0.0012677520403160851,DENTRO,COC(=O)C(C1CCCCN1)C1=CC=CC=C1,SÍ,233.31,2.09
DB00505,0.8,0.0019341892176289342,DENTRO,CC[N+](CC)(CC)CCC(O)(C1CCCCC1)C1=CC=CC=C1,SÍ,318.52,4.72
DB00540,0.8,0.00318294195132651,DENTRO,CNCCC=C1C2=CC=CC=C2CCC2=CC=CC=C12,SÍ,263.38,3.83
DB00775,0.8,0.0013178823037311711,DENTRO,CCCCS(=O)(=O)NC(CC1=CC=C(OCCCCC2CCNCC2)C=C1)C(O)=O,SÍ,440.61,2.95
DB01430,0.8,0.0012918985268992734,DENTRO,FC1=CC=C(C=C1)C(N1CCN(CC1)C1=NC(NCC=C)=NC(NCC=C)=N1)C1=CC=C(F)C=C1,SÍ,477.56,4.26
DB02491,0.8,0.0010802164359651747,DENTRO,CC(C)(N)C1=CC=C(C=C1)C1=NC(NC2=CC=C(CCN3CCOCC3)C=C2)=NC=C1Cl,SÍ,452.0,4.61
DB02998,0.8,0.001922472985383956,DENTRO,CC1(O)CCC2C3CCC4=CC(=O)CCC4=C3C=CC12C,SÍ,284.4,3.72
DB03017,0.8,0.004800026109021357,DENTRO,CCCCCCCCCCCC(O)=O,SÍ,200.32,3.99
DB04865,0.8,0.0017413059533496387,DENTRO,COC(=O)CC(O)(CCCC(C)(C)O)C(=O)OC1C2C3=CC4=C(OCO4)C=C3CCN3CCCC23C=C1OC,SÍ,545.63,2.58
DB05013,0.8,0.0021835444813122877,DENTRO,CC=C(C)C(=O)OC1C(C)=CC23C(C)CC4C(C(C=C(CO)C(O)C12O)C3=O)C4(C)C,SÍ,430.54,2.33
DB05137,0.7992953867339913,0.001404430207641424,DENTRO,CN1C(CCCC1CC(=O)C1=CC=CC=C1)CC(O)C1=CC=CC=C1,SÍ,337.46,4.24
DB01012,0.7982197875057647,0.004485647691108214,DENTRO,CC(NCCCC1=CC(=CC=C1)C(F)(F)F)C1=CC=CC2=CC=CC=C12,SÍ,357.42,6.14
DB02680,0.7972261210895683,0.0025110587938090845,DENTRO,[O-][N+](=O)C1=CC(=CC=C1)[N+]([O-])=O,SÍ,168.11,1.5
DB00205,0.7970483831152546,0.0015396839600452371,DENTRO,CCC1=C(C(N)=NC(N)=N1)C1=CC=C(Cl)C=C1,SÍ,248.72,2.52
DB00393,0.7968924555884789,0.0017663217393573375,DENTRO,COCCOC(=O)C1=C(C)NC(C)=C(C1C1=CC(=CC=C1)[N+]([O-])=O)C(=O)OC(C)C,SÍ,418.45,2.97
DB00946,0.7968924555884789,0.0012038848928608448,DENTRO,CCC(C1=CC=CC=C1)C1=C(O)OC2=CC=CC=C2C1=O,SÍ,280.32,4.04
DB00209,0.796345973049201,0.0019052912662341874,DENTRO,OC(C(=O)OC1CC2CCC(C1)[N+]21CCCC1)(C1=CC=CC=C1)C1=CC=CC=C1,SÍ,392.52,3.77
DB01210,0.7963459730492007,0.0010121870450713077,DENTRO,CC(C)(C)NCC(O)COC1=CC=CC2=C1CCCC2=O,SÍ,291.39,2.33
DB03944,0.7946476933669956,0.0013763696588130737,DENTRO,COC1=CC=C(C=C1OC)C(=O)N1CCCC2=CC(=CC=C12)C1=NNC(=O)SC1C,SÍ,425.51,3.85
DB01731,0.7927756535500252,0.0012401438818241237,DENTRO,CN(C)CC(O)CN1C2=C(C=C(Br)C=C2)C2=C1C=CC(Br)=C2,SÍ,426.15,4.24
DB01712,0.7918738144565638,0.0014987976729223175,DENTRO,CCOC(=O)C(CC1=CC=CC=C1)NC(=O)C1CSCCN1S(=O)(=O)C1=CC=C(C)C=C1,SÍ,476.62,2.39
DB01523,0.79,0.0011556355220057677,DENTRO,CCN(CC)CCN1C(CC2=CC=C(Cl)C=C2)=NC2=C1C=CC(=C2)[N+]([O-])=O,SÍ,386.88,4.53
DB00449,0.79,0.0012457977533378761,DENTRO,CNCC(O)C1=CC(OC(=O)C(C)(C)C)=C(OC(=O)C(C)(C)C)C=C1,SÍ,351.44,2.84
DB00582,0.79,0.0012233970514032913,DENTRO,CC(C1=NC=NC=C1F)C(O)(CN1C=NC=N1)C1=C(F)C=C(F)C=C1,SÍ,349.32,2.18
DB00724,0.79,0.0026219450842708478,DENTRO,CC(C)CN1C=NC2=C1C1=CC=CC=C1N=C2N,SÍ,240.31,2.82
DB01399,0.79,0.001638530763206315,DENTRO,OC(=O)C1=CC=CC=C1OC(=O)C1=CC=CC=C1O,SÍ,258.23,2.31
DB04573,0.79,0.0021629607404165955,DENTRO,CC12CCC3C(CCC4=C3C=CC(O)=C4)C1CC(O)C2O,SÍ,288.39,2.58
DB04841,0.79,0.0012157493321641795,DENTRO,FC1=CC=C(C=C1)C(N1CCN(CC1)CC=CC1=CC=CC=C1)C1=CC=C(F)C=C1,SÍ,404.5,5.39
DB05265,0.79,0.0025240143706364427,DENTRO,[Na+].CC(C)C1=C(C=C2C(CCC3C(C)(CCCC23C)C(O)=O)=C1)S([O-])(=O)=O,SÍ,402.49,0.81
DB02754,0.79,0.0014576288776477712,DENTRO,CCCCN1C(CC2=CC(OC)=C(OC)C(OC)=C2)=NC2=C1N=CN=C2N,SÍ,371.44,2.83
DB05095,0.79,0.0012886886444985618,DENTRO,COC1=C(F)C=C(C=C1)C1=C(Cl)N=CN1C1=CC=C(C=C1)S(N)(=O)=O,SÍ,381.82,2.99
DB05375,0.79,0.0021629607404165955,DENTRO,CC12CCC3C(CCC4=C3C=CC(O)=C4)C1CC(O)C2O,SÍ,288.39,2.58
DB03895,0.787979696382524,0.0009863418297237341,DENTRO,CN(C)C1=CC=C(C=C1)C(C1=CC=CC=C1)=C1C=CC(C=C1)=[N+](C)C,SÍ,329.47,4.39
DB03388,0.7876750517165247,0.0023645678446942734,DENTRO,CC(C)N(C(=O)C1=C(Cl)C=C(Cl)C=C1)C1=C(SC(=C1)C1=CC=CC=C1)C(O)=O,SÍ,434.34,6.48
DB01453,0.7865215078235595,0.0012147829611041296,DENTRO,CCC(=O)N(C1CCN(CC1)CC(O)C1=CC=CC=C1)C1=CC=CC=C1,SÍ,352.48,3.63
DB01615,0.7846476933669956,0.0011511439022692865,DENTRO,CC(CN1C2=CC=CC=C2SC2=C1C=C(C=C2)C(C)=O)N(C)C,SÍ,326.47,4.44
DB00271,0.7836664856056491,0.005984578761752747,DENTRO,CC(=O)NC1=C(I)C(C(O)=O)=C(I)C(NC(C)=O)=C1I,SÍ,613.92,3.12
DB01007,0.783027358349529,0.0022149258572861145,DENTRO,ClC1=CC(Cl)=C(C=C1)C(CN1C=CN=C1)OCC1=C(Cl)SC=C1,SÍ,387.72,5.86
DB01570,0.7811692011905551,0.0013903952957472826,DENTRO,CCC(=O)N(C1CCN(CC1C)CC(O)C1=CC=CC=C1)C1=CC=CC=C1,SÍ,366.51,3.87
DB00213,0.78,0.001350735840677797,DENTRO,COC1=C(OC)C(CS(=O)C2=NC3=C(N2)C=C(OC(F)F)C=C3)=NC=C1,SÍ,383.38,2.88
DB00365,0.78,0.0013375622693132618,DENTRO,CC1CN(CCN1)C1=C(F)C(C)=C2C(=O)C(=CN(C3CC3)C2=C1)C(O)=O,SÍ,359.4,2.28
DB04819,0.78,0.0012057779892399403,DENTRO,Cl.CN(C)CCN(CC1=CC=CS1)C1=CC=CC=N1,SÍ,297.86,3.13
DB02400,0.78,0.0010666206307428064,DENTRO,COC1=CC(=O)C2=C(C1=O)C(COC1=CC=C(C=C1)[N+]([O-])=O)=C(C)N2C,SÍ,356.33,2.73
DB02457,0.78,0.0049452267457275574,DENTRO,CCCCCCCCCCCP(=O)OCCCC,SÍ,276.4,5.81
DB02767,0.78,0.004537576330475023,DENTRO,CCCCCCCCCCCC(O)CC(O)=O,SÍ,244.37,3.74
DB03916,0.78,0.0008829705879178219,DENTRO,CC1=CC=C(NC2=NC=CC(=N2)C2=CC=NC(=C2)N2CCN(CCN)CC2)C=C1Cl,SÍ,423.95,3.32
DB04009,0.78,0.0030077861354985344,DENTRO,COC(=O)CCC1=C(C)C2=CC3=C(C=C)C(C)=C4C=C5N6C(=CC7=C(C)C(CCC(=O)OC)=C8C=C1N2[Fe]6(N78)N34)C(C)=C5C=C,SÍ,644.55,2.5
DB05294,0.78,0.0007318721833443316,DENTRO,COC1=C(OCC2CCN(C)CC2)C=C2N=CN=C(NC3=C(F)C=C(Br)C=C3)C2=C1,SÍ,475.36,5.0
DB00841,0.7795488661730886,0.001934386204044602,DENTRO,CC(CCC1=CC=C(O)C=C1)NCCC1=CC(O)=C(O)C=C1,SÍ,301.39,2.96
DB04107,0.7793733313987299,0.0009472783505149246,DENTRO,CCOC(=O)CON=C(C1=CC=CC=N1)C1(CC1)C1=CC=C2N(C)C(CNC3=CC=C(C=C3)C(N)=N)=NC2=C1,SÍ,525.61,3.88
DB01470,0.7792953867339912,0.0016227629170016897,DENTRO,CCC(=O)N(C1CCN(CC1)C(C)CC1=CC=CS1)C1=CC=CC=C1,SÍ,356.54,4.59
DB00247,0.7792953867339912,0.0010969445197729008,DENTRO,CCC(CO)NC(=O)C1CN(C)C2CC3=CN(C)C4=CC=CC(C2=C1)=C34,SÍ,353.47,1.94
DB04093,0.7772261210895682,0.004789438550765598,DENTRO,CCCCCCCCCCC=O,SÍ,170.3,3.72
DB05104,0.7770076266943902,0.0012870288211933212,DENTRO,CN(C(CN1CCC(O)C1)C1=CC=CC=C1)C(=O)C(C1=CC=CC=C1)C1=CC=CC=C1,SÍ,414.55,4.08
DB01418,0.7756413597831922,0.000693734995326338,DENTRO,CC(=O)CC(C1=CC=C(C=C1)[N+]([O-])=O)C1=C(O)OC2=CC=CC=C2C1=O,SÍ,353.33,3.52
DB02546,0.7746476933669956,0.001415335772355226,DENTRO,ONC(=O)CCCCCCC(=O)NC1=CC=CC=C1,SÍ,264.32,2.47
DB02014,0.773027358349529,0.002026526560571451,DENTRO,COC(=O)C1=C(O)C=CC=C1OCC=CC1=CC=C(F)C(=C1)C1=CC(=NO1)C(O)=O,SÍ,413.36,3.76
DB00680,0.7722447622214833,0.0014462557172769772,DENTRO,CCOC(=O)NC1=CC2=C(SC3=CC=CC=C3N2C(=O)CCN2CCOCC2)C=C1,SÍ,427.53,4.11
DB00865,0.7717836695146657,0.0016211081370842801,DENTRO,CC(CC1=CC=CC=C1)N(C)CC1=CC=CC=C1,SÍ,239.36,3.75
DB01193,0.7709936664161965,0.001190951024777607,DENTRO,CCCC(=O)NC1=CC(C(C)=O)=C(OCC(O)CNC(C)C)C=C1,SÍ,336.43,2.37
DB01562,0.77,0.0012216237359671507,DENTRO,CC(=O)OC1(CCN(CCC2=CC=CC=C2)CC1)C1=CC=CC=C1,SÍ,323.44,3.78
DB00486,0.77,0.0020136572835961278,DENTRO,CCCCCCC(C)(C)C1=CC(O)=C2C3CC(=O)CCC3C(C)(C)OC2=C1,SÍ,372.55,6.26
DB00729,0.77,0.002238043430415783,DENTRO,COS([O-])(=O)=O.C[N+]1(C)CCC(CC1)=C(C1=CC=CC=C1)C1=CC=CC=C1,SÍ,389.52,3.45
DB00839,0.77,0.0014229369173073883,DENTRO,CC1=CC=C(C=C1)S(=O)(=O)NC(=O)NN1CCCCCC1,SÍ,311.41,1.77
DB01129,0.77,0.0010980704776765802,DENTRO,COCCCOC1=C(C)C(CS(=O)C2=NC3=CC=CC=C3N2)=NC=C1,SÍ,359.45,2.99
DB04794,0.77,0.0012640906347003425,DENTRO,C1=CC=C(C=C1)C(N1C=CN=C1)C1=CC=C(C=C1)C1=CC=CC=C1,SÍ,310.4,5.19
DB01688,0.77,0.005180805067145557,DENTRO,CC1=CC=C(O)C=C1,SÍ,108.14,1.7
DB01750,0.77,0.00203820922242756,DENTRO,OC(=O)CC1=CC=CC2=C1C=CC=C2,SÍ,186.21,2.47
DB02673,0.77,0.0016161720556174173,DENTRO,COC1=CC=C2C=[N+](CCCCCCCCN3C(=O)C4=CC=CC=C4C3=O)CCC34C=CC(O)CC3OC1=C24,SÍ,529.66,4.49
DB05288,0.77,0.0018648378840050127,DENTRO,CC(=O)OCC(=O)C1(O)CCC2C3CCC4=CC(=O)CCC4(C)C3=CCC12C,SÍ,386.49,3.3
DB04612,0.7676750517165246,0.0012837714252590241,DENTRO,CNC(C)C(=O)NC(C(=O)N1CC(CC1C(=O)NC1CCCC2=CC=CC=C12)OC1=CC=CC=C1)C(C)(C)C,SÍ,534.7,3.37
DB01406,0.7672261210895682,0.002474785158715908,DENTRO,CC12CC3=C(ON=C3)C=C1CCC1C2CCC2(C)C1CCC2(O)C#C,SÍ,337.46,4.22
DB00692,0.7646476933669956,0.0015045765228874487,DENTRO,CC1=CC=C(C=C1)N(CC1=NCCN1)C1=CC(O)=CC=C1,SÍ,281.36,2.84
DB06368,0.7646476933669956,0.0025136671526264556,DENTRO,NC1=NC2=C(N=CN2CCOCP(=O)(OCC(F)(F)F)OCC(F)(F)F)C(SC2=CC=CC=C2)=N1,SÍ,545.4,4.88
DB06195,0.7629618723396403,0.0011402679900545806,DENTRO,CCC(CO)NC1=NC(NCC2=CC=CC=C2)=C2N=CN(C(C)C)C2=N1,SÍ,354.46,3.2
DB00281,0.76,0.001477894731364178,DENTRO,CCN(CC)CC(=O)NC1=C(C)C=CC=C1C,SÍ,234.34,2.58
DB00367,0.76,0.002246754811238892,DENTRO,CCC12CCC3C(CCC4=CC(=O)CCC34)C1CCC2(O)C#C,SÍ,312.45,3.88
DB00506,0.76,0.002246754811238892,DENTRO,CCC12CCC3C(CCC4=CC(=O)CCC34)C1CCC2(O)C#C,SÍ,312.45,3.88
DB00622,0.76,0.0009153268588703623,DENTRO,COC(=O)C1=C(C)NC(C)=C(C1C1=CC(=CC=C1)[N+]([O-])=O)C(=O)OCCN(C)CC1=CC=CC=C1,SÍ,479.53,3.68
DB00645,0.76,0.0014083323235087432,DENTRO,CCCCOC1=CC=C(C=C1)C(=O)CCN1CCCCC1,SÍ,289.42,3.92
DB00722,0.76,0.0011550549218300374,DENTRO,NCCCCC(NC(CCC1=CC=CC=C1)C(O)=O)C(=O)N1CCCC1C(O)=O,SÍ,405.5,1.24
DB00770,0.76,0.0026783823475575587,DENTRO,CCCCCC(O)C=CC1C(O)CC(=O)C1CCCCCCC(O)=O,SÍ,354.49,3.48
DB00980,0.76,0.0011089106078699211,DENTRO,CCC(=O)NCCC1CCC2=C1C1=C(OCC1)C=C2,SÍ,259.35,2.57
DB01180,0.76,0.001257870956670062,DENTRO,COC1C(CC2CN3CCC4=C(NC5=C4C=CC(OC)=C5)C3CC2C1C(=O)OC)OC(=O)C=CC1=CC(OC)=C(OC)C(OC)=C1,SÍ,634.73,4.57
DB01195,0.76,0.0032949526739423233,DENTRO,FC(F)(F)COC1=CC(C(=O)NCC2CCCCN2)=C(OCC(F)(F)F)C=C1,SÍ,414.35,3.44
DB06439,0.76,0.0010026255369437128,DENTRO,CN(C(=O)COC1=CC=CC=C1)C1=CC=CC=C1C(=O)NCC1=CC=CO1,SÍ,364.4,3.25
DB02873,0.76,0.0020123924000408264,DENTRO,FC1=CC=C(C(F)=C1)C1=CC(=CC2=C1CNC(=O)N2C1=C(Cl)C=CC=C1Cl)N1CCNCC1,SÍ,489.35,5.71
DB03788,0.76,0.001328801789042885,DENTRO,CC1=CC(OCC(O)=O)=CC(C)=C1CC1=CC=C(O)C(CC2=CC=CC=C2)=C1,SÍ,376.45,4.65
DB03888,0.76,0.0009565325041108982,DENTRO,CN(CCCCCCOC1=CC=C2C(=C1)N(C)N=C2C1=CC=C(Br)C=C1)CC=C,SÍ,456.43,6.06
DB04032,0.76,0.0016466851165605652,DENTRO,CN(C)C1=CC=CC2=C1C=CC=C2S(=O)(=O)NCCCCNC(=O)C12CC3CC(CC(C3)C1)C2,SÍ,483.68,4.3
DB04787,0.76,0.001740285704128327,DENTRO,CN1C(=CC=C1C1=CC2=C(NC(=S)OC2(C)C)C=C1)C#N,SÍ,297.38,3.53
DB05291,0.76,0.001477894731364178,DENTRO,CCN(CC)CC(=O)NC1=C(C)C=CC=C1C,SÍ,234.34,2.58
DB05424,0.76,0.0010053471770358649,DENTRO,FC1=C(Cl)C=C(NC2=NC=NC3=CC(OCCCN4CCOCC4)=C(NC(=O)C=C)C=C23)C=C1,SÍ,485.95,4.39
DB00571,0.7599322725928579,0.002404091301878802,DENTRO,CC(C)NCC(O)COC1=CC=CC2=CC=CC=C12,SÍ,259.35,2.58
DB03322,0.7599322725928579,0.002404091301878802,DENTRO,CC(C)NCC(O)COC1=CC=CC2=C1C=CC=C2,SÍ,259.35,2.58
DB02615,0.7593733313987301,0.0011978763786766864,DENTRO,CC(COC1=CC=C(C=C1)C1OC2=CC=C(O)C=C2SC1C1=CC=C(O)C=C1)N1CCCC1,SÍ,463.6,5.93
DB02715,0.7593733313987301,0.0011978763786766864,DENTRO,CC(COC1=CC=C(C=C1)C1OC2=CC=C(O)C=C2SC1C1=CC=C(O)C=C1)N1CCCC1,SÍ,463.6,5.93
DB04873,0.7592953867339912,0.0012509777128329796,DENTRO,CCCCN1CCC(CC1)CNC(=O)C1=C2OCCCN2C2=CC=CC=C12,SÍ,369.51,3.67
DB00587,0.7590379191476028,0.0009927876989728399,DENTRO,CCC(CC)(CC(=O)NC1=CC=CC(C=CC2=NC(=CS2)C2CCC2)=C1)C(O)=O,SÍ,412.56,5.8
DB04770,0.757609565706636,0.0009047801632655686,DENTRO,CCC(CO)NC1=NC2=C(N=CN2C(C)C)C(OCC2=CC=CC=C2)=N1,SÍ,355.44,3.17
DB03903,0.757515174239756,0.000565576069540943,DENTRO,CN(C)C1=CCC2=C(C3=CC=C(C=C3OC2=C1)N(C)C)C1=CC=C(C=C1C(O)=O)N1C(=O)C=CC1=O,SÍ,483.52,3.81
DB05824,0.7572261210895682,0.00402831579160163,DENTRO,CSC1=CC(N=C(N)N(C)C2=CC(SC)=CC=C2)=C(Cl)C=C1,SÍ,351.93,4.87
DB02310,0.7568924555884788,0.0030490879587937655,DENTRO,CC1=CN=C2C(=C1)C(C)=C(C)C1=C2[N+](C)=CC(C)=C1,SÍ,251.35,3.45
DB00957,0.7563459730492009,0.0022814698178109535,DENTRO,CCC12CCC3C(CCC4=CC(CCC34)=NO)C1CCC2(OC(C)=O)C#C,SÍ,369.51,4.71
DB00287,0.7560547166990582,0.0031652541061708292,DENTRO,CC(C)OC(=O)CCCC=CCC1C(O)CC(O)C1C=CC(O)COC1=CC=CC(=C1)C(F)(F)F,SÍ,500.55,4.43
DB00983,0.7552721205710122,0.0014416168330943246,DENTRO,COC1=CC=C(CC(C)NCC(O)C2=CC(NC=O)=C(O)C=C2)C=C1,SÍ,344.41,2.22
DB01274,0.7552721205710122,0.0014416168330943246,DENTRO,COC1=CC=C(CC(C)NCC(O)C2=CC(NC=O)=C(O)C=C2)C=C1,SÍ,344.41,2.22
DB00557,0.7546476933669957,0.0020495227149066684,DENTRO,OCCOCCN1CCN(CC1)C(C1=CC=CC=C1)C1=CC=C(Cl)C=C1,SÍ,374.91,3.06
DB00809,0.7523227450835204,0.0010456304031270778,DENTRO,CCN(CC1=CC=NC=C1)C(=O)C(CO)C1=CC=CC=C1,SÍ,284.36,2.21
DB06090,0.7518738144565639,0.0017704240348409657,DENTRO,O=C(NC1C2CCN(CC2)C1CC1=CN=CC=C1)C1=CC2=CC=CC=C2O1,SÍ,361.45,3.26
DB00690,0.75,0.0010514766756040404,DENTRO,CCN(CC)CCN1C(=O)CN=C(C2=CC=CC=C2F)C2=C1C=CC(Cl)=C2,SÍ,387.89,4.0
DB01486,0.75,0.0020833831644586184,DENTRO,CC(N)C(O)C1=CC=CC=C1,SÍ,151.21,1.07
DB01489,0.75,0.0007309283975035711,DENTRO,CN(C)C(=O)OC1N=C(C2=CC=CC=C2)C2=C(C=CC(Cl)=C2)N(C)C1=O,SÍ,371.82,3.18
DB01536,0.75,0.002561997382341092,DENTRO,CC12CCC3C(CCC4=CC(=O)CCC34C)C1CCC2=O,SÍ,286.42,4.09
DB00315,0.75,0.0013720728963194347,DENTRO,CN(C)CCC1=CNC2=C1C=C(CC1COC(=O)N1)C=C2,SÍ,287.36,1.92
DB00394,0.75,0.0026076554192147176,DENTRO,CC1CC2C3CCC4=CC(=O)C=CC4(C)C3(Cl)C(O)CC2(C)C1(O)C(=O)CO,SÍ,408.92,2.17
DB00397,0.75,0.0020833831644586184,DENTRO,CC(N)C(O)C1=CC=CC=C1,SÍ,151.21,1.07
DB00547,0.75,0.0018716537753920327,DENTRO,CC1CC2C3CCC4=CC(=O)C=CC4(C)C3(F)C(O)CC2(C)C1C(=O)CO,SÍ,376.47,2.78
DB00981,0.75,0.0011669988538380992,DENTRO,CNC(=O)OC1=CC2=C(C=C1)N(C)C1N(C)CCC21C,SÍ,275.35,1.77
DB01070,0.75,0.0034133062909225236,DENTRO,CC(C)C(C)C=CC(C)C1CCC2C1(C)CCCC2=CC=C1CC(O)CCC1C,SÍ,398.68,7.72
DB01100,0.75,0.0014192149268147825,DENTRO,FC1=CC=C(C=C1)C(CCCN1CCC(CC1)N1C(=O)NC2=CC=CC=C12)C1=CC=C(F)C=C1,SÍ,461.56,5.86
DB01161,0.75,0.0009269777482725136,DENTRO,CCN(CC)CCOC(=O)C1=C(Cl)C=C(N)C=C1,SÍ,270.76,2.42
DB05453,0.75,0.0026076554192147176,DENTRO,CC1CC2C3CCC4=CC(=O)C=CC4(C)C3(Cl)C(O)CC2(C)C1(O)C(=O)CO,SÍ,408.92,2.17
DB01388,0.75,0.0010688248655702321,DENTRO,COCC(=O)OC1(CCN(C)CCCC2=NC3=CC=CC=C3N2)CCC2=C(C=CC(F)=C2)C1C(C)C,SÍ,495.64,5.27
DB04834,0.75,0.0034281813542145316,DENTRO,[Br-].CCC(=O)OC1C(CC2C3CCC4CC(OC(C)=O)C(CC4(C)C3CCC12C)N1CCCCC1)[N+]1(CCCCC1)CC=C,SÍ,677.81,3.92
DB02621,0.75,0.0013452861414846608,DENTRO,CC1CCC2CC(CC(O)(O2)C2CSC(=O)N2)OC(=O)C=C(C)CCC=CC=C1,SÍ,421.56,3.86
DB03523,0.75,0.001515810061376474,DENTRO,CC1=C(N=C2C=CC(F)=CC2=C1C(O)=O)C1=CC=C(C=C1)C1=CC=CC=C1F,SÍ,375.37,5.85
DB04257,0.75,0.004761875644927156,DENTRO,CCCCCCC=CCCCCCCCC(O)=O,SÍ,254.41,5.33
DB04405,0.75,0.0011927002957517981,DENTRO,CCOC1=CC=C(C=C1)C1=CC=C(C=C1)C(=O)CC(CCN1C(=O)C2=CC=CC=C2C1=O)C(O)=O,SÍ,471.51,4.71
DB03647,0.7488442147097814,0.0011901398184634387,DENTRO,CC(C)N(C(=O)C1=CC=C(C)C=C1)C1=C(SC(=C1)C1=CC=CC=C1)C(O)=O,SÍ,379.48,5.48
DB00297,0.748590735270684,0.0014251064407605897,DENTRO,CCCCN1CCCCC1C(=O)NC1=C(C)C=CC=C1C,SÍ,288.44,3.9
DB01002,0.748590735270684,0.0014251064407605897,DENTRO,CCCCN1CCCCC1C(=O)NC1=C(C)C=CC=C1C,SÍ,288.44,3.9
DB03477,0.7476750517165246,0.0020222901834193834,DENTRO,NS(=O)(=O)C1=CC=C(C=C1)N1N=C(C=C1C1=CC=C(Br)C=C1)C(F)(F)F,SÍ,446.25,3.97
DB04186,0.7463459730492009,0.0011255297191991955,DENTRO,O=C(NC1=CC=CC=N1)NC1=CC=CC2=C1C1CCCN1C2=O,SÍ,308.34,3.02
DB03626,0.7463459730492008,0.0008605872686101668,DENTRO,COC1=CC(=O)C2=C(C1=O)C(COC1=CC=CC=C1)=C(C)N2C,SÍ,311.34,2.82
DB01491,0.7446476933669957,0.0021414945059701346,DENTRO,CCC(=O)C(CC(C)N1CCCCC1)(C1=CC=CC=C1)C1=CC=CC=C1,SÍ,349.52,5.22
DB05719,0.7446476933669957,0.0016882141820045169,DENTRO,CN(NC(=O)CC(=O)NN(C)C(=S)C1=CC=CC=C1)C(=S)C1=CC=CC=C1,SÍ,400.53,2.05
DB04836,0.7433164114997168,0.0010829836861597788,DENTRO,[Cl-].OC(=O)CCCCCC[NH2+]C1C2=CC=CC=C2CCC2=CC=CC=C12,SÍ,373.92,0.48
DB00942,0.7422447622214833,0.0017709932531281211,DENTRO,OC(CCN1CCCCC1)(C1CCCC1)C1=CC=CC=C1,SÍ,287.45,3.94
DB00405,0.74,0.0013137978129469314,DENTRO,CN(C)CCC(C1=CC=C(Br)C=C1)C1=CC=CC=N1,SÍ,319.25,3.93
DB00421,0.74,0.003396607243770174,DENTRO,CC(=O)SC1CC2=CC(=O)CCC2(C)C2CCC3(C)C(CCC33CCC(=O)O3)C12,SÍ,416.58,4.85
DB00777,0.74,0.0011628068892550357,DENTRO,CCC(=O)C1=CC2=C(SC3=CC=CC=C3N2CC(C)N(C)C)C=C1,SÍ,340.49,4.83
DB00835,0.74,0.0013137978129469314,DENTRO,CN(C)CCC(C1=CC=C(Br)C=C1)C1=CC=CC=N1,SÍ,319.25,3.93
DB00863,0.74,0.0014268291734231828,DENTRO,CNC(NCCSCC1=CC=C(CN(C)C)O1)=C[N+]([O-])=O,SÍ,314.41,1.46
DB00979,0.74,0.000730381273329102,DENTRO,CN(C)CCOC(=O)C(C1=CC=CC=C1)C1(O)CCCC1,SÍ,291.39,2.18
DB01030,0.74,0.0008690824348884703,DENTRO,CCC1(O)C(=O)OCC2=C1C=C1N(CC3=CC4=C(C=CC(O)=C4CN(C)C)N=C13)C2=O,SÍ,421.45,1.85
DB01057,0.74,0.003914630014874511,DENTRO,[I-].CCOP(=O)(OCC)SCC[N+](C)(C)C,SÍ,383.23,-0.39
DB01612,0.74,0.004160427412220396,DENTRO,CC(C)CCON=O,SÍ,117.15,1.73
DB01946,0.74,0.002167016655447926,DENTRO,CN1C=C(C2=C1C=CC=C2)C1=C(C(=O)NC1=O)C1=CN(CCCN)C2=C1C=CC=C2,SÍ,398.47,3.05
DB02405,0.74,0.0048256160759677915,DENTRO,OC(=O)CCCCCCCCCCCBr,SÍ,279.22,4.37
DB03121,0.7399977968000451,0.0011572682434724997,DENTRO,COC1=CC=C2N(CC3=CC=CC=C3)C(C)=C(CC(O)=O)C2=C1,SÍ,309.37,3.63
DB03837,0.7383141789726447,0.0013781461799652428,DENTRO,CC(C)CC(NC(=O)N1CCOCC1)C(=O)NC(CCC1=CC=CC=C1)C=CS(=O)(=O)C1=CC=CC=C1,SÍ,527.69,3.55
DB04518,0.7376750517165246,0.0008332143084028634,DENTRO,CC1=NC(C)=C(S1)C1=CC=NC(NC2=CC=CC(O)=C2)=N1,SÍ,298.37,3.67
DB01237,0.7372261210895682,0.0011643283470929716,DENTRO,CN(C)CCOC(C1=CC=CC=C1)C1=CC=C(Br)C=C1,SÍ,334.26,4.12
DB04338,0.7363459730492008,0.0006611357632986951,DENTRO,NC1=NC=CC(=N1)C1=C(N=CN1C1CCNCC1)C1=CC=C(F)C=C1,SÍ,338.39,2.65
DB01502,0.7346476933669956,0.0012701013266262409,DENTRO,CCC(=O)N(CC(C)N(C)CCC1=CC=CC=C1)C1=CC=CC=C1,SÍ,324.47,3.99
DB01535,0.7346476933669956,0.0013746088516931512,DENTRO,CCC(=O)N(C1=CC=CC=C1)C1(CCN(CCC2=CC=CC=C2)CC1)C(=O)OC,SÍ,394.52,3.68
DB01545,0.7346476933669956,0.0009373552786493436,DENTRO,CCOC(=O)C1N=C(C2=CC=CC=C2F)C2=C(NC1=O)C=CC(Cl)=C2,SÍ,360.77,3.2
DB00532,0.7346476933669956,0.0012172288925462096,DENTRO,CCC1(NC(=O)N(C)C1=O)C1=CC=CC=C1,SÍ,218.26,1.47
DB03365,0.7346476933669956,0.0009810902235499878,DENTRO,COC1=CC2=C(C=C1OC)C(NC1=CC=CC(O)=C1)=NC=N2,SÍ,297.31,3.1
DB04608,0.7346476933669956,0.001264819379098414,DENTRO,OC1=CC2=C(NC3=C2C2=C(C(=O)NC2=O)C(=C3)C2=CC=CC=C2)C=C1,SÍ,328.33,3.58
DB01621,0.7334254299407951,0.0008905378246527908,DENTRO,CN(C)S(=O)(=O)C1=CC2=C(SC3=CC=CC=C3N2CCCN2CCC(CCO)CC2)C=C1,SÍ,475.68,4.02
DB02089,0.7330273583495291,0.0020416660020770487,DENTRO,ClC1=CC2=C(NC(=C2)C(=O)NCCOCCOCCNC(=O)C2=CC3=C(N2)C=CC(Cl)=C3)C=C1,SÍ,503.39,4.15
DB02001,0.7309936664161966,0.0012029534960927941,DENTRO,NC1=NC(N)=C2C(SC3=CC=C(C=C3)N3CCOCC3)=CC=CC2=N1,SÍ,353.45,2.78
DB00395,0.73,0.0014064508209975352,DENTRO,CCCC(C)(COC(N)=O)COC(=O)NC(C)C,SÍ,260.33,2.02
DB00843,0.73,0.0012040925413961032,DENTRO,COC1=C(OC)C=C2C(=O)C(CC3CCN(CC3)CC3=CC=CC=C3)CC2=C1,SÍ,379.5,4.36
DB01039,0.73,0.0013392880375052516,DENTRO,CC(C)OC(=O)C(C)(C)OC1=CC=C(C=C1)C(=O)C1=CC=C(Cl)C=C1,SÍ,360.84,4.68
DB01044,0.73,0.0012795294172308438,DENTRO,COC1=C2N(C=C(C(O)=O)C(=O)C2=CC(F)=C1N1CCNC(C)C1)C1CC1,SÍ,375.4,1.98
DB01365,0.73,0.002787949180782864,DENTRO,CNC(C)(C)CC1=CC=CC=C1,SÍ,163.26,2.23
DB01367,0.73,0.003039461157689307,DENTRO,C#CCNC1CCC2=CC=CC=C12,SÍ,171.24,1.9
DB02152,0.73,0.0022510831915660947,DENTRO,COC(=O)C1(O)CC2OC1(C)N1C3=C(C=CC=C3)C3=C1C1=C(C4=C(C=CC=C4)N21)C1=C3CNC1=O,SÍ,467.48,3.66
DB02277,0.73,0.0010518811065194883,DENTRO,CN1N=C(C=C1NC(=O)NC1=CC=C(Cl)C=C1)C(C)(C)C,SÍ,306.8,4.02
DB02360,0.73,0.0019061350172819298,DENTRO,OP(O)(=O)C(C(=O)C1=CC=C2C=CC=CC2=C1)C1=CC=CC2=C1C=CC=C2,SÍ,376.35,5.09
DB02955,0.73,0.004284212970670593,DENTRO,CCCCCCC(O)CC=CCCCCCCCC(O)=O,SÍ,298.47,5.08
DB03704,0.73,0.004263651740013963,DENTRO,OCCCCCCCCCCCC(O)=O,SÍ,216.32,2.96
DB03894,0.73,0.003039461157689307,DENTRO,C#CCNC1CCC2=CC=CC=C12,SÍ,171.24,1.9
DB04082,0.73,0.004974333287280668,DENTRO,CCCCCCCCCCOCO,SÍ,188.31,3.09
DB04709,0.73,0.001250806602629012,DENTRO,[O-][N+](=O)C1=CC=C(N2C(=O)C3C4CCC(CC4)C3C2=O)C2=CC=CC=C12,SÍ,350.37,3.67
DB06159,0.73,0.0007494340024233977,DENTRO,CCC1(O)C(=O)OCC2=C1C=C1N(CC3=C(C4=CC=CC=C4N=C13)[N+]([O-])=O)C2=O,SÍ,393.36,1.99
DB03466,0.7272261210895682,0.00162768935248871,DENTRO,CC1(C)CCC(C)(C)C2=C1C=CC(=C2)C(O)C1=CC2=C(C=C1)C=C(C=C2)C(O)=O,SÍ,388.51,5.97
DB02939,0.7246476933669956,0.0030611889111382506,DENTRO,C(CC1=CC=CC=C1)C=CC1=CC=CC=C1,SÍ,208.3,4.33
DB05154,0.7246476933669956,0.0026607068954066513,DENTRO,[O-][N+](=O)C1=CN2CC(COC2=N1)OCC1=CC=C(OC(F)(F)F)C=C1,SÍ,359.26,2.67
DB02292,0.7240210247657256,0.002100799830781988,DENTRO,NS(=O)(=O)OC1=CC=C2C(OC(=O)C3=C2CCCCC3)=C1,SÍ,309.34,1.64
DB00872,0.723027358349529,0.0021419899181399993,DENTRO,CC1=NC2=C(CCN(C(=O)C3=CC=C(NC(=O)C4=CC=CC=C4C4=CC=CC=C4)C=C3)C3=CC=CC=C23)N1,SÍ,498.59,6.51
DB01640,0.723027358349529,0.0011851487073969338,DENTRO,CC1CC(=O)NN=C1C1=CC=C(NC2=C(CC3=CC=CC(I)=C3)C(=O)CCC2)C=C1,SÍ,513.38,4.81
DB01511,0.7224131484031089,0.001230786476613171,DENTRO,ClC1=CC2=C(NC(=O)CN=C2C2=CC=CC=C2Cl)C=C1,SÍ,305.16,3.78
DB04234,0.7223227450835203,0.0011572960929014762,DENTRO,CCCCC(NC(=O)C(CC(C)C)NC(=O)OCC1=CC=C(Br)C=C1)C=O,SÍ,441.37,3.96
DB04833,0.7222447622214833,0.0013448100933332564,DENTRO,CC1=CC=CC=C1N1C(C)=NC2=CC=CC=C2C1=O,SÍ,250.3,3.0
DB01482,0.72,0.0011868452856843175,DENTRO,Cl.CC(CC1=CC=CC=C1)NCCN1C=NC2=C1C(=O)N(C)C(=O)N2C,SÍ,377.88,1.08
DB01559,0.72,0.0012385739485131077,DENTRO,CCC1=CC2=C(S1)N(C)C(=O)CN=C2C1=CC=CC=C1Cl,SÍ,318.83,3.78
DB00409,0.72,0.0009134685171975612,DENTRO,CCN1CCCC1CNC(=O)C1=C(OC)C=CC(Br)=C1OC,SÍ,371.28,2.68
DB00698,0.72,0.0025889040121766394,DENTRO,[O-][N+](=O)C1=CC=C(O1)C=NN1CC(=O)NC1=O,SÍ,238.16,0.07
DB00731,0.72,0.0014274400201770507,DENTRO,CC(C)C1CCC(CC1)C(=O)NC(CC1=CC=CC=C1)C(O)=O,SÍ,317.43,3.26
DB00772,0.72,0.002322957015038372,DENTRO,CCOC(=O)CC(SP(=S)(OC)OC)C(=O)OCC,SÍ,330.36,2.12
DB01134,0.72,0.0025582628778338347,DENTRO,CC(C)(C)C(=O)OCC(=O)C1CCC2C3CCC4=CC(=O)CCC4(C)C3CCC12C,SÍ,414.59,5.29
DB01146,0.72,0.001853403076771844,DENTRO,CN1CCC(CC1)OC(C1=CC=CC=C1)C1=CC=CC=C1,SÍ,281.4,3.89
DB01845,0.72,0.004419115691146784,DENTRO,CCCCC1=CC=CC=C1,SÍ,134.22,3.03
DB02339,0.72,0.0011463229744711814,DENTRO,CN(CCCCCCOC1=CC=C2C(OC=C2C2=CC=C(Br)C=C2)=C1)CC=C,SÍ,442.4,6.92
DB02656,0.72,0.00081312308626043,DENTRO,O=C1C=C(OC2=C1C=CC=C2C1=CC=CC=C1)N1CCOCC1,SÍ,307.35,3.3
DB03064,0.72,0.0025456226191192463,DENTRO,CCCCCCCCCCC1=C(O)C(=O)NC1=O,SÍ,253.34,2.99
DB04849,0.72,0.0016266223832323875,DENTRO,COC1=CC2=C(C=C1OCCCN1CCCC1)N=CN=C2OC1=C(F)C2=C(NC(C)=C2)C=C1,SÍ,450.51,5.22
DB03742,0.71937333139873,0.0013381474079999698,DENTRO,OC1=CC=C(C=C1)C1SC2=CC(O)=CC=C2OC1C1=CC=C(OCCN2CCCCC2)C=C1,SÍ,463.6,5.93
DB03604,0.7176750517165247,0.007753781144061377,DENTRO,OC(=O)CC1=CC(I)=C(OC2=CC=C(O)C(I)=C2)C(I)=C1,SÍ,621.93,4.63
DB02205,0.7156413597831921,0.0014400134281949035,DENTRO,CC(C)(O)C1CC2=CC3=C(OC(=O)C(=C3)C(C)(C)C=C)C=C2O1,SÍ,314.38,3.33
DB02004,0.7146476933669956,0.0006989301677940903,DENTRO,COC1=CC(=CC(OC)=C1)C1=NC(N)=C(CN)C(=N1)C1=CC=C(Cl)C=C1Cl,SÍ,405.29,4.18
DB01173,0.7130273583495291,0.0010428422426902156,DENTRO,CN(C)CCOC(C1=CC=CC=C1)C1=CC=CC=C1C,SÍ,269.39,3.66
DB01807,0.713027358349529,0.001457099398932761,DENTRO,CC(C)(C)C1=CC(N(N1)C1=CC=CC=C1)=NC(=O)NC1=CC=C(Cl)C=C1,SÍ,368.87,4.89
DB03480,0.713027358349529,0.0012152718381311346,DENTRO,CC1=C(N=C2C=CC(F)=CC2=C1C(O)=O)C1=CC=C(C=C1)C1=CC=CC=C1,SÍ,357.38,5.71
DB01976,0.7118738144565638,0.004232375658761592,DENTRO,NC1=CC=CC2=C1C=C1C=CC=CC1=C2,SÍ,193.25,3.58
DB00912,0.7109936664161965,0.0011002414624898082,DENTRO,CCOC1=C(C=CC(CC(=O)NC(CC(C)C)C2=CC=CC=C2N2CCCCC2)=C1)C(O)=O,SÍ,452.6,5.22
DB01081,0.71,0.0015608709737160377,DENTRO,CCOC(=O)C1(CCN(CC1)CCC(C#N)(C1=CC=CC=C1)C1=CC=CC=C1)C1=CC=CC=C1,SÍ,452.6,5.48
DB00524,0.71,0.001028076279801516,DENTRO,CC1NC2=CC(Cl)=C(C=C2C(=O)N1C1=CC=CC=C1C)S(N)(=O)=O,SÍ,365.84,2.71
DB01415,0.71,0.0026994123235742264,DENTRO,O.O.NC1=NC(=CS1)C(=CCC(O)=O)C(=O)NC1C2SCC=C(N2C1=O)C(O)=O,SÍ,446.46,-1.7
DB01878,0.71,0.001438973503491682,DENTRO,O=C(C1=CC=CC=C1)C1=CC=CC=C1,SÍ,182.22,2.92
DB02538,0.71,0.0020195641270302584,DENTRO,CC(=O)NC1=NC=CC(=N1)C1=C(C)N=C2C=CC=CN12,SÍ,267.29,2.06
DB02619,0.71,0.005460857814786873,DENTRO,OCCCCCCCCCCCCBr,SÍ,265.23,4.27
DB04480,0.71,0.0009664621182692271,DENTRO,CC1=CC=CC(=N1)C1=NN2CCCC2=C1C1=CC=C(F)C=C1,SÍ,293.34,4.01
DB04673,0.71,0.0023951149167520487,DENTRO,ClC1=CC2=C(NC(=C2)S(=O)(=O)N2CCN(CC2)C(=O)C2=NC=C(C=N2)C2=CC=NC=C2)C=C1,SÍ,482.95,2.82
DB05461,0.71,0.0014684935674265688,DENTRO,O.Cl.CCC(=O)NC1=C(C)C=C(C=C1C)C(=O)N1CCC(CC1)N(C)CCC1=CC=CC=C1,SÍ,476.06,4.03
DB03421,0.7092953867339912,0.0008131584192577379,DENTRO,O=C1NN(CCC2=CC=CC=C2)C(=O)C2=CC=CC=C12,SÍ,266.3,1.93
DB02617,0.7076750517165246,0.0014113883403792402,DENTRO,CCCCCCC(O)(CN1C=CN=C1)C1=CC=C(Cl)C=C1Cl,SÍ,341.28,5.05
DB02706,0.7072261210895683,0.0014019064332874195,DENTRO,OC(=O)C(=NC(=O)C(CS)CCC1=CC=CC=C1)C1=CC=C(CN2C=NN=N2)S1,SÍ,429.53,2.36
DB04513,0.7066938439551782,0.0017796681442669385,DENTRO,NCCCCCCNS(=O)(=O)C1=CC=CC2=C1C=CC=C2Cl,SÍ,340.88,3.29
DB02195,0.7050204157715085,0.0013690660784174834,DENTRO,ON1C2=C(N=CC=C2)C(C2=CC=C(F)C=C2)=C1C1=CC=NC=C1,SÍ,305.31,4.14
DB02354,0.704901172806093,0.002473177141081192,DENTRO,CN1C(CNC2=CC=C(C=C2)C(N)=N)=NC2=C1C=CC(CN1C(C)=NC3=C1C=CC=C3)=C2,SÍ,423.52,4.18
DB01459,0.7046476933669956,0.0015901359960290248,DENTRO,CCC(=O)N1C(=O)N(C2CCN(CC2)CCC(C#N)(C2=CC=CC=C2)C2=CC=CC=C2)C2=CC=CC=C12,SÍ,492.62,5.39
DB01461,0.7045675073050035,0.0012974096037494682,DENTRO,CCOC(C(=O)OCCN(C)C)(C1=CC=CC=C1)C1=CC=CC=C1,SÍ,327.42,3.07
DB03949,0.703039817004379,0.002359772842560951,DENTRO,OC(=O)C(CC1=CC=C(O)C=C1)NC(=O)C(CC1=CC=CC=C1)NC(=O)C(S)CC1=CC=CC=C1,SÍ,492.6,2.77
DB00214,0.7030273583495291,0.0010733422101668038,DENTRO,CC(C)NC(=O)NS(=O)(=O)C1=C(NC2=CC=CC(C)=C2)C=CN=C1,SÍ,348.43,2.53
DB03449,0.703027358349529,0.005241275035043403,DENTRO,ClC1=CC=CC(CNCCC2=CC=C(NC(=N)C3=CC=CS3)C=C2)=C1,SÍ,369.92,5.17
DB01544,0.7,0.0008016441075590984,DENTRO,CN1C(=O)CN=C(C2=CC=CC=C2F)C2=C1C=CC(=C2)[N+]([O-])=O,SÍ,313.29,2.55
DB00462,0.7,0.0031010445938316747,DENTRO,C[N+]1(C)C2CC(CC1C1OC21)OC(=O)C(CO)C1=CC=CC=C1,SÍ,318.39,1.06
DB00610,0.7,0.001603726176577004,DENTRO,CC(N)C(O)C1=CC(O)=CC=C1,SÍ,167.21,0.77
DB00989,0.7,0.0011763998494092624,DENTRO,CCN(C)C(=O)OC1=CC=CC(=C1)C(C)N(C)C,SÍ,250.34,2.76
DB01243,0.7,0.002445761833782655,DENTRO,OC1=C(Cl)C=C(Cl)C2=C1N=CC=C2,SÍ,214.05,3.25
DB01261,0.7,0.0033854423541710456,DENTRO,NC(CC(=O)N1CCN2C(C1)=NN=C2C(F)(F)F)CC1=CC(F)=C(F)C=C1F,SÍ,407.32,2.02
DB01324,0.7,0.005234799054398638,DENTRO,CN1C(CSCC(F)(F)F)NC2=CC(Cl)=C(C=C2S1(=O)=O)S(N)(=O)=O,SÍ,439.89,1.66
DB01943,0.7,0.0012901160262487961,DENTRO,CC1CN(CCOC2=CC=C(C=C2)C2OC3=CC=C(O)C=C3SC2C2=CC=C(O)C=C2)CC1C,SÍ,477.63,6.03
DB02634,0.7,0.0012901160262487961,DENTRO,CC1CN(CCOC2=CC=C(C=C2)C2OC3=CC=C(O)C=C3SC2C2=CC=C(O)C=C2)CC1C,SÍ,477.63,6.03
DB02833,0.7,0.0007248878892618458,DENTRO,CC1=C(SC(N)=N1)C1=CC=NC(NC2=CC=CC(=C2)[N+]([O-])=O)=N1,SÍ,328.36,3.14
DB03143,0.7,0.00501909052776188,DENTRO,CCCCCCCCCO,SÍ,144.26,2.73
DB03251,0.7,0.0015612377888616837,DENTRO,NC(=N)NCCCC(NC(=O)C1CCCC1)C(=O)C1=NC2=C(S1)C=CC=C2,SÍ,387.51,2.42
DB04915,0.7,0.00113257562045911,DENTRO,OC1=CC=C(C=C1)C1=CC2=C(OC1)C=C(O)C=C2,SÍ,240.26,3.03
DB01958,0.6976750517165248,0.0012792844804217177,DENTRO,CC(C)(C)C1=CC=C(SC2=CC=CC3=C2C(N)=NC(N)=N3)C=C1,SÍ,324.45,4.24
DB03337,0.6963459730492009,0.0010350359390154476,DENTRO,NC(=N)C1=CC=C(NC(=O)NC2=CC=C(OC3=CC=CC=C3)C=C2)C=C1,SÍ,346.39,4.41
DB05806,0.6963459730492009,0.000860878619560048,DENTRO,CCC1(O)C(=O)OCC2=C1C=C1N(CC3=C(CC[Si](C)(C)C)C4=CC=CC=C4N=C13)C2=O,SÍ,448.6,3.96
DB04392,0.6963459730492008,0.0014273691001366238,DENTRO,O=C1OC2=CC=CC=C2C(=O)C1CC1C(=O)OC2=CC=CC=C2C1=O,SÍ,336.3,2.21
DB00186,0.6959049893900269,0.0013621725721980008,DENTRO,OC1N=C(C2=CC=CC=C2Cl)C2=C(NC1=O)C=CC(Cl)=C2,SÍ,321.16,3.1
DB00427,0.6946476933669956,0.001218645012182708,DENTRO,CC1=CC=C(C=C1)C(=CCN1CCCC1)C1=CC=CC=N1,SÍ,278.4,3.92
DB01104,0.6946476933669956,0.004485085744505818,DENTRO,CNC1CCC(C2=CC(Cl)=C(Cl)C=C2)C2=CC=CC=C12,SÍ,306.24,5.18
DB03370,0.6946476933669956,0.0011623697304243563,DENTRO,CC(O)C(CCC1=CC=CC(Cl)=C1Cl)N1C=NC(=C1)C(N)=O,SÍ,342.23,2.84
DB03418,0.6946476933669956,0.0031457507623701975,DENTRO,CC(=O)C1=C2C=C3C(C)=C(CCC(O)=O)C4=[N+]3[Fe]35N6C(=CC7=[N+]3C(=CC(N25)=C1C)C(C(O)=C)=C7C)C(C)=C(CCC(O)=O)C6=C4,SÍ,648.5,3.14
DB00939,0.6944522421791365,0.001851084307108492,DENTRO,CC1=C(Cl)C(NC2=CC=CC=C2C(O)=O)=C(Cl)C=C1,SÍ,296.15,4.74
DB00875,0.693027358349529,0.0009660945345059792,DENTRO,OCCN1CCN(CCC=C2C3=CC=CC=C3SC3=C2C=C(C=C3)C(F)(F)F)CC1,SÍ,434.53,4.6
DB01977,0.6922447622214832,0.0018092684500863928,DENTRO,NC(=N)C1=CC=C2C=C(C=CC2=C1)C(=O)NC1=CC=CC=C1,SÍ,289.34,3.38
DB01246,0.6915001733834036,0.0018227513686876347,DENTRO,CC(CN(C)C)CN1C2=CC=CC=C2SC2=CC=CC=C12,SÍ,298.46,4.49
DB01588,0.69,0.000903117613744417,DENTRO,ClC1=CC2=C(C=C1)N(CC1CC1)C(=O)CN=C2C1=CC=CC=C1,SÍ,324.81,3.93
DB01086,0.69,0.0016573610409751078,DENTRO,CCOC(=O)C1=CC=C(N)C=C1,SÍ,165.19,1.45
DB01254,0.69,0.0010219112419365586,DENTRO,CC1=NC(NC2=NC=C(S2)C(=O)NC2=C(C)C=CC=C2Cl)=CC(=N1)N1CCN(CCO)CC1,SÍ,488.02,3.31
DB01852,0.69,0.0022359567670700866,DENTRO,OC1=CC=C(C=C1)C1=C(O)C(=O)C2=C(O)C=C(O)C=C2O1,SÍ,286.24,2.28
DB03080,0.69,0.001535604884272878,DENTRO,COC1CC(C)CC2=C(NCCN(C)C)C(=O)C=C(NC(=O)C(C)=CC=CC(OC)C(OC(N)=O)C(C)=CC(C)C1O)C2=O,SÍ,616.76,1.91
DB03753,0.69,0.0008489120922731438,DENTRO,COC(=O)C(C)C1=CC=C(C(F)=C1)C1=CC=CC=C1,SÍ,258.29,3.77
DB04905,0.69,0.0011833715240937874,DENTRO,CCN(CC)CCOC1=CC=C(CC2=CC=CC=C2)C=C1,SÍ,283.42,4.0
DB05804,0.69,0.0023030374264910785,DENTRO,CC12CCC3C(CC=C4CC(CCC34C)OS(O)(=O)=O)C1CCC2=O,SÍ,368.5,3.71
DB03060,0.6892953867339913,0.0017539589212383906,DENTRO,COC1=CC=C(OC)C(C=CC2=CN=C3N=C(N)N=C(N)C3=C2C)=C1,SÍ,337.38,2.69
DB04582,0.6885907352706842,0.0012711455016452557,DENTRO,CC(C)C1(C)N=C(NC1=O)C1=NC2=CC=CC=C2C=C1C(O)=O,SÍ,311.34,2.22
DB05016,0.6881279601830296,0.0011472779634340968,DENTRO,OC(=O)C1=CC=CC(=C1)C1=NOC(=N1)C1=CC=CC=C1F,SÍ,284.25,3.24
DB04812,0.6879285311556221,0.0009618452929029643,DENTRO,CC(C(O)=O)C1=CC2=C(OC(=N2)C2=CC=C(Cl)C=C2)C=C1,SÍ,301.73,4.34
DB03476,0.6876750517165248,0.00436221045073849,DENTRO,NC(=N)C1=CC=C2C=C(C=CC2=C1)C1CC1C1=CC=CC=C1,SÍ,286.38,4.39
DB01403,0.6863459730492008,0.0012836291405471565,DENTRO,COC1=CC2=C(SC3=C(C=CC=C3)N2CC(C)CN(C)C)C=C1,SÍ,328.48,4.5
DB01933,0.6863459730492008,0.0025357473752375577,DENTRO,CNC1CC2OC(C)(C1OC)N1C3=C(C=CC=C3)C3=C1C1=C(C4=C(C=CC=C4)N21)C1=C3C(O)NC1=O,SÍ,482.54,3.84
DB04957,0.6848110278641948,0.0024578775931497097,DENTRO,CN1CCN(CCCCN2C(=O)CN(N=CC3=CC=C(O3)C3=CC=C(Cl)C=C3)C2=O)CC1,SÍ,457.96,3.23
DB00485,0.6846476933669956,0.0013528489362591247,DENTRO,CC1=C(C(=O)NC2C3SC(C)(C)C(N3C2=O)C(O)=O)C(=NO1)C1=C(Cl)C=CC=C1Cl,SÍ,470.33,3.2
DB01098,0.6846476933669956,0.0015492742189388599,DENTRO,CC(C)C1=NC(=NC(C2=CC=C(F)C=C2)=C1C=CC(O)CC(O)CC(O)=O)N(C)S(C)(=O)=O,SÍ,481.55,2.4
DB01873,0.6846476933669956,0.0020190964362845343,DENTRO,CC1CCCC(C)=CCC(OC(=O)CC(O)C(C)(C)C(=O)C(C)C1O)C(C)=CC1=CSC(C)=N1,SÍ,491.69,5.27
DB01732,0.6840186982341229,0.0015798980882407979,DENTRO,OC1C(O)C(COC2=CC=CC=C2)N(CC2=CC=CC=C2)C(=O)N(CC2=CC=CC=C2)C1COC1=CC=CC=C1,SÍ,538.64,4.74
DB04662,0.6839430801009868,0.001337700043191082,DENTRO,CCC(CO)NC1=NC(NCC2=CC=CC=C2O)=C2N=CN(C(C)C)C2=N1,SÍ,370.46,2.91
DB01770,0.6822447622214832,0.004860180012844546,DENTRO,CC=C(C)C=CC=C(C)C=CC1=C(C)CCCC1(C)C,SÍ,270.46,6.54
DB04044,0.6822447622214832,0.0013380067320143815,DENTRO,OC(=O)C1=C(C=C(OC2=CC=CC=C2NC(=O)C2=CC(=CC=C2)[N+]([O-])=O)C=C1)C(O)=O,SÍ,422.35,4.04
DB00518,0.68,0.0010698471655875435,DENTRO,CCCSC1=CC2=C(C=C1)N=C(NC(=O)OC)N2,SÍ,265.34,3.24
DB01000,0.68,0.0016332812806286803,DENTRO,CC1(C)SC2C(NC(=O)C3(N)CCCCC3)C(=O)N2C1C(O)=O,SÍ,341.43,0.28
DB04424,0.68,0.0007819152003432526,DENTRO,COC(=O)C(CC1=CC=CC(=C1)C(N)=N)C(C)NC(=O)C1=CC=C(C=C1)C1=CC=CC(CN)=C1,SÍ,458.56,3.25
DB05022,0.68,0.0014499189031612798,DENTRO,CN(C)CCN1C(=O)C2=CC=CC3=CC(N)=CC(C1=O)=C23,SÍ,283.33,1.58
DB02577,0.6792953867339913,0.0030967867717776355,DENTRO,CC1=C(CCC(O)=O)C2=CC3=[N+]4C(=CC5=C(C=C)C(C)=C6C=C7C(C=C)=C(C)C8=[N+]7[Fe]4(N2C1=C8)N56)C(C)=C3CCC(O)=O,SÍ,616.5,3.69
DB03014,0.6792953867339913,0.0030967867717776355,DENTRO,CC1=C(CCC(O)=O)C2=CC3=[N+]4C(=CC5=C(C=C)C(C)=C6C=C7C(C=C)=C(C)C8=[N+]7[Fe]4(N2C1=C8)N56)C(C)=C3CCC(O)=O,SÍ,616.5,3.69
DB06685,0.6786687181327212,0.0010067489547820284,DENTRO,CCN(C(=O)C1=C(O)N(C)C2=C(C(Cl)=CC=C2)C1=O)C1=CC=CC=C1,SÍ,356.81,3.56
DB02473,0.6768924555884789,0.0008541670778217108,DENTRO,CC(C)C1=NCCC2=CC=C(NC(=O)C3=CC=C4C=C(C=CC4=C3)C(N)=N)C=C12,SÍ,384.48,4.38
DB03030,0.6768924555884789,0.0012184826097491742,DENTRO,CC1=CC=C(CN2C=NC(=C2)C2=CC=CS2)C=C1,SÍ,254.36,3.97
DB05796,0.676358431704051,0.0015420947064456356,DENTRO,CCOC(=O)C(CCC1=CC=CC=C1)CC1(CCCC1)C(=O)NC1CCC2=CC=CC=C2N(CC(O)=O)C1=O,SÍ,534.65,4.3
DB02182,0.6756413597831922,0.0031631509747660144,DENTRO,CCC1=C(C)C2=[N+]3C1=CC1=C(C)C(C=C)=C4C=C5C(C)=C(CCC(O)=O)C6=[N+]5[Fe]3(N3C(=C2)C(C)=C(CCC(O)=O)C3=C6)N14,SÍ,618.52,3.92
DB00555,0.6753116481486156,0.0014254568609789347,DENTRO,NC1=NC(N)=C(N=N1)C1=C(Cl)C(Cl)=CC=C1,SÍ,256.1,2.01
DB04114,0.6746610465114157,0.0021595798844485847,DENTRO,CCC1=CC2CC(C1)C1=C(N)C3=C(C=C(Cl)C=C3)N=C1C2,SÍ,298.82,4.86
DB02102,0.673861147288957,0.003881336905544111,DENTRO,NC1=CC(CN2C(CC3=CC=CC=C3)C(O)C(O)C(CC3=CC=CC=C3)N(CC3=CC(N)=CC=C3)C2O)=CC=C1,SÍ,538.69,3.39
DB02886,0.673861147288957,0.003881336905544111,DENTRO,NC1=CC(CN2C(CC3=CC=CC=C3)C(O)C(O)C(CC3=CC=CC=C3)N(CC3=CC(N)=CC=C3)C2O)=CC=C1,SÍ,538.69,3.39
DB00589,0.67,0.0012772612847881124,DENTRO,CCN(CC)C(=O)NC1CN(C)C2CC3=CNC4=CC=CC(C2=C1)=C34,SÍ,338.46,2.84
DB01647,0.67,0.001286996463339605,DENTRO,CCCOC1=C(OC)C=CC(=C1)C1(C)OC(=O)N=C1,SÍ,263.29,2.92
DB02142,0.67,0.0021568380164850185,DENTRO,CC1=NC=C(COP(O)(O)=O)C(CN)=C1O,SÍ,248.17,0.16
DB02197,0.67,0.0026147279314097877,DENTRO,NS(=O)(=O)C1=CC=C(NC2=NC=CC(=N2)C2=CN=C3C=CC=CN23)C=C1,SÍ,366.41,2.18
DB02544,0.67,0.0014218498137364144,DENTRO,CN(CCCCCCOC1=CC=C2C(SN=C2C2=CC=C(Br)C=C2)=C1)CC=C,SÍ,459.45,6.78
DB02963,0.67,0.001997808006813171,DENTRO,CS(=O)(=O)C1=CC=C(NC2=CC(Cl)=NC3=CC=NN23)C=C1,SÍ,322.78,2.53
DB03114,0.67,0.001191968683360728,DENTRO,OP(=O)(OCC1CCCCC1)OC1=CC=CC=C1C=O,SÍ,298.27,3.58
DB04471,0.67,0.0010552414688069127,DENTRO,OC1=CC=C2C(N(CCC2=C1)C1=CC=CC=C1)C1=CC=C(OCCN2CCCCC2)C=C1,SÍ,428.58,5.41
DB04600,0.67,0.0011246053006843419,DENTRO,NS(=O)(=O)OC1=C(Br)C=C(CN(N2C=NN=C2)C2=CC=C(C=C2)C#N)C=C1,SÍ,449.29,1.96
DB04616,0.67,0.0019765262722404057,DENTRO,C(CCCCNC1=C2CCCCC2=NC2=CC=CC=C12)CCCNC1=CC=NC2=CC=CC=C12,SÍ,452.65,7.53
DB05284,0.67,0.0012644396751762283,DENTRO,COC1=CC(=CC(OC)=C1OC)C(O)CC1=CC(O)=C(OC)C=C1,SÍ,334.37,2.7
DB04020,0.6686843096485328,0.0012436426589577344,DENTRO,OC1=CC=C(CCNC2=NC(SCCCC3=CC=C(Cl)C=C3)=NC(=N2)N2CCNCC2)C=C1,SÍ,485.06,4.02
DB01888,0.6680420495314511,0.001902363480348402,DENTRO,CC(C)C1=C2N=C(NC3CCC(N)CC3)C=C(NC3=CC=C(C=C3)S(=O)(=O)N(C)C)N2N=C1,SÍ,471.63,3.53
DB03404,0.6678861220046752,0.0033536843993942633,DENTRO,CC1=C(C)C2=[N+]3C1=CC1=C(C)C(C)=C4C=C5C(C)=C(C(O)=O)C6=[N+]5[Fe]3(N3C(=C2)C(C)=C(C(O)=O)C3=C6)N14,SÍ,536.37,2.09
DB06446,0.6676750517165246,0.0015524578533232577,DENTRO,C(CN1CCN(CC1)C(C1=CC=CC=C1)C1=CC=CC=C1)CC1(OCCO1)C1=CC=CC=C1,SÍ,442.6,5.07
DB00408,0.6672261210895682,0.0011712460741853982,DENTRO,CN1CCN(CC1)C1=NC2=CC=CC=C2OC2=C1C=C(Cl)C=C2,SÍ,327.82,3.77
DB00764,0.6646601520218457,0.002688835044071273,DENTRO,CC1CC2C3CCC4=CC(=O)C=CC4(C)C3(Cl)C(O)CC2(C)C1(O)C(=O)CCl,SÍ,427.37,3.41
DB01231,0.6646476933669956,0.0016522303907725066,DENTRO,OC(CCCN1CCCCC1)(C1=CC=CC=C1)C1=CC=CC=C1,SÍ,309.45,4.19
DB04177,0.6646476933669956,0.002580746605793602,DENTRO,CC12CCC(O)CC1CCC1C2CCC2(C)C(CCC12O)C1=CC(=O)OC1,SÍ,374.52,3.6
DB04336,0.6645675073050035,0.002054487240534628,DENTRO,NC(=N)C1=CC=C(NC(=O)NC2=CC=C(Cl)C=C2)C=C1,SÍ,288.74,3.27
DB04685,0.6642320950538764,0.0024035443941435256,DENTRO,FC1CC(OC1COC(C1=CC=CC=C1)(C1=CC=CC=C1)C1=CC=CC=C1)N1C=CC(=O)NC1=O,SÍ,472.52,4.17
DB06266,0.6632153517787376,0.0011458881609705432,DENTRO,OC(=O)C1=NN(CC2=C(Cl)C=C(Cl)C=C2)C2=CC=CC=C12,SÍ,321.16,4.09
DB01103,0.6630273583495291,0.0013651322247543434,DENTRO,CCN(CC)CCCC(C)NC1=C2C=C(OC)C=CC2=NC2=C1C=CC(Cl)=C2,SÍ,399.97,5.97
DB03996,0.6627756535500252,0.0008309288432188997,DENTRO,CC(=O)N1N=C(CC1C1=CC(O)=CC=C1)C1=CC=CC=C1Cl,SÍ,314.77,3.74
DB02110,0.6623227450835202,0.00301735132893382,DENTRO,CC1=C2C=C3C(C=C)=C(C)C4=[N+]3[Co]35N6C(=CC7=[N+]3C(=CC(N25)=C1CCC(O)=O)C(CCC(O)=O)=C7C)C(C)=C(C=C)C6=C4,SÍ,619.59,3.69
DB04609,0.6602534794390972,0.001587951459460453,DENTRO,OC1C(O)C(CC2=CC=CC=C2)N(CC2=CC(=CC=C2)C(=O)NC2=NC=CS2)C(=O)N(CC2CC2)C1CC1=CC=CC=C1,SÍ,596.75,4.99
DB00333,0.66,0.0018001838262322878,DENTRO,CCC(=O)C(CC(C)N(C)C)(C1=CC=CC=C1)C1=CC=CC=C1,SÍ,309.45,4.29
DB00805,0.66,0.0011365303213191754,DENTRO,CC1=CC(=NN=C1NCCN1CCOCC1)C1=CC=CC=C1,SÍ,298.39,2.2
DB01631,0.66,0.004077733195923038,DENTRO,CCCCCCCCC(=O)OC,SÍ,172.27,2.91
DB01851,0.66,0.007888520013376947,DENTRO,CCCC[N+](CCCC)(CCCC)CCCC,SÍ,242.47,5.0
DB01951,0.66,0.0016687407616251919,DENTRO,CCC(C)(C)C(=O)C(=O)N1CCCC1C(=O)OCCCC1=CC=CN=C1,SÍ,360.45,2.55
DB02166,0.66,0.0030820609524546136,DENTRO,CC[N+](C)(CC)CCC[N+]1=C(C2=CC=CC=C2)C2=C(C=CC(N)=C2)C2=C1C=C(N)C=C2,SÍ,414.6,4.99
DB02509,0.66,0.0015581057225813669,DENTRO,CC(C)=CCCC(C)=CCCC(C)=CCO,SÍ,222.37,4.4
DB02826,0.66,0.006508621060774281,DENTRO,CCCCCCCCCC,SÍ,142.29,4.15
DB02979,0.66,0.004074705096121628,DENTRO,CSC(N)=NCCCCCCCCCCCCCCN=C(N)SC,SÍ,374.66,5.02
DB03444,0.66,0.0014965425129548687,DENTRO,ON=C1C2=CC=CC=C2NC1=C1C(=O)NC2=CC(Br)=CC=C12,SÍ,356.18,3.42
DB04039,0.66,0.003934089366158971,DENTRO,CCCCCCCCCCCCC(=O)CC(O)=O,SÍ,256.39,4.34
DB04049,0.66,0.001605585468079969,DENTRO,OC1=CC=C(CC(=O)NC2=NC=C(N=C2CC2=CC=CC=C2)C2=CC=C(O)C=C2)C=C1,SÍ,411.46,4.33
DB04118,0.66,0.0013230528718889772,DENTRO,OOC1(CC2=CC=C3C=CC=CC3=C2)N=C2C(CC3=CC=CC=C3)NC(=CN2C1=O)C1=CC=C(O)C=C1,SÍ,491.55,4.73
DB04776,0.6595844398841788,0.0010838534638874181,DENTRO,CCC(CO)NC1=NC2=C(N=CN2C(C)C)C(=N1)N(C)CC1=CC=CC=C1,SÍ,368.49,3.23
DB00255,0.65937333139873,0.001468688753399642,DENTRO,CCC(C1=CC=C(O)C=C1)=C(CC)C1=CC=C(O)C=C1,SÍ,268.36,4.83
DB00605,0.6583774617825786,0.001148095529230753,DENTRO,CC1=C(CC(O)=O)C2=C(C=CC(F)=C2)C1=CC1=CC=C(C=C1)S(C)=O,SÍ,356.42,4.37
DB03471,0.6576750517165247,0.001925696686703949,DENTRO,OC(=O)CCC(CCC1=CC=CC=C1)NC(=O)CCCCCCC1=CC=CC=C1,SÍ,395.54,5.16
DB00934,0.6546476933669956,0.004811273999444678,DENTRO,CNCCCC12CCC(C3=CC=CC=C13)C1=CC=CC=C21,SÍ,277.41,4.21
DB02834,0.6546476933669956,0.0041726373957456965,DENTRO,OC(=O)COC1=CC(F)=CC=C1C(=O)NCC1=NC2=C(S1)C(F)=CC(F)=C2F,SÍ,414.34,3.25
DB06202,0.6546476933669956,0.001180009458298797,DENTRO,OC(C(O)C(O)=O)C(O)=O.OC1=CC2=C(C=C1)C(C(CC2)C1=CC=CC=C1)C1=CC=C(OCCN2CCCC2)C=C1,SÍ,563.65,3.61
DB04642,0.6534059303353393,0.0027267412958874478,DENTRO,OC(=O)CCCCCCOC1=C(Cl)C=C(NC(=O)NC(=O)C2=CC=CC=C2Cl)C=C1Cl,SÍ,487.77,6.02
DB04883,0.6532384286376797,0.0009492865397999509,DENTRO,COC1=CC(OC)=NC(OC(C(O)=O)C(OC)(C2=CC=CC=C2)C2=CC=CC=C2)=N1,SÍ,410.43,2.92
DB02929,0.6526919460984018,0.0020849229700069874,DENTRO,COC1=CC=C2SCCN(CC2=C1)C(=O)CCN1CCC(CC1)CC1=CC=CC=C1,SÍ,424.61,4.47
DB04407,0.6526919460984018,0.0008217719568144456,DENTRO,CNC1=NC(C)=C(S1)C1=CC=NC(NC2=CC=C(O)C=C2)=N1,SÍ,313.39,3.4
DB03873,0.6523227450835204,0.0010863244171741805,DENTRO,CC1(C)C=CC(C)(C)C2=CC(NC(=O)C3=CC=C(C=C3)C(O)=O)=CC=C12,SÍ,349.43,4.76
DB03768,0.651999791487243,0.0012944720420273725,DENTRO,CC(C)CCN(CC(O)C1CC2=CC=C(OCCCC(=O)NC(C(C)C)C(=O)N1)C=C2)S(=O)(=O)C1=CC=CC=C1,SÍ,573.76,3.13
DB01176,0.6509936664161964,0.0018384441610780804,DENTRO,CN1CCN(CC1)C(C1=CC=CC=C1)C1=CC=CC=C1,SÍ,266.39,3.02
DB00754,0.65,0.001250849875919279,DENTRO,CCN1C(=O)NC(C1=O)C1=CC=CC=C1,SÍ,204.23,1.3
DB01047,0.65,0.0023798857593401823,DENTRO,CC(=O)OCC(=O)C12OC(C)(C)OC1CC1C3CC(F)C4=CC(=O)C=CC4(C)C3(F)C(O)CC21C,SÍ,494.53,2.94
DB02771,0.65,0.006928977502125473,DENTRO,CCCCCCCCCCCC,SÍ,170.34,4.93
DB03677,0.65,0.00339535026452495,DENTRO,CCCCCCCCCCNC(=O)NC1CCCCC1,SÍ,282.47,4.76
DB04645,0.65,0.0014705825696535776,DENTRO,CC1=C(NC(=O)NC(=O)C2=C(Cl)C=C(Cl)C=C2)C=CC=C1OCCCCC(O)=O,SÍ,439.3,4.9
DB04799,0.65,0.002284571305037978,DENTRO,CCCCCCCCCCCC1=C(O)C2=C(SC=N2)C(=O)C1=O,SÍ,335.47,5.1
DB04862,0.65,0.0013933365810995073,DENTRO,COC1=C(C=CC(NC(=O)NC2=CC=CC(CNC(=O)OC3CCOC3)=C2)=C1)C1=CN=CO1,SÍ,452.47,4.01
DB05327,0.65,0.001371149719351057,DENTRO,FC1=C(CN2C(=O)C3=CC=CN3C3(CC(=O)NC3=O)C2=O)C=CC(Br)=C1,SÍ,420.19,1.31
DB03807,0.6492953867339912,0.001486741447971177,DENTRO,CCOC(=O)C1=C(C)N(N=C1C)C1=CC=CC=C1Cl,SÍ,278.74,3.32
DB04751,0.6486843096485327,0.001150926386943154,DENTRO,CC(C)C(CO)NC1=NC(NC2=CC(Cl)=CC=C2)=C2N=CN(C(C)C)C2=N1,SÍ,388.9,4.23
DB02766,0.6463459730492008,0.0015276985203889963,DENTRO,O=C(NC(CC1=CC=CC=C1)C(=O)C[N+]#N)OCC1=CC=CC=C1,SÍ,324.36,2.95
DB02982,0.6446476933669956,0.006364516910873164,DENTRO,CCCC=CC=CCCCCCCCCCO,SÍ,238.41,5.01
DB03802,0.6446476933669956,0.0012318577107235437,DENTRO,OC1=CC=C2C(N(CCC2=C1)C1=CC=CC=C1)C1=CC=C(C=C1)N1CCN2CCCCC2C1,SÍ,439.6,5.22
DB04468,0.6439440368759333,0.0010362745091471752,DENTRO,CCC(C1=CC=CC=C1)=C(C1=CC=C(O)C=C1)C1=CC=C(OCCN(C)C)C=C1,SÍ,387.52,5.7
DB01745,0.6437244845451953,0.0009391068701001382,DENTRO,COC(=O)C1CCN(CC1)C(=O)C(CC1=CC=CC(=C1)C(N)=N)NS(=O)(=O)C1=CC=C2C=CC=CC2=C1,SÍ,522.63,2.43
DB01608,0.6432808377886263,0.0008664060154163615,DENTRO,OC1CCN(CCCN2C3=CC=CC=C3SC3=C2C=C(C=C3)C#N)CC1,SÍ,365.5,4.01
DB02914,0.6430273583495292,0.00492329816579916,DENTRO,CC(C=C)=CC=CC(C)=CC=C1C(C)=CCCC1(C)C,SÍ,268.44,6.31
DB01948,0.643027358349529,0.002992408457196703,DENTRO,FC1=CC=C(C(F)=C1)C1=CC(=CC2=C1CCC(=O)N2C1=C(Cl)C=CC=C1Cl)C1CCNCC1,SÍ,487.38,7.02
DB03934,0.6423227450835202,0.003003825520419722,DENTRO,CC1=C(CCC(O)=O)C2=CC3=[N+]4C(=CC5=C(C=C)C(C)=C6C=C7C(C=C)=C(C)C8=[N+]7[Zn]4(N2C1=C8)N56)C(C)=C3CCC(O)=O,SÍ,626.04,3.69
DB00836,0.6414673648294758,0.0014172000774744366,DENTRO,CN(C)C(=O)C(CCN1CCC(O)(CC1)C1=CC=C(Cl)C=C1)(C1=CC=CC=C1)C1=CC=CC=C1,SÍ,477.05,5.09
DB01469,0.64,0.0021275753181270052,DENTRO,CCCC(C)(O)C1CC23C=CC1(OC)C1OC4=C(OC(C)=O)C=CC5=C4C21CCN(C)C3C5,SÍ,453.58,3.38
DB00378,0.64,0.002003368605009724,DENTRO,CC(=O)C1CCC2C3C=CC4=CC(=O)CCC4(C)C3CCC12C,SÍ,312.45,4.5
DB00398,0.64,0.0016008806088574617,DENTRO,CNC(=O)C1=NC=CC(OC2=CC=C(NC(=O)NC3=CC(=C(Cl)C=C3)C(F)(F)F)C=C2)=C1,SÍ,464.83,5.55
DB00464,0.64,0.006146351077601281,DENTRO,CCCCCCCCCCCCCCOS(O)(=O)=O,SÍ,294.46,4.51
DB04832,0.64,0.0012167841907923366,DENTRO,CN(C)CC=C(C1=CC=C(Br)C=C1)C1=CN=CC=C1,SÍ,317.23,3.84
DB02545,0.64,0.0012105151222649166,DENTRO,COC(=O)CCC1=CC=CC(=C1)N(CC1=CC=C(C=C1)C1=CC=C(C=C1)N(C)C)C(=O)C1=CC=CC=C1,SÍ,492.62,6.37
DB03084,0.64,0.000980718417454984,DENTRO,CCCN1C(=NC(C2=CC=C(Cl)C(Cl)=C2)=C1C1=CC=NC(NC2CC2)=N1)C1CCN(C)CC1,SÍ,485.46,6.11
DB03642,0.64,0.0023779064538011147,DENTRO,CC(C)CC(NC(=O)C1=CC2=C(O1)C=CC=C2)C(=O)NC1CCCN(CC1=O)S(=O)(=O)C1=CC=CC=N1,SÍ,526.62,2.51
DB04078,0.64,0.004356115308355042,DENTRO,CC(C)CC1=CC=CC=C1,SÍ,134.22,2.89
DB04239,0.64,0.0010597612922534456,DENTRO,NCC1=CC(CSC2=CC=CC=C2)=C2N=C(N)NC(=O)C2=C1,SÍ,312.4,2.26
DB04469,0.64,0.0020199926782051205,DENTRO,CCOC(=O)C1=C(C)N(N=C1C)C1=CC=C(OC)C=C1,SÍ,274.32,2.67
DB04607,0.64,0.0015817675416842448,DENTRO,NS(=O)(=O)C1=CC=C(NC2=CN3C=C(C=CC3=N2)C(=O)C2=C(Cl)C=CC=C2Cl)C=C1,SÍ,461.33,4.26
DB04953,0.64,0.001229083796427329,DENTRO,CCOC(=O)NC1=C(N)C=C(NCC2=CC=C(F)C=C2)C=C1,SÍ,303.34,3.59
DB00894,0.6385917302429288,0.00188239043089764,DENTRO,CC12CCC3C(CCC4=CC(=O)C=CC34C)C1CCC(=O)O2,SÍ,300.4,3.59
DB03207,0.6383141789726448,0.0007059432053713386,DENTRO,OC(=O)C1CC2=CC=CC=C2CN1S(=O)(=O)C1=CC=C(C=C1)C1=CC=CC=C1,SÍ,393.46,3.55
DB04306,0.6363459730492009,0.0016977585547618295,DENTRO,CC1=CC=C(SC2=CC=CC3=C2C(N)=NC(N)=N3)C=C1,SÍ,282.37,3.25
DB02199,0.635641359783192,0.0030594965756003444,DENTRO,CC1=C(CCC(O)=O)C2=CC3=[N+]4C(=CC5=C(C=C)C(C=C)=C6C=C7C(C=C)=C(C=C)C8=[N+]7[Fe]4(N2C1=C8)N56)C(C)=C3CCC(O)=O,SÍ,640.52,4.19
DB04741,0.6346476933669956,0.0030658594530786412,DENTRO,COC(C=CC1=CSC(=N1)C1=CSC(=N1)C(C)C=CC=CC(C)C)C(C)C(OC)=CC(N)=O,SÍ,487.69,5.82
DB02258,0.6336664856056491,0.0017463033203072055,DENTRO,CC1(C)CCC(C)(C)C2=CC(=CC=C12)C(=NO)C1=CC=C2C=C(C=CC2=C1)C(O)=O,SÍ,401.51,6.11
DB01434,0.6330273583495291,0.0021189280454027857,DENTRO,CC12CCC3C(CCC4=CC(=O)CCC34)C1CCC2=O,SÍ,272.39,3.7
DB01838,0.6330273583495291,0.0019995349061312706,DENTRO,CC1=C(OC2=CC=C(O)C=C2C1=O)C1=CC(Br)=C(O)C(Br)=C1,SÍ,426.06,4.7
DB00586,0.6328674808727603,0.0015502573315928979,DENTRO,OC(=O)CC1=CC=CC=C1NC1=C(Cl)C=CC=C1Cl,SÍ,296.15,4.36
DB03076,0.6303669978149264,0.001207728837551688,DENTRO,CNC(=O)C1=CC=CC(CN2C(COC3=CC=CC=C3)C(O)C(O)C(COC3=CC=CC=C3)N(CC3=CC=CC=C3)S2(=O)=O)=C1,SÍ,631.75,3.23
DB00673,0.63,0.00344258381103684,DENTRO,CC(OC1OCCN(CC2=NC(=O)NN2)C1C1=CC=C(F)C=C1)C1=CC(=CC(=C1)C(F)(F)F)C(F)(F)F,SÍ,534.43,4.95
DB02112,0.63,0.002118642394826768,DENTRO,CC(=N)N1CCC(CC1)OC1=CC=C2C(=C1)N(CC1=CC=C3C=CC(=CC3=C1)C(N)=N)C1=C2C=CC=C1,SÍ,489.62,6.12
DB03623,0.63,0.0025254910277495556,DENTRO,OC1=CC=C(C=C1)C1=CN=C2C=CC3=C(C=NC=C3)C2=C1,SÍ,272.31,4.16
DB03813,0.63,0.002509287163222221,DENTRO,CCCCCCCC=CC(=O)SCCNC(C)=O,SÍ,271.43,3.3
DB03984,0.63,0.0016663635077656988,DENTRO,O=CC(CSCC1=CC=CC=C1)NC(=O)C(CC1=CC=CC=C1)NC(=O)N1CCOCC1,SÍ,455.58,2.26
DB04583,0.63,0.0013062490943322558,DENTRO,NC(=O)C1=CC(=CC(=C1)C1=CC=C(C=C1)C1=CC=CC=C1)C(O)=O,SÍ,317.34,3.82
DB05366,0.63,0.00209425898833885,DENTRO,CN(C)C1=CC=C(C=C1)C1CC2(C)C(CCC2(OC(C)=O)C(C)=O)C2CCC3=CC(=O)CCC3=C12,SÍ,475.63,5.54
DB04429,0.6292152006719991,0.0008351934925837992,DENTRO,OC1=CC=C(C=C1)C1CC(=O)C2=CC=CC=C2O1,SÍ,240.26,3.1
DB05123,0.6266938439551781,0.002282861094730008,DENTRO,CC(C)(CCCCOCCCCC(C)(C)C(O)=O)C(O)=O,SÍ,302.41,3.57
DB03141,0.6263584317040509,0.0020265621476744733,DENTRO,OC1CN(N(CC2=CC=C(O)C=C2)C(=O)N(CC2=CC=C(O)C=C2)C1CC1=CC=CC=C1)S(=O)(=O)C1=CC=CC(=C1)C#N,SÍ,598.68,3.99
DB04821,0.6260547166990582,0.0016373160565457704,DENTRO,CN1CC(C2=CC=CC=C2)C2=C(C1)C(N)=CC=C2,SÍ,238.33,2.85
DB01587,0.6246476933669957,0.0010442507671121497,DENTRO,CN1C(=O)CN2C(=O)C=C(C)OC2(C2=CC=CC=C2)C2=C1C=CC(Cl)=C2,SÍ,368.82,3.28
DB02586,0.6246476933669957,0.002541701202546642,DENTRO,CC1=CC=NC2=C1C=CC1=C2N=CC=C1C,SÍ,208.26,3.4
DB03157,0.6246476933669957,0.0029881159684686,DENTRO,CN(C)C1=CC=CC2=C1C=CC=C2S(=O)(=O)NC(CC1=CC=C(OS(=O)(=O)C2=CC=CC3=C2C=CC=C3N(C)C)C=C1)C(O)=O,SÍ,647.78,4.87
DB00784,0.623027358349529,0.0011600580907506867,DENTRO,CC1=C(C)C(NC2=CC=CC=C2C(O)=O)=CC=C1,SÍ,241.29,3.75
DB02398,0.623027358349529,0.0021083874452024476,DENTRO,NCC1=CC=C(NC(=O)C2=CC=C3C=C(C=CC3=C2)C(N)=N)C=C1,SÍ,318.38,2.83
DB00363,0.6222447622214832,0.0027475465317890915,DENTRO,CN1CCN(CC1)C1=C2C=CC=CC2=NC2=C(N1)C=C(Cl)C=C2,SÍ,326.83,2.03
DB02705,0.6220029243482045,0.0014960919313617223,DENTRO,CC(C)C1NCCC2=CC=C(NC(=O)C3=CC=C4C=C(C=CC4=C3)C(N)=N)C=C12,SÍ,386.5,4.22
DB00261,0.6218738144565639,0.0017910920706017122,DENTRO,ClC1=C(Cl)C2=C(NC3=NC(=O)CN3C2)C=C1,SÍ,256.09,2.12
DB03917,0.6217085351371003,0.0024859271055661103,DENTRO,CCNC(=O)C=C(C)C=CC=C(C)C=CC1=C(C)CCCC1(C)C,SÍ,327.51,5.65
DB01063,0.6202534794390974,0.0009257242925306899,DENTRO,CC(=O)C1=CC2=C(C=C1)N(CCCN1CCN(CCO)CC1)C1=CC=CC=C1S2,SÍ,411.57,3.49
DB01500,0.62,0.0022269665367877084,DENTRO,CC12CCC3C(CCC4=C(O)C(=O)CCC34)C1CCC2O,SÍ,290.4,3.37
DB00675,0.62,0.001062338351041944,DENTRO,CCC(C1=CC=CC=C1)=C(C1=CC=CC=C1)C1=CC=C(OCCN(C)C)C=C1,SÍ,371.52,6.0
DB04839,0.62,0.0024707219944056927,DENTRO,CC(=O)C1(O)CCC2C3C=C(Cl)C4=CC(=O)C5CC5C4(C)C3CCC12C,SÍ,374.91,4.04
DB01879,0.62,0.002354773565446438,DENTRO,CN(C(CC(O)=O)C(O)=O)C(=O)C1=CC(OS(=O)(=O)C2=CC=C3C=CC=CC3=C2)=CC=C1NS(=O)(=O)C1=CC=C2C=CC=CC2=C1,SÍ,662.7,4.56
DB02188,0.62,0.0056419892354154936,DENTRO,CCC1=C(C)C2=CC3=C(CC)C(C)=C4C=C5C(C)=C(CCC(O)=O)C6=[N+]5[Cu]5(N7C(=CC1=[N+]25)C(C)=C(CCC(O)=O)C7=C6)[N+]34C,SÍ,643.27,4.1
DB02341,0.62,0.0030544777310437263,DENTRO,CC(C)C(NC(=O)C1=CC=C(C=C1)C(=O)N1CCOCC1)C(=O)N1CCCC1C(=O)NC(C(C)C)C(=O)C(F)(F)C(F)(F)F,SÍ,632.63,2.81
DB02859,0.62,0.0013529193020980477,DENTRO,COC1CCCCC(OC(=O)C(C)C2(O)OC(C(C)C=CC1OC)C(C)C(O)C2OC)C1=CC=CC=C1,SÍ,520.66,3.8
DB03007,0.62,0.0027039026346994876,DENTRO,CCC=CCC1C(CCCCCCCC(O)=O)C=CC1=O,SÍ,292.42,4.53
DB03982,0.62,0.0009120929031229594,DENTRO,OC(=O)C(=O)N(C1=CC=CC=C1C(O)=O)C1=CC=CC2=C1C=CC=C2,SÍ,335.32,3.29
DB04244,0.62,0.0014059859236144564,DENTRO,CC(C)CC(C(=O)NCC(O)CNS(=O)(=O)C1=CC=CC=N1)C1=CC=CC(=C1)C1=CC=CC=C1,SÍ,481.62,3.33
DB04393,0.62,0.001904500634309099,DENTRO,OC1=CC(Cl)=CC=C1OC1=CC=C(Cl)C=C1,SÍ,255.1,4.49
DB05087,0.62,0.003333050719558998,DENTRO,CC(=O)C1CCC2C3CCC4CC(C)(O)CCC4(C)C3CCC12C,SÍ,332.53,4.99
DB05792,0.62,0.002752157867437418,DENTRO,Cl.CCN(CC=CC1=CC(Cl)=C(C=C1)C1CCCCC1)C1CCCCC1,SÍ,396.45,7.48
DB06190,0.62,0.001966846988933723,DENTRO,Cl.OC(CNCCNC1=CC=CC(=C1)C1=CC(=CC=C1)C(O)=O)C1=CC(Cl)=CC=C1,SÍ,447.36,4.86
DB03752,0.6185885320707292,0.0020173648887959117,DENTRO,CC(C(O)=O)C1=CC=C(C=C1)C(=O)C1=CC=C(I)S1,SÍ,386.21,3.77
DB03019,0.6183930181269536,0.002380496353861263,DENTRO,NC1=NC=CC(=N1)C1=C(Cl)SC(Cl)=C1,SÍ,246.12,3.09
DB01533,0.6178383862137239,0.003552258577718093,DENTRO,CCN(CC)C(C)C=C(C1=CC=CS1)C1=CC=CS1,SÍ,291.49,4.97
DB04885,0.6176750517165247,0.000790990125302044,DENTRO,CC1=NC=CN1CC1CCC2=C(C1=O)C1=CC=CC3=C1N2CCC3,SÍ,319.41,3.54
DB02741,0.6163459730492009,0.0013304321822812909,DENTRO,CC1(C)CCC(C)(C)C2=C1C=CC(=C2)C(=O)C1=CC2=C(C=C1)C=C(C=C2)C(O)=O,SÍ,386.49,6.12
DB02551,0.6163459730492008,0.0015812164349363628,DENTRO,CCC1CNCC2=CC=C(NC(=O)C3=CC=C4C=C(C=CC4=C3)C(N)=N)C=C12,SÍ,372.47,3.97
DB04657,0.6163459730492008,0.0014678270641444013,DENTRO,CC1=C(SCCO1)C(=O)NC1=CC=CC=C1,SÍ,235.31,2.62
DB05360,0.6163459730492008,0.0016304099260609644,DENTRO,CCCN1C(=O)N(CCC)C2=C(NC(=N2)C23CC4CC(CC2C4)C3)C1=O,SÍ,356.47,2.78
DB02047,0.61618784232247,0.0010326651753308953,DENTRO,CC(C(O)=O)C1=CC=C(C=C1)C1=CC=CC=C1,SÍ,226.28,3.54
DB04432,0.6156413597831921,0.00244191654743377,DENTRO,CC1=C(F)C(OC2=CC=CC(=C2)C(N)=N)=[NH+]C(OC2=CC=CC(=C2)C(N)=N)=C1F,SÍ,398.39,3.24
DB01496,0.6146476933669957,0.0014139357212975103,DENTRO,FC(F)(F)C1=CC=CC=C1C1=CC=C(CC2C(=O)NC(=S)NC2=O)O1,SÍ,368.34,2.65
DB02455,0.6146476933669957,0.0018975611827317567,DENTRO,CCN[S]=CN=C1C=CC(C(=C1)C(O)=O)=C1C2=CC=C(O)C=C2OC2=CC(O)=CC=C12,SÍ,435.48,4.04
DB03082,0.6146476933669957,0.002233357154155219,DENTRO,NCC1=CC=C(NC(=O)C2=CC(NC3=NC=CC=N3)=C3C=C(C=CC3=C2)C(N)=N)C=C1,SÍ,411.47,3.37
DB02949,0.6141675005076955,0.005255418489359797,DENTRO,CC1=C2C=C3C(C(O)=C)C(C)=C4C=C5N6C(=CC7=C(CCC(O)=O)C(C)=C8C=C(C1C=C)N2[Fe]6(N34)N78)C(CCC(O)=O)=C5C,SÍ,634.51,4.01
DB00796,0.6123716968027244,0.002056697126010601,DENTRO,CCOC1=NC2=CC=CC(C(O)=O)=C2N1CC1=CC=C(C=C1)C1=CC=CC=C1C1=NNN=N1,SÍ,440.46,4.03
DB02058,0.6122447622214833,0.0017978068304632107,DENTRO,O=CN1CCN(CC1)C1=CC=C(CC2C(=O)NC3=CC=CC=C23)C=C1,SÍ,335.41,2.24
DB03336,0.6122447622214832,0.0027154251004279737,DENTRO,OC1=CC(=CC(=C1O)[N+]([O-])=O)C(=O)CCN1CCN(CC1)C1=CC=CC(=C1)C(F)(F)F,SÍ,439.39,3.42
DB01471,0.61,0.003131810790681762,DENTRO,CC1CC2=CC(=O)CCC2(C)C2CCC3(C)C(CCC3(C)O)C12,SÍ,316.49,4.52
DB01564,0.61,0.003131810790681762,DENTRO,CC1CC2=CC(=O)CCC2(C)C2CCC3(C)C(CCC3(C)O)C12,SÍ,316.49,4.52
DB00308,0.61,0.0022208985665089004,DENTRO,CCCCCCCN(CC)CCCC(O)C1=CC=C(NS(C)(=O)=O)C=C1,SÍ,384.59,4.16
DB00522,0.61,0.001652009210151785,DENTRO,OC(=O)C1=CC=C(NC(=O)C(CC2=CC=C(O)C=C2)NC(=O)C2=CC=CC=C2)C=C1,SÍ,404.42,3.07
DB01006,0.61,0.0010798044722550501,DENTRO,N#CC1=CC=C(C=C1)C(N1C=NC=N1)C1=CC=C(C=C1)C#N,SÍ,285.31,2.66
DB01720,0.61,0.001156904224191878,DENTRO,OC(=O)C(NC(=O)C1=CC=CC=C1)=CC1=CC=C(OC2=CC=CC=C2Br)C=C1,SÍ,438.28,5.1
DB02016,0.61,0.001381590196786111,DENTRO,CN(CCCCCCOC1=CC=C(C(F)=C1)C(=O)C1=CC=C(Br)C=C1)CC=C,SÍ,448.38,5.88
DB04435,0.61,0.00420351002466217,DENTRO,C1=CC=C(C=C1)[As+](C1=CC=CC=C1)(C1=CC=CC=C1)C1=CC=CC=C1,SÍ,383.35,3.06
DB02342,0.61,0.00195654878404405,DENTRO,COC1=CC2=C(CCC3C2CCC2(C)C(O)CCC32)C=C1O,SÍ,302.41,3.62
DB03808,0.6090282670746036,0.0015444792943701095,DENTRO,NC(=N)C1=CC=C(OCCCCCCOC2=CC=C(C=C2)C(N)=N)C=C1,SÍ,354.45,3.27
DB03224,0.6078215274584947,0.005463148084453315,DENTRO,CC1=C2C=C3N4C(C=C5N6C(=CC7=C(CCC(O)=O)C(C)=C8C=C(C1C=C)N2[Fe]46N78)C(CCC(O)=O)=C5C)=C(C)C3=CO,SÍ,620.49,1.93
DB04288,0.6065143173282059,0.0013443254012583793,DENTRO,NC1CCC(CC1)NC1=NC(NCC2=CC=CC=C2)=C2N=CN(C3CCCC3)C2=N1,SÍ,405.55,4.24
DB04416,0.6063459730492009,0.001205335984044964,DENTRO,COCC#CCC(NS(=O)(=O)C1=CC=C(C=C1)C1=CC=C(OC)C=C1)C(O)=O,SÍ,403.46,2.13
DB02123,0.6046476933669956,0.003371057054164205,DENTRO,CC(CCC(=O)NCC(O)=O)C1CCC2C3C(O)CC4CC(O)CCC4(C)C3CCC12C,SÍ,449.63,3.59
DB03515,0.6046476933669956,0.0011959441121791982,DENTRO,CC12CCC3=C(C=CC4=C3C=CC(O)=C4)C1CCC2=O,SÍ,266.34,3.94
DB01038,0.6032808377886264,0.0009826228930101964,DENTRO,CCC(=O)C1=CC2=C(SC3=CC=CC=C3N2CCCN2CCN(CCO)CC2)C=C1,SÍ,425.6,3.88
DB04811,0.6030273583495291,0.004746919783826462,DENTRO,[Fe].O=C1C=CC=CC1=CNC1=CC=CC=C1NC=C1C=CC=CC1=O,SÍ,372.21,3.67
DB06194,0.6030273583495291,0.003031070917905767,DENTRO,CCC(O)(CC)C=CCC(C)C1=CCC2C1(C)CCCC2=CC=C1CC(O)CC(F)C1=C,SÍ,442.66,7.16
DB02733,0.603027358349529,0.0015067239326148263,DENTRO,CC(C)C(CO)NC1=NC(NC2=CC=C(C(O)=O)C(Cl)=C2)=C2N=CN(C(C)C)C2=N1,SÍ,432.91,3.93
DB02276,0.6025494068874825,0.0018643630496826338,DENTRO,CCCCC(OP(O)(O)=O)C(=O)NC(CC(C)C)C(=O)NC1=CC=C(C=C1)[N+]([O-])=O,SÍ,445.41,2.73
DB01624,0.6022447622214833,0.0011180107798460012,DENTRO,OCCN1CCN(CCC=C2C3=CC=CC=C3SC3=C2C=C(Cl)C=C3)CC1,SÍ,400.98,4.24
DB03231,0.6017855953178728,0.0037544686896578035,DENTRO,NC1=NC2=NN(N=C2C(O)=N1)C1=CC=CC(=C1)C(=O)NCC1=CC=CC=C1SC1=CC=CC=C1CO,SÍ,499.56,3.07
DB01025,0.6007024100660537,0.0007868495075878805,DENTRO,CC(C)C1=CC2=C(OC3=NC(N)=C(C=C3C2=O)C(O)=O)C=C1,SÍ,298.3,2.75
DB02241,0.6003046446659992,0.0016668125259160708,DENTRO,OOC1(CC2=CC=C(O)C=C2)N=C2N(C=C(N=C2CC2=CC=CC=C2)C2=CC=C(O)C=C2)C1=O,SÍ,455.47,3.76
DB00431,0.84,0.009379872268461901,FUERA,ClC1C(Cl)C(Cl)C(Cl)C(Cl)C1Cl,SÍ,290.83,3.64
DB00753,0.69,0.01879591359766637,FUERA,FC(F)OC(Cl)C(F)(F)F,SÍ,184.49,2.35
DB01213,0.67,0.016620955217746036,FUERA,CC1=CNN=C1,SÍ,82.11,0.72
DB01913,0.67,0.014175007870659626,FUERA,CC(C)CCCCCCCCCCCCC(C)CCCCCCCC(C)C,SÍ,380.75,10.35
DB00556,0.63,0.03218613305154379,FUERA,FC(F)(F)C(F)(F)C(F)(F)F,SÍ,188.02,2.75
DB00451,0.6260547166990582,0.009021526483452155,FUERA,NC(CC1=CC(I)=C(OC2=CC(I)=C(O)C(I)=C2)C(I)=C1)C(O)=O,SÍ,776.87,4.56
DB00509,0.6260547166990582,0.009021526483452155,FUERA,NC(CC1=CC(I)=C(OC2=CC(I)=C(O)C(I)=C2)C(I)=C1)C(O)=O,SÍ,776.87,4.56
DB01583,0.6260547166990582,0.009021526483452155,FUERA,[Na+].[Na+].NC(CC1=CC(I)=C(OC2=CC(I)=C(O)C=C2)C(I)=C1)C([O-])=O.NC(CC1=CC(I)=C(OC2=CC(I)=C(O)C(I)=C2)C(I)=C1)C([O-])=O,SÍ,1471.81,-0.15
DB02008,0.9546476933669956,0.00068694007644676,DENTRO,CCCCN1C(=O)N(CC2=CC=CC=C2F)C(=O)c2nc(CC3=CC=C(NC(C)=O)C=C3)nc12,No evaluable,0.0,0.0
DB03777,0.94,0.001936006905122546,DENTRO,CN(C)CCCN1C=C(C2=C1C=CC=C2)C1=C(C(=O)NC1=O)c1cnc2ccccc12,No evaluable,0.0,0.0
DB04289,0.94,0.0011655127683573834,DENTRO,O=C(N1CCN(CC1)C1C2=CC=CC=C2C2=CC=CC=C12)c1ccc2nccc2c1,No evaluable,0.0,0.0
DB03267,0.9377645705521472,0.0007991042281770338,DENTRO,CCCCN1C(=O)N(CC=C)C(=O)c2nc(CC3=CC=C(NC(C)=O)C=C3)nc12,No evaluable,0.0,0.0
DB03921,0.8446476933669956,0.0022828756165926938,DENTRO,C1=CC=C(N=C1)c1nncc1C1=CC=NC2=C1C=CC=C2,No evaluable,0.0,0.0
DB03490,0.83,0.0010647844127789,DENTRO,C1C2=CC=CC=C2c2nnc(C3=CC=NC=C3)c12,No evaluable,0.0,0.0
DB03428,0.79,0.0019004580446683283,DENTRO,COC1=CC=C2NC(=O)C(=Cc3cncn3)C2=C1,No evaluable,0.0,0.0
DB04011,0.77,0.0024152246912480294,DENTRO,CN1CCN(CC1)c1ccc2nc(nc2c1)-c1ccc2nc(nc2c1)C1=CC=C(C=C1)N(C)C,No evaluable,0.0,0.0
DB02616,0.7430273583495292,0.0024304215824619115,DENTRO,NC(N)=NC1=NC(=CS1)C1=CC=C(CNc2nc3ccccc3n2)S1,No evaluable,0.0,0.0
DB02177,0.7430273583495289,0.0016530071080841822,DENTRO,CCOC1=CC=CC=C1SC1=CC=C(C=C1[N](O)=O)C1=CC=NC(=C1)N1CCN(CC1)C(C)=O,No evaluable,0.0,0.0
DB03373,0.74,0.0017512656792823737,DENTRO,CC(=N)N1CCC(CC1)Oc1ccc2nc(C)[n+](CC3=CC=C4C=CC(=CC4=C3)C(N)=N)c2c1,No evaluable,0.0,0.0
DB02449,0.73,0.0017734877085744554,DENTRO,OC(=O)C(Cc1cnc2ccccc12)NS(=O)(=O)C1=CC=C(C=C1)N1CCC(CC1)C1=CC=CC=C1,No evaluable,0.0,0.0
DB02285,0.7263459730492009,0.004707184310050268,DENTRO,CC1=C(CCC(O)=O)C2=Cc3nc(C=C4N=C(C=C5NC(=CC1=N2)C(C=C)=C5C)C(C=C)=C4C)c(C)c3CCC(O)=O,No evaluable,0.0,0.0
DB01953,0.69,0.0014821538738236666,DENTRO,C(Cc1cnc2ccccc12)C1=CC=NC=C1,No evaluable,0.0,0.0
DB01725,0.68,0.002387277349307232,DENTRO,NC(=[NH2+])c1ccc2nc(nc2c1)C1=CC=CC(C2=CC=CC=C2)=C1[O-],No evaluable,0.0,0.0
DB02989,0.6792953867339913,0.0017552450431953456,DENTRO,CC(C)COC1=CC=CC(=C1[O-])c1nc2cc(Cl)c(cc2n1)C(N)=[NH2+],No evaluable,0.0,0.0
DB03159,0.6772261210895683,0.002681491217472789,DENTRO,NC(=[NH2+])c1ccc2nc(cc2c1)C1=CC=CC(C2=CC=CC=C2)=C1[O-],No evaluable,0.0,0.0
DB03093,0.6746476933669956,0.0010093802681443264,DENTRO,COC1=CC=C(OC)C(Cc2nc3nc(F)nc(N)c3n2)=C1,No evaluable,0.0,0.0
DB04037,0.67,0.0014758048010122772,DENTRO,ClC1=CC=C(CN(CC2=CC=C(Cl)C=C2)c2nnnn2)C=C1,No evaluable,0.0,0.0
DB02868,0.6692953867339912,0.001640151780069707,DENTRO,CCC1(O)CC2CN(CCc3c(nc4ccccc34)C(C2)(C(=O)OC)C2=CC3=C(C=C2OC)N(C)C2C4(CC5(CC)C=CCN6CCC32C56)OC(=O)N(CCCl)C4=O)C1,No evaluable,0.0,0.0
DB02920,0.653027358349529,0.006255286816340397,DENTRO,CC1=C(C=C)C2=CC3=[N-]4C(=CC5=C(CCC(O)=O)C(C)=C6N5[Zn++]44N2C1=CC1=[N-]4C(C(C)=C1C=C)=C6O)C(CCC(O)=O)=C3C,No evaluable,0.0,0.0
DB04246,0.6472261210895682,0.0027216602604560056,DENTRO,NCCC1=CC(C2=CC=CC=C2)=C([O-])C(=C1)c1nc2ccc(cc2n1)C(N)=[NH2+],No evaluable,0.0,0.0
DB01858,0.6290379191476027,0.0018298660097860878,DENTRO,CCCCC(NC(=O)OCC1(CCC1)CC1=CC=C(F)C=C1)C(=O)C(=O)Nc1ccnn1,No evaluable,0.0,0.0
DB04430,0.6263459730492008,0.0014144100068844258,DENTRO,N#CC(=CNC1=CC=C(NC2=CC=CC=C2)C=C1)c1nnnn1,No evaluable,0.0,0.0
DB03596,0.62,0.0014087074049609549,DENTRO,CCC(CNC(=O)C1=CC=C(C=C1)S(N)(=O)=O)c1ccc2nccc2c1,No evaluable,0.0,0.0
DB04470,0.6136664856056491,0.0016043544129159082,DENTRO,CC(C)COC1=CC=CC(=C1[O-])c1nc2ccc(cc2n1)C(N)=[NH2+],No evaluable,0.0,0.0
DB04374,0.61,0.002413530624826889,DENTRO,CCCCCC(CCCCC)Sc1nnnc1C(O)=O,No evaluable,0.0,0.0
DB02840,0.6046476933669956,0.0012815563923099745,DENTRO,CCC1=CC(=C(O)C=C1O)c1nnc(C(O)=O)c1C1=CC=C2OCOC2=C1,No evaluable,0.0,0.0
DB05316,0.96,0.0013819574506980191,DENTRO,OC(C(O)C(O)=O)C(O)=O.CC(C)COC1=CC=C(CNC(=O)N(CC2=CC=C(F)C=C2)C2CCN(C)CC2)C=C1.CC(C)COC1=CC=C(CNC(=O)N(CC2=CC=C(F)C=C2)C2CCN(C)CC2)C=C1,NO,1005.21,7.21
DB06448,0.96,0.0013841562450953564,DENTRO,NC(=O)N1CCC(CC1)CC(=O)N1CCC(CC1)C1C2=C(CCC3=C1C(Br)=CC(Cl)=C3)C=C(Br)C=N2,NO,638.83,5.91
DB06191,0.94,0.0009745768669170277,DENTRO,Cl.Cl.Cl.OC(COC1=CC=CC2=C1C=CC=N2)CN1CCN(CC1)C1C2=CC=CC=C2C2C(C3=CC=CC=C13)C2(F)F,NO,637.0,6.48
DB01199,0.93,0.0013924383881738845,DENTRO,COC1=C2OC3=C(O)C=CC(CC4C5=C(OC6=CC=C(CC7N(C)CCC(=C1)C7=C2)C=C6)C(O)=C(OC)C=C5CC[N+]4(C)C)=C3,NO,609.74,6.7
DB00361,0.9040210247657255,0.0012238255610528383,DENTRO,CCC1=CC2CN(C1)CC1=C(NC3=CC=CC=C13)C(C2)(C(=O)OC)C1=C(OC)C=C2N(C)C3C(O)(C(OC(C)=O)C4(CC)C=CCN5CCC3(C45)C2=C1)C(=O)OC,NO,778.95,4.75
DB00460,0.9,0.0037166128523027746,DENTRO,COC(=O)CCC1=C2NC(C=C3N=C(C=C4NC(=CC5=NC(=C2)C(CCC(O)=O)=C5C)C(C=C)=C4C)C2=CC=C(C(C(=O)OC)C32C)C(=O)OC)=C1C,NO,718.81,6.72
DB00549,0.89,0.001985424422097884,DENTRO,COC1=C(CC2=CN(C)C3=C2C=C(NC(=O)OC2CCCC2)C=C3)C=CC(=C1)C(=O)NS(=O)(=O)C1=CC=CC=C1C,NO,575.69,5.7
DB04835,0.88,0.0022302735406552056,DENTRO,CC(C)C1=NN=C(C)N1C1CC2CCC(C1)N2CCC(NC(=O)C1CCC(F)(F)CC1)C1=CC=CC=C1,NO,513.68,5.95
DB00602,0.87,0.003360039098435158,DENTRO,COC1CC(OC(C)C1O)OC1C(C)OC(CC1OC)OC1C(C)C=CC=C2COC3C(O)C(C)=CC(C(=O)OC4CC(CC=C1C)OC1(CCC(C)C(O1)C(C)C)C4)C23O.CCC(C)C1OC2(CCC1C)CC1CC(CC=C(C)C(OC3CC(OC)C(OC4CC(OC)C(O)C(C)O4)C(C)O3)C(C)C=CC=C3COC4C(O)C(C)=CC(C(=O)O1)C34O)O2,NO,1736.18,10.81
DB00718,0.85,0.0015252522360426493,DENTRO,CC(C)(C)C(=O)OCOP(=O)(COCCN1C=NC2=C(N)N=CN=C12)OCOC(=O)C(C)(C)C,NO,501.48,2.7
DB01256,0.85,0.003124960891303405,DENTRO,CC1CCC23CCC(=O)C2C1(C)C(CC(C)(C=C)C(O)C3C)OC(=O)CSC1CC2CCC(C1)N2C,NO,517.78,5.25
DB00444,0.8346476933669956,0.0018196646740952995,DENTRO,COC1=CC(=CC(OC)=C1O)C1C2C(COC2=O)C(OC2OC3COC(OC3C(O)C2O)C2=CC=CS2)C2=CC3=C(OCO3)C=C12,NO,656.66,2.75
DB01636,0.82,0.004257721458061735,DENTRO,[Fe++].CC1=C(CCC(O)=O)C2=CC3=NC(=CC4=C(C=C)C(C)=C([N-]4)C=C4N=C(C=C1[N-]2)C(C)=C4C=O)C(C)=C3CCC(O)=O,NO,618.47,5.77
DB01263,0.8163459730492009,0.0015347835974647715,DENTRO,CCC(C(C)O)N1N=CN(C1=O)C1=CC=C(C=C1)N1CCN(CC1)C1=CC=C(OCC2COC(C2)(CN2C=NC=N2)C2=C(F)C=C(F)C=C2)C=C1,NO,700.79,4.57
DB00390,0.81,0.005404295302744113,DENTRO,CC1OC(CC(O)C1O)OC1C(O)CC(OC1C)OC1C(O)CC(OC2CCC3(C)C(CCC4C3CC(O)C3(C)C(CCC43O)C3=CC(=O)OC3)C2)OC1C,NO,780.95,2.22
DB02703,0.8022447622214832,0.0035813563938846583,DENTRO,CC1C(O)CCC2(C)C1CCC1(C)C2C(O)CC2C(C(CC12C)OC(C)=O)=C(CCC=C(C)C)C(O)=O,NO,516.72,5.67
DB04144,0.8,0.0013385446804852076,DENTRO,COC1=CC=C(C(OC(C)C)=C1)C1=NC(C(N1C(=O)N1CCNCC1)C1=CC=C(Cl)C=C1)C1=CC=C(Cl)C=C1,NO,567.52,6.36
DB04330,0.8,0.0017415353811654592,DENTRO,CC1=CC=C2C(=O)C3(OC(C(C3C(O)=O)C(=O)NC3=CC=C(C=C3)C3=CSN=N3)C3=CC=C(Cl)C(Cl)=C3)C(=O)C2=C1,NO,608.46,5.67
DB05478,0.797609565706636,0.001409754592373265,DENTRO,CS(O)(=O)=O.NC1=C2N=CN(CCOCP3(=O)OCCC(O3)C3=CC(Cl)=CC=C3)C2=NC=N1,NO,519.9,2.91
DB06210,0.793027358349529,0.0013329693271488833,DENTRO,NCCO.NCCO.CC1=C(NN=C2C=CC=C(C2=O)C2=CC(=CC=C2)C(O)=O)C(=O)N(N1)C1=CC(C)=C(C)C=C1,NO,564.64,1.65
DB06287,0.79,0.0036325216586134594,DENTRO,COC1CC(CCC1OC(=O)C(C)(CO)CO)CC(C)C1CC(=O)C(C)C=C(C)C(O)C(OC)C(=O)C(C)CC(C)C=CC=CC=C(C)C(CC2CCC(C)C(O)(O2)C(=O)C(=O)N2CCCCC2C(=O)O1)OC,NO,1030.3,5.72
DB01066,0.78,0.005852645310970119,DENTRO,CON=C(C(=O)NC1C2SCC(C=CC3=C(C)N=CS3)=C(N2C1=O)C(=O)OCOC(=O)C(C)(C)C)C1=CSC(N)=N1,NO,620.74,2.3
DB01361,0.78,0.002915111930593435,DENTRO,COC1CC(OC(C)C1OC(C)=O)OC1C(C)C(OC2OC(C)CC(C2OC(C)=O)N(C)C)C(C)CC2(CO2)C(=O)C(C)C(OC(C)=O)C(C)C(C)OC(=O)C1C,NO,813.98,3.62
DB01761,0.78,0.0012689143380180184,DENTRO,CC(NC1=NC=CC(=N1)C1=C(N=C(C2CCNCC2)N1C)C1=CC(=CC=C1)C(F)(F)F)C1=CC=CC=C1,NO,506.58,6.2
DB00337,0.77,0.0021708372810286323,DENTRO,CCC1C=C(C)CC(C)CC(OC)C2OC(O)(C(C)CC2OC)C(=O)C(=O)N2CCCCC2C(=O)OC(C(C)C(O)CC1=O)C(C)=CC1CCC(Cl)C(C1)OC,NO,810.47,5.72
DB00385,0.77,0.002326789544132442,DENTRO,CCCCC(=O)OCC(=O)C1(O)CC(OC2CC(NC(=O)C(F)(F)F)C(O)C(C)O2)C2=C(C1)C(O)=C1C(=O)C3=C(C(=O)C1=C2O)C(OC)=CC=C3,NO,723.65,2.46
DB01229,0.77,0.00265067666354544,DENTRO,CC(=O)OC1C(=O)C2(C)C(O)CC3OCC3(OC(C)=O)C2C(OC(=O)C2=CC=CC=C2)C2(O)CC(OC(=O)C(O)C(NC(=O)C3=CC=CC=C3)C3=CC=CC=C3)C(C)=C1C2(C)C,NO,853.92,3.74
DB05261,0.77,0.00265067666354544,DENTRO,CC(=O)OC1C(=O)C2(C)C(O)CC3OCC3(OC(C)=O)C2C(OC(=O)C2=CC=CC=C2)C2(O)CC(OC(=O)C(O)C(NC(=O)C3=CC=CC=C3)C3=CC=CC=C3)C(C)=C1C2(C)C,NO,853.92,3.74
DB05927,0.77,0.00265067666354544,DENTRO,CC(=O)OC1C(=O)C2(C)C(O)CC3OCC3(OC(C)=O)C2C(OC(=O)C2=CC=CC=C2)C2(O)CC(OC(=O)C(O)C(NC(=O)C3=CC=CC=C3)C3=CC=CC=C3)C(C)=C1C2(C)C,NO,853.92,3.74
DB06558,0.77,0.0013359850777368083,DENTRO,COC1=CC=CC=C1OC1=C(NS(=O)(=O)C2=NC=C(C=C2)C(C)C)N=C(N=C1OCCO)C1=CC(=NC=C1)C1=NNN=N1,NO,605.64,3.21
DB00932,0.7693733313987301,0.0020544084537926057,DENTRO,CCCC1(CCC2=CC=CC=C2)CC(=O)C(C(CC)C2=CC(NS(=O)(=O)C3=NC=C(C=C3)C(F)(F)F)=CC=C2)=C(O)O1,NO,602.68,7.33
DB04868,0.76,0.002410955710707822,DENTRO,CC1=CN(C=N1)C1=CC(=CC(NC(=O)C2=CC(NC3=NC=CC(=N3)C3=CN=CC=C3)=C(C)C=C2)=C1)C(F)(F)F,NO,529.53,6.36
DB04851,0.7553501034330493,0.0022945390151274466,DENTRO,OC(=O)CC(O)(CC(O)=O)C(O)=O.OC(=O)CC(O)(CC(O)=O)C(O)=O.COC1=CC(=CC(OC)=C1OC)C(=O)C(=O)N1CCCCC1C(=O)OC(CCCC1=CN=CC=C1)CCCC1=CN=CC=C1,NO,987.96,2.53
DB04803,0.7326919460984017,0.003942160631421721,DENTRO,[Fe+4].CC(=C)C1=NC=CC2=C(CCC(O)=O)C(C)=C([N-]2)C=C2N=C([O+]=C3[N-]C(=C1)C(C)=C3C=C)C(C)=C2C=C,NO,549.43,6.56
DB00868,0.71,0.004421268874402567,DENTRO,CCCCNC1=CC=C(C=C1)C(=O)OCCOCCOCCOCCOCCOCCOCCOCCOCCOC,NO,603.75,2.83
DB01118,0.7,0.0014543870299859492,DENTRO,CCCCC1=C(C(=O)C2=CC(I)=C(OCCN(CC)CC)C(I)=C2)C2=CC=CC=C2O1,NO,645.32,6.94
DB01347,0.7,0.002495703774297654,DENTRO,CCC1=NC(C2CC2)=C(N1CC1=CC2=C(OC(=C2Br)C2=CC=CC=C2NS(=O)(=O)C(F)(F)F)C=C1)C(N)=O,NO,611.44,5.91
DB02269,0.69,0.0014754868312426403,DENTRO,C[N+](C)(C)C1=CC=C(CNC(=O)C2=CC3=C(C=CC(OCC4=CC=CC=C4)=C3)N2CC2=CC=CC(=C2)C(N)=N)C=C1,NO,546.7,5.68
DB02872,0.6872354538631987,0.0012731280861324355,DENTRO,CCOC1=CC(OC)=CC=C1C1=NC(C(N1C(=O)N1CCN(CCO)CC1)C1=CC=C(Br)C=C1)C1=CC=C(Br)C=C1,NO,686.45,5.89
DB05398,0.6822447622214832,0.003749324590379432,DENTRO,CCCCCCCCCCCC[N+](C)(C)[O-].CCCCCCCCCCCC[N+](C)(C)CC([O-])=O,NO,500.85,7.22
DB00492,0.666345973049201,0.0020837818899203794,DENTRO,CCC(=O)OC(OP(=O)(CCCCC1=CC=CC=C1)CC(=O)N1CC(CC1C(O)=O)C1CCCCC1)C(C)C,NO,563.67,6.12
DB03044,0.66,0.001392291666104733,DENTRO,CC1=CC=C(C=C1)N1N=C(C=C1NC(=O)NC1=CC=C(OCCN2CCOCC2)C2=C1C=CC=C2)C(C)(C)C,NO,527.67,5.99
DB01419,0.65,0.0021346740553717545,DENTRO,FC(F)(F)C1=CC(=CC=C1)N1CCN(CCOC(=O)C2=CC=CC=C2NC2=C3C=CC(=CC3=NC=C2)C(F)(F)F)CC1,NO,588.55,7.0
DB02200,0.6463459730492009,0.0018059116760879251,DENTRO,O=C(NC(CC1=CC=CC=C1)C(=O)NC(CCC1=CC=CC=C1)CCS(=O)(=O)CC1=CC=CC=C1)OCC1=CC=CC=C1,NO,598.77,5.65
DB04881,0.6446476933669956,0.0018146443770342782,DENTRO,COC1=CC=CC2=C1NC1=C(C=CC=C1C(=O)NC1=CC=C(CCN3CCC4=CC(OC)=C(OC)C=C4C3)C=C1)C2=O,NO,563.65,5.56
DB02702,0.6363459730492009,0.0033830357498257036,DENTRO,OC1C(O)C(CC2=CC=CC=C2)N(CC2=CC=CC(=C2)C(=O)NC2=NC=CS2)C(=O)N(CC2=CC=CC(=C2)C(=O)NC2=NC=CS2)C1CC1=CC=CC=C1,NO,758.93,6.49
DB04502,0.6363459730492009,0.0018008990784702142,DENTRO,O=C(NC(CC1=CC=CC=C1)C(=O)NC(CCC1=CC=CC=C1)CCS(=O)(=O)OC1=CC=CC=C1)OCC1=CC=CC=C1,NO,600.74,5.44
DB02629,0.6223227450835204,0.0025215051335958287,DENTRO,OC1CC2=CC=CC=C2C1NC(=O)C(OCC1=CC=CC=C1F)C(O)C(O)C(OCC1=CC=CC=C1F)C(=O)NC1C(O)CC2=CC=CC=C12,NO,688.72,2.71
DB02468,0.6223227450835203,0.0030058298943837006,DENTRO,CC1C(C=C)C2=CC3=C(C)C(CCC(O)=O)=C4C=C5C(CCC(O)=O)=C(C)C6=[N+]5[Fe]5(N7C(=C6)C(C)=C(C=C)C7=C(C6=CC=CC=C6)C1=[N+]25)N34,NO,694.61,5.05
DB01259,0.61,0.0019677377135413603,DENTRO,CS(=O)(=O)CCNCC1=CC=C(O1)C1=CC2=C(C=C1)N=CN=C2NC1=CC(Cl)=C(OCC2=CC(F)=CC=C2)C=C1,NO,581.07,6.14
DB02584,0.61,0.0019677377135413603,DENTRO,CS(=O)(=O)CCNCC1=CC=C(O1)C1=CC=C2N=CN=C(NC3=CC=C(OCC4=CC=CC(F)=C4)C(Cl)=C3)C2=C1,NO,581.07,6.14
DB05038,0.61,0.0015454347874153283,DENTRO,[H]N=C(N)C1=CC=C(C=C1)C(=O)NCCCNC(=O)C1CCCN1S(=O)(=O)C1=C(Cl)C(COC2=CC=CC3=C2N=C(C)C=C3C)=C(Cl)C=C1,NO,711.67,5.11
DB02975,0.7272261210895682,0.033769064308191946,FUERA,CNC(=O)CC1NC(=O)C2=CSC(=N2)C2=CC=C(N=C2C2=CSC(=N2)C2=CSC(=N2)C(NC(=O)CNC(=O)C2=C(COC)SC(=N2)C(NC(=O)C2=C(C)SC1=N2)C(C)C)C(O)C1=CC=CC=C1)C1=NC(=CS1)C1=NC(CO1)C(=O)N1CCCC1C(N)=O,NO,1290.55,5.93
DB00137,0.71,0.013016028296082853,FUERA,CC(C=CC=C(C)C=CC1C(C)=CC(O)CC1(C)C)=CC=CC=C(C)C=CC=C(C)C=CC1=C(C)CC(O)CC1(C)C,NO,568.89,10.4
DB04911,0.71,0.023188402796803904,FUERA,CNC(CC(C)C)C(=O)NC1C(O)C2=CC(Cl)=C(OC3=C(OC4OC(CO)C(O)C(O)C4OC4CC(C)(NCC5=CC=C(C=C5)C5=CC=C(Cl)C=C5)C(O)C(C)O4)C4=CC(=C3)C(NC(=O)C(CC(N)=O)NC1=O)C(=O)NC1C(=O)NC(C(OC3CC(C)(N)C(O)C(C)O3)C3=CC(Cl)=C(O4)C=C3)C(=O)NC(C(O)=O)C3=C(C(O)=CC(O)=C3)C3=C(O)C=CC1=C3)C=C2,NO,1793.12,4.5
DB03232,0.7,0.017275411764509287,FUERA,CC(C)=CCCC(C)=CCCC(C)=CCCC(C)=CCCC(C)=CCCC(C)=CCCC(C)=CCCC(C)=CCC1=CC=CC=C1O,NO,639.07,14.99
DB01751,0.6507024100660539,0.01285652865787109,FUERA,OC(=O)CC1=CC(I)=C(OC2=CC(I)=C(O)C(I)=C2)C(I)=C1,NO,747.83,5.23
