Mp,C_percent,N_percent,O_percent,DECC,Psi_e_A,piPC05,PCR,Vindex,SpMAD_A,WiA_D/Dt,SpMAD_B(p),MATS2m,MATS5m,MATS5p,MATS8p,MATS1i,MATS7i,GATS4m,GATS8m,GATS2p,GATS2i,GATS4i,GATS6i,SpMax2_Bh(p),SpMax2_Bh(i),SpMin1_Bh(p),SpMin3_Bh(i),P_VSA_p_3,P_VSA_i_2,P_VSA_s_3,P_VSA_s_6,P_VSA_ppp_D,P_VSA_ppp_cyc,Eta_D_epsiA,Eta_psi1,SpMaxA_AEA(dm),SM12_AEA(ri),SdssC,SaasC,mindssC,CATS2D_00_LL,SHED_AL,SHED_LL,Uc,TPSA_efficiency,LOGPcons,SAscore,QEDu,MACCSFP125,Actividad
0.7241,46.1538,10.2564,0.0,1.1758,7.4928,6.3637,1.5558,0.221,1.3625,0.4094,1.6197,-0.0383,-0.0105,0.0871,-0.1458,-0.056,-0.0261,0.8323,1.1258,1.1446,1.1795,1.1082,0.8067,3.8489,3.9358,2.0559,1.6942,141.7916,109.572,49.315,50.1115,0.0,149.7521,0.1377,0.6364,0.1665,3.5699,0.0,2.0341,0.0,13,8.0031,8.9164,4.4594,0.215,4.206,3.7134,0.5567,1,Act1
0.6743,45.2381,4.7619,2.381,0.9091,7.6061,5.7949,1.433,0.3023,1.3127,0.4048,1.5629,0.0882,-0.0586,0.0658,-0.2138,-0.2113,-0.2888,1.0979,1.0547,0.9114,1.0204,1.1053,0.9659,3.739,3.8159,2.0294,1.5758,132.7848,132.7848,20.3719,25.1449,0.0,109.7714,0.1049,0.6267,0.1609,3.6647,0.0219,3.9719,0.0219,14,4.4999,7.6311,3.9069,0.0863,4.0366,3.4303,0.7981,1,Act1
0.751,46.6667,8.8889,4.4444,1.3294,7.8305,6.603,1.5758,0.2031,1.3271,0.4174,1.6553,0.1269,0.0109,0.1275,0.0803,-0.027,0.0084,0.9567,1.1013,0.8598,1.0365,1.0103,1.2092,3.9566,3.9557,2.1331,1.8436,166.5291,129.2054,48.5953,110.7812,32.8972,193.8476,0.1924,0.6022,0.1626,4.5414,0.0,1.3896,0.0,13,7.0755,7.2113,4.858,0.3032,3.7141,3.8287,0.4272,1,Act1
0.7369,48.7179,5.1282,12.8205,1.8189,8.1481,5.9992,1.4919,0.1783,1.2893,0.5522,1.6,0.0019,-0.1097,0.0595,-0.2603,0.0609,0.0434,0.9474,1.2126,1.0799,1.1599,0.9863,0.9276,3.8508,3.9453,2.0368,1.5461,143.6523,112.3747,60.1933,163.442,103.3774,170.5279,0.2586,0.5378,0.1242,3.988,-1.3382,2.1978,-1.2096,12,12.023,11.8477,4.3923,0.3704,3.4863,3.8439,0.4666,1,Act1
0.6855,42.0,6.0,8.0,1.8267,8.1694,5.8873,1.4145,0.2159,1.2758,0.6779,1.5606,0.0201,-0.0395,-0.0669,-0.1537,-0.1017,-0.0278,1.1006,1.3312,1.0045,1.0369,0.9972,0.7916,3.8448,3.9407,2.0622,1.8034,154.4595,148.6521,36.4458,112.2034,34.4157,145.2097,0.2134,0.5311,0.1464,3.9363,-0.7158,0.166,-0.7158,12,11.4095,12.7351,4.4594,0.2463,2.6063,3.6966,0.5784,1,Act1
0.6726,41.1765,1.9608,9.8039,1.1148,7.9405,5.938,1.3348,0.2895,1.2595,0.381,1.4868,0.0494,-0.155,-0.0608,-0.1082,-0.003,-0.0459,0.8968,1.1551,0.9196,0.9146,1.2145,1.0709,3.7177,3.7975,2.0203,1.624,147.5933,115.3738,71.9066,114.973,60.6941,72.8874,0.1678,0.556,0.1465,3.7824,1.8478,2.277,-0.1682,12,7.0378,6.7426,3.585,0.2744,2.373,4.1326,0.7723,0,Act1
0.6703,40.8163,2.0408,8.1633,1.1686,7.7564,5.9241,1.3323,0.2928,1.2917,0.362,1.5034,0.037,-0.1411,-0.0419,-0.0473,0.025,-0.0394,0.9153,1.0441,0.8367,0.7955,1.2781,1.1478,3.7192,3.7952,2.0245,1.6242,150.1899,117.9704,72.4454,91.0418,32.8972,78.1308,0.1479,0.5729,0.1569,3.7833,2.4057,3.7354,-0.0166,11,6.3533,5.7132,3.4594,0.2572,2.5649,4.2272,0.8648,0,Act1
0.7273,46.1538,2.5641,0.0,1.0748,7.4497,5.8149,1.4034,0.272,1.2944,0.4196,1.5026,0.0991,0.1128,-0.0101,-0.1512,-0.0635,-0.227,0.9077,1.2012,0.6373,0.6859,0.8629,1.2001,3.7195,3.7872,2.0545,1.5926,184.77,113.4018,53.0186,39.1486,0.0,114.7121,0.1077,0.682,0.1999,3.6634,1.309,5.9776,1.309,14,6.1075,6.5196,3.8074,0.0997,5.0377,3.569,0.6582,1,Act1
0.6461,38.4615,10.2564,5.1282,1.9545,8.1136,5.3879,1.3462,0.2466,1.2549,0.7287,1.4859,0.0777,0.0697,0.0962,-0.1088,-0.0967,-0.0569,1.1674,0.9798,1.0753,1.0732,1.0758,0.8492,3.7483,3.9017,2.0387,1.4336,98.8625,98.8625,33.1798,100.7876,68.9187,93.3622,0.1971,0.5116,0.1589,3.6139,-0.5805,1.7455,-0.5805,8,8.009,8.8058,3.8074,0.2933,2.8109,3.522,0.7956,1,Act1
0.6703,42.8571,2.0408,4.0816,1.9645,7.9306,5.4559,1.2669,0.1853,1.2805,0.71,1.486,0.0088,0.1037,0.0286,-0.1384,-0.0333,0.0583,0.9813,1.4512,1.0135,1.0613,0.9262,0.8616,3.858,3.9506,2.0752,1.6905,155.5401,116.3915,40.5815,121.937,42.6833,107.2075,0.1479,0.5729,0.1358,3.7557,0.0414,1.8045,0.0414,15,9.4975,13.0596,3.8074,0.1078,4.1064,3.5811,0.8166,1,Act1
0.6875,44.4444,4.4444,2.2222,1.7569,7.5706,5.8201,1.3971,0.1873,1.3265,0.547,1.531,0.0026,0.0984,0.0389,-0.0863,-0.0294,0.0573,0.9508,1.2295,0.9224,1.1022,1.0351,0.9906,3.9053,4.0009,2.0742,1.6782,149.9811,110.8324,25.975,81.832,59.4689,128.6366,0.1179,0.6218,0.1408,3.867,0.0,3.0003,0.0,14,7.7527,11.8454,4.0875,0.1152,3.5667,3.8924,0.77,1,Act1
0.7072,42.3729,6.7797,3.3898,1.8066,7.5819,5.8143,1.2877,0.1702,1.3257,0.6791,1.5839,0.0095,0.0173,0.0641,0.0083,-0.2933,-0.0013,0.6634,0.9933,0.6419,1.0159,1.1752,1.0233,3.8547,3.9608,2.0733,1.7757,156.6814,156.6814,32.5122,52.9303,0.0,159.9164,0.1237,0.6488,0.1065,3.8332,-0.0206,4.5151,-0.0206,13,11.7584,13.0986,4.3219,0.0902,4.1771,3.6223,0.4687,1,Act1
0.6611,42.3729,6.7797,3.3898,1.8066,7.7656,5.8143,1.2877,0.1702,1.3257,0.6791,1.5419,-0.0208,-0.0319,0.0388,0.0028,-0.2639,-0.0741,1.0842,1.0568,0.925,1.0374,1.069,0.8552,3.8368,3.9645,2.0744,1.7735,164.1428,164.1428,39.9736,67.8905,0.0,167.3778,0.1467,0.5649,0.1065,3.8332,-0.1839,2.6619,-0.1839,12,11.2676,10.8074,4.3219,0.1126,3.7967,3.51,0.5802,1,Act1
0.6584,42.3077,5.7692,3.8462,2.051,7.869,5.6308,1.2727,0.1579,1.3109,0.6101,1.5157,-0.0103,-0.0504,-0.0535,0.0149,-0.1415,-0.0095,1.0622,1.1564,1.0801,1.0954,0.8852,0.8336,3.8566,3.9614,2.0558,1.7551,119.4946,119.4946,43.6846,65.25,18.0108,131.4457,0.1458,0.5609,0.1232,3.7557,0.0183,2.095,-0.0375,13,10.7406,13.3441,3.9069,0.1523,3.4968,3.5193,0.8115,1,Act1
0.6911,45.7143,8.5714,8.5714,1.6942,8.0076,5.9186,1.4489,0.2309,1.3136,0.5725,1.6149,0.0513,-0.029,-0.0231,-0.1561,-0.1072,-0.1304,1.1041,1.1453,0.8665,0.8489,0.8986,0.9736,3.8182,3.9221,2.0564,1.4196,111.1475,111.1475,24.4545,78.0753,34.7963,121.9396,0.2095,0.5397,0.1518,3.7939,-0.6813,1.4374,-0.6114,10,9.9759,6.2306,4.2479,0.2847,2.6541,4.0353,0.7426,1,Act1
0.698,50.0,3.125,0.0,0.8028,7.3382,5.7281,1.3426,0.3111,1.3665,0.2534,1.5801,0.0722,-0.1718,-0.1391,0.1074,0.0805,0.0999,1.1796,0.8755,0.9195,1.063,1.2014,0.7806,3.7486,3.8261,2.0544,1.4057,99.912,99.912,15.2768,0.0,18.0108,109.0976,0.0739,0.6829,0.2043,3.6812,0.0,5.8725,0.0,14,0.0,6.2761,3.7004,0.0544,3.2334,4.9187,0.4653,1,Act1
0.671,36.3636,9.0909,6.0606,1.5432,7.8333,5.5517,1.3486,0.3007,1.2365,0.5987,1.4883,0.1783,-0.064,-0.2141,-0.2062,-0.158,-0.0154,0.8547,0.9862,0.84,0.8116,0.8996,0.9528,3.5449,3.6758,1.9918,1.4196,103.6824,71.4628,46.7201,52.9303,34.7963,69.7379,0.1706,0.5577,0.2388,3.2204,-0.5363,1.5642,-0.5363,6,6.1236,4.2073,3.585,0.3479,2.6247,4.0546,0.862,1,Act1
0.6721,42.2222,4.4444,0.0,1.0744,7.4066,5.4348,1.2565,0.2681,1.3161,0.5806,1.4856,-0.019,0.0683,0.1135,-0.0812,-0.2113,-0.1134,0.8305,1.5103,0.8453,1.0366,0.994,1.1237,3.7634,3.8534,2.0629,1.5835,153.6604,114.5117,20.8291,39.1486,0.0,112.364,0.0866,0.6523,0.148,3.4313,0.0,3.4729,0.0,13,7.1615,7.7416,3.7004,0.0206,4.0342,3.7648,0.7644,1,Act1
0.6541,42.3077,0.0,15.3846,1.12,7.8778,6.1084,1.282,0.2114,1.3304,0.3817,1.5019,0.0511,-0.0625,-0.01,-0.1154,-0.1265,0.0311,0.986,0.9844,0.7207,0.7452,1.1652,1.206,3.7829,3.8873,2.1003,1.5098,124.762,124.762,54.2078,133.8276,42.6833,125.1125,0.2024,0.5037,0.1162,4.0722,-0.3323,4.9118,-0.3323,10,5.9902,4.4519,3.8074,0.2236,2.01,4.716,0.6694,1,Act1
0.6306,38.6667,2.6667,5.3333,1.7339,7.419,6.0238,1.2598,0.1704,1.3351,0.4227,1.4607,0.0501,-0.0446,0.0056,0.0147,-0.1548,-0.0436,1.0658,0.9329,0.8626,0.9623,1.2932,1.0557,3.9105,4.0134,2.1467,1.7587,142.9682,142.9682,52.7058,43.9996,18.0108,106.6768,0.0939,0.5864,0.0901,4.104,0.0,8.9322,0.0,16,10.4728,9.5189,3.7004,0.1086,4.4,4.7258,0.6524,1,Act1
0.6434,41.1765,1.9608,3.9216,1.9167,7.6042,5.3058,1.2708,0.2044,1.3059,0.6795,1.484,-0.055,0.0529,0.0512,0.091,-0.0108,-0.0428,1.0681,0.9121,1.1256,1.2021,1.0938,1.0108,3.8492,3.9389,2.0825,1.7399,112.2976,112.2976,18.1862,85.3667,85.3667,104.0622,0.085,0.6174,0.1297,3.4566,0.0,2.5279,0.0,16,12.0364,12.0567,3.7004,0.1343,3.7174,3.9632,0.906,1,Act1
0.6827,45.4545,7.2727,3.6364,1.5692,7.6989,6.5335,1.5174,0.1877,1.3108,0.4674,1.5798,0.0669,0.102,-0.0714,-0.0927,-0.1376,-0.1054,0.7915,1.2004,0.7838,0.9082,0.9358,0.9596,4.0049,4.1217,2.0408,1.7083,149.0293,149.0293,38.3317,50.2899,34.7963,162.186,0.1365,0.5946,0.1096,4.5214,0.1728,1.544,-0.3526,15,9.3035,10.101,4.585,0.1791,3.0417,4.0629,0.5137,1,Act1
0.6434,41.3043,2.1739,2.1739,2.068,7.4048,5.2364,1.3427,0.234,1.3002,0.7457,1.482,-0.0412,0.1317,0.093,-0.1924,-0.1609,-0.1455,1.0955,1.1152,1.0175,1.0813,1.1594,0.7117,3.7554,3.8596,2.0483,1.6185,127.9952,127.9952,25.0586,10.9999,0.0,96.9008,0.0703,0.645,0.137,3.4094,0.0,3.6148,0.0,14,9.9303,11.2461,3.7004,0.044,4.2076,3.2964,0.7091,1,Act1
0.6457,40.7407,1.8519,11.1111,1.1891,7.8966,5.9711,1.3308,0.2867,1.2713,0.3886,1.4877,0.1454,-0.1854,-0.0795,-0.0914,-0.1411,-0.0717,0.9393,0.9978,0.7307,0.8136,1.2939,1.1588,3.6891,3.8066,2.0251,1.6069,138.8856,138.8856,48.6232,94.2894,18.0108,81.8235,0.1676,0.5296,0.1168,3.7877,1.2776,3.3376,-0.2574,11,6.7036,6.0746,3.585,0.208,1.8905,4.1001,0.7877,0,Act-1
0.7172,50.0,10.0,3.3333,1.0249,7.7895,5.9938,1.5141,0.281,1.3411,0.4697,1.6641,0.0786,-0.1743,-0.1436,-0.2781,-0.0852,-0.2045,1.0571,1.3061,0.8589,0.8903,1.0217,0.9551,3.6484,3.8702,2.128,1.4706,112.4601,112.4601,21.1282,57.3522,18.0108,113.7548,0.1755,0.5917,0.1939,4.0095,0.0,2.0043,0.0,10,7.0511,4.3367,4.1699,0.2481,2.9361,3.5196,0.7794,1,Act1
0.7071,42.8571,11.9048,2.381,1.6992,7.58,6.2378,1.5314,0.1991,1.3184,0.5293,1.5762,0.2181,0.0374,0.0156,-0.6176,-0.08,0.1763,1.0035,2.5914,0.7708,0.9892,1.1439,0.863,3.8366,3.938,2.0221,1.392,152.3923,121.1146,48.9065,60.9889,0.0,175.8695,0.1654,0.5925,0.1173,3.8925,0.0,5.4294,0.0,11,8.0863,9.0469,4.4594,0.2384,3.8155,3.9708,0.5279,1,Act1
0.7454,45.4545,9.0909,4.5455,1.0,7.881,4.7942,1.3472,0.3217,1.3032,0.6265,1.6253,-0.0982,-0.0385,0.3225,-0.002,-0.0416,-0.237,0.8621,1.0816,1.0226,1.1177,1.0195,1.11,3.7285,3.8231,1.9763,1.3796,103.7464,72.4687,40.0975,41.9305,18.0108,115.8273,0.1979,0.5989,0.2381,3.4198,-0.0898,1.4164,-0.0898,5,5.4507,4.7451,3.7004,0.3438,1.6443,3.1626,0.852,1,Act1
0.6784,40.0,4.0,8.0,1.7857,7.8234,5.7414,1.292,0.2175,1.3022,0.6529,1.4875,0.0763,-0.0531,-0.003,0.1326,-0.3401,0.1636,0.9454,0.8153,0.6033,0.9091,1.2649,1.2516,3.8394,3.9262,2.0654,1.612,200.129,121.8317,41.8013,136.4419,0.0,90.7265,0.1888,0.546,0.1236,3.9312,-0.0869,4.0213,-0.0869,8,10.3396,7.0218,3.8074,0.1205,3.4464,3.3637,0.7267,1,Act1
0.6273,32.6923,5.7692,7.6923,1.4176,8.0033,5.3894,1.2084,0.2932,1.2426,0.6976,1.4558,0.0793,0.0676,-0.0777,-0.0368,-0.1185,0.0056,1.0757,1.2145,1.0392,1.1547,1.2045,0.7995,3.743,3.958,2.0601,1.59,83.2589,77.213,29.727,113.355,50.9079,41.9881,0.1425,0.5386,0.202,3.9421,-0.3543,0.5081,-0.3543,7,8.7937,10.758,3.3219,0.298,1.2034,3.8293,0.7038,0,Act-1
0.7115,42.8571,7.1429,3.5714,1.125,7.7813,4.8515,1.3306,0.2971,1.2813,0.6517,1.5587,0.0492,0.12,0.0263,-0.5447,0.0259,0.2884,0.7462,2.1231,1.0449,1.0793,1.1311,0.4995,3.8441,3.8541,2.0149,1.3733,115.7572,84.4795,42.4254,25.1449,36.0215,102.6561,0.1549,0.6113,0.2099,3.5032,-0.2113,2.7143,-0.2113,9,2.6247,6.7722,3.7004,0.2986,2.8648,3.2719,0.7224,1,Act1
0.718,52.0833,4.1667,6.25,2.1333,7.7056,6.4943,1.6282,0.1492,1.3515,0.5152,1.6398,0.0206,0.1024,0.1124,0.0159,-0.0492,0.0746,1.1218,1.0001,0.9328,1.0252,1.0739,1.068,3.923,4.0264,2.1266,1.8461,179.7728,179.7728,36.2222,62.4377,18.0108,190.4779,0.1682,0.5934,0.1052,4.3125,-0.2162,3.258,-0.2162,18,12.8659,14.2567,4.858,0.1632,5.0799,3.5741,0.4124,1,Act1
0.7105,47.0588,1.9608,11.7647,1.4375,8.0911,6.2923,1.4089,0.2141,1.2709,0.6202,1.5941,0.1716,-0.2191,0.0139,-0.2023,-0.1635,0.143,1.1619,1.2291,0.9158,0.9962,1.2034,0.9467,3.9771,4.0082,2.0696,1.844,184.1395,178.3321,37.4905,115.11,0.0,158.293,0.212,0.5506,0.1355,4.6146,-1.341,0.8663,-1.1074,17,9.0147,10.527,4.7549,0.2275,4.3421,3.7158,0.3473,1,Act1
0.6874,48.0769,1.9231,5.7692,1.7646,7.8305,5.9932,1.3878,0.2049,1.2924,0.5331,1.5532,0.1051,0.1274,0.0989,-0.059,-0.0116,0.0788,1.0781,1.0251,0.9484,1.0297,1.0741,1.021,3.8694,3.9527,2.0303,1.8499,164.5284,164.5284,33.163,92.9732,42.6833,140.2286,0.1318,0.6043,0.1358,3.7533,-0.7152,4.7805,-0.4586,20,8.2803,12.8556,4.3923,0.1494,4.0897,4.6652,0.7049,1,Act1
0.6846,47.2727,1.8182,9.0909,2.1445,7.8333,6.3981,1.4896,0.1775,1.298,0.5902,1.5621,0.1265,-0.1399,-0.1894,-0.0461,-0.15,0.0764,1.0225,1.0679,0.9274,1.082,1.1567,0.9859,3.8124,3.9154,2.0688,1.8461,188.3121,188.3121,46.0636,83.2895,0.0,144.7605,0.1675,0.5657,0.1067,3.7027,-0.5838,4.0053,-0.5242,16,12.043,13.8331,4.6439,0.1554,4.62,3.8297,0.2947,1,Act1
0.7063,49.0196,7.8431,3.9216,2.4225,7.7742,6.3569,1.5451,0.1715,1.3173,0.5706,1.6067,0.0259,-0.0547,0.0156,0.0394,0.0345,-0.0279,0.9713,0.9798,1.0379,1.1649,1.1174,0.9756,3.8298,3.9425,2.1466,1.8108,196.3621,196.3621,33.4701,92.7921,36.0215,171.2141,0.162,0.5946,0.1039,3.7234,-0.1076,4.657,-0.1076,18,12.093,13.6163,4.7004,0.1864,4.9589,3.7928,0.4688,1,Act1
0.6858,44.898,2.0408,6.1224,2.2332,7.714,5.7432,1.422,0.1921,1.2952,0.6844,1.5119,0.0048,0.0559,0.1398,0.1613,-0.0158,-0.0992,1.0239,0.6796,0.9808,1.1297,1.119,0.9712,3.8373,3.9242,2.0437,1.823,186.6184,147.4698,34.4058,103.8318,60.6941,127.3541,0.1492,0.5885,0.1121,3.6156,0.0,5.4411,0.0,15,10.6786,13.3661,4.2479,0.1321,4.9886,3.4183,0.5459,1,Act1
0.6624,43.1034,3.4483,8.6207,1.5313,7.8073,6.069,1.2846,0.1836,1.3198,0.4358,1.5195,0.0314,0.1168,-0.0208,-0.0717,-0.1633,-0.0087,0.8882,1.1082,0.9333,1.0518,0.9418,0.9348,3.8317,3.9198,2.0548,1.6963,128.3683,128.3683,53.2094,114.973,42.6833,141.0456,0.1551,0.5536,0.1115,3.8332,-0.02,2.6252,-0.2825,13,10.6879,9.2905,4.0,0.1915,2.3197,4.2305,0.7198,1,Act-1
0.6523,41.5385,3.0769,9.2308,1.5771,7.8048,6.168,1.2837,0.1812,1.3127,0.4548,1.4977,0.0948,0.1307,0.0604,-0.166,-0.1862,0.05,0.9706,1.1185,0.8528,0.976,1.0618,1.0108,3.8454,3.9346,2.0654,1.6965,137.5531,137.5531,61.6384,125.9729,42.6833,130.5221,0.1541,0.5452,0.103,3.9712,-0.0688,3.8321,-0.2951,13,11.3111,9.1914,4.0,0.1932,2.557,4.364,0.6033,1,Act1
0.6642,43.3962,3.7736,7.5472,1.396,7.8563,6.0462,1.313,0.2249,1.2847,0.4429,1.5117,0.13,0.1135,-0.0622,-0.106,-0.1622,-0.1475,0.8404,1.1125,0.8355,0.9228,0.8244,0.8752,3.8317,3.9181,2.0546,1.6218,131.7649,131.7649,39.8132,103.9731,42.6833,113.5252,0.1486,0.5641,0.1254,3.8235,0.0563,2.7764,-0.2672,13,8.6299,8.767,4.0,0.1885,2.6137,4.2947,0.8152,1,Act-1
0.6421,40.2778,2.7778,6.9444,1.7469,7.6944,6.1535,1.3088,0.2047,1.2781,0.4993,1.4633,0.1282,0.037,-0.0355,-0.0368,-0.2171,-0.1316,0.8645,1.0503,0.9014,0.9758,0.8966,0.9771,3.8363,3.9269,2.0574,1.6275,164.6798,164.6798,64.5539,83.2895,0.0,114.5358,0.1232,0.5687,0.1029,3.9436,0.1081,3.9684,-0.255,16,11.0157,13.5821,4.0,0.1466,4.1174,4.4,0.4461,1,Act1
0.6852,42.8571,4.0816,6.1224,1.3061,7.9435,6.0183,1.3572,0.2185,1.3105,0.5771,1.5656,0.0897,0.0368,0.1213,-0.1193,-0.1125,-0.0539,0.9977,0.9048,1.0221,1.0599,0.8831,0.8735,3.8502,3.9392,2.0214,1.6475,130.7009,124.655,39.3688,85.5659,0.0,154.0722,0.1764,0.5572,0.1729,3.9826,0.0,0.6907,0.0,14,5.547,6.6751,4.3219,0.1792,4.706,3.6149,0.6422,1,Act1
0.682,43.5897,12.8205,0.0,1.1818,7.5606,6.1326,1.4697,0.2378,1.343,0.3881,1.5833,0.1096,0.053,0.0821,0.0415,-0.1202,-0.0305,1.0221,1.035,0.9551,0.8915,1.0846,1.1394,3.8553,3.942,2.0918,1.5634,101.6273,101.6273,16.9921,66.4682,50.9079,143.7485,0.1303,0.6034,0.1427,3.7092,0.3957,3.1478,0.3957,12,6.6298,9.6187,4.1699,0.2342,3.7336,4.4473,0.7805,1,Act-1
0.7791,53.8462,7.6923,5.1282,1.7765,8.1571,6.3157,1.5623,0.1809,1.295,0.579,1.6119,0.0043,0.0419,0.2675,0.0261,-0.0302,-0.0306,1.0829,1.0083,0.9024,1.0151,1.0527,0.9685,3.8778,3.9772,2.0301,1.8565,225.326,147.0287,45.1407,175.7546,18.0108,152.0151,0.288,0.5518,0.1268,4.0226,-0.6624,1.1343,-0.6624,14,9.7078,12.3325,4.6439,0.1852,5.2246,3.993,0.4345,1,Act1
0.7187,48.9362,4.2553,8.5106,1.8533,7.7815,6.3416,1.5227,0.1557,1.3348,0.5074,1.575,0.0613,0.0805,0.167,-0.0586,-0.0933,-0.0607,1.077,1.0505,0.8981,1.0732,1.0998,0.9834,3.8688,3.9806,2.0464,1.8573,185.4508,146.3021,52.1907,112.5862,18.0108,181.0649,0.2058,0.5615,0.1054,3.9877,-0.27,4.8055,-0.27,14,10.6738,11.5835,4.585,0.1749,4.5416,3.9853,0.4708,1,Act1
0.7226,49.1228,5.2632,3.5088,1.7595,7.75,6.2973,1.4425,0.184,1.3251,0.6357,1.613,0.0082,0.17,0.1114,-0.1675,-0.0157,-0.1106,1.0263,0.9224,1.005,1.0378,1.0442,1.0569,3.8578,3.9609,2.0709,1.8512,234.6081,202.3885,65.6306,83.9897,18.0108,177.2597,0.1496,0.6231,0.1218,3.7872,-0.1518,6.7939,-0.1518,21,11.1455,12.7396,4.7549,0.2154,5.4878,3.8962,0.34,1,Act1
0.673,44.2308,5.7692,5.7692,1.7765,7.6092,6.4708,1.5421,0.2076,1.3137,0.5135,1.5501,0.2091,-0.1535,-0.0004,-0.0416,-0.1343,-0.092,1.0386,1.0081,0.7161,0.9585,1.2947,1.0479,3.8385,3.92,2.1105,1.6809,161.3821,161.3821,35.2726,66.4482,0.0,145.695,0.1472,0.5756,0.1057,3.9721,0.0,7.9719,0.0,13,8.1722,8.2286,4.5236,0.1486,4.1477,4.1562,0.4817,1,Act1
0.7008,45.8333,6.25,4.1667,1.2934,7.8016,6.0612,1.3724,0.2185,1.3148,0.5001,1.5726,0.0865,-0.0299,-0.0806,-0.0276,-0.2665,-0.0187,1.0002,1.0437,0.7052,0.8661,1.0577,0.941,3.8456,3.9309,2.0359,1.6841,182.4666,143.3179,32.1915,89.4385,0.0,130.0327,0.161,0.59,0.1284,3.6243,-0.6233,4.7157,-0.333,14,8.7721,10.172,4.3219,0.1242,4.3747,3.7672,0.6529,1,Act1
0.6901,42.3077,7.6923,5.7692,2.1067,7.8667,5.9152,1.3092,0.1617,1.3177,0.6038,1.5658,0.0222,0.0122,0.0682,0.0821,-0.1235,-0.0995,1.0839,0.739,1.0453,1.1524,1.0421,1.2601,3.8549,3.9626,2.1282,1.6012,147.4596,115.24,74.6514,109.1346,18.0108,92.3349,0.168,0.5735,0.1365,3.773,-0.587,4.2852,-0.3903,12,12.7308,13.6154,4.0,0.2855,3.0356,4.3503,0.5787,1,Act1
0.7282,44.186,9.3023,2.3256,1.6746,7.6838,6.2253,1.3725,0.1787,1.3546,0.4362,1.5779,0.0821,0.1304,0.216,0.0672,0.0136,-0.2487,1.074,0.6101,0.8538,1.1319,1.0772,1.2105,3.838,3.9377,2.1346,1.6196,150.5686,80.1423,64.0387,113.9763,50.9079,126.6252,0.1705,0.6032,0.1209,3.7853,-0.2138,4.688,-0.2138,11,8.1588,11.9249,4.1699,0.2585,3.5985,4.3819,0.6823,1,Act1
0.6901,42.3077,7.6923,5.7692,2.0667,7.7778,6.2788,1.3771,0.1562,1.3319,0.5119,1.568,0.1308,0.014,0.1683,0.0315,-0.0306,-0.2099,1.1931,0.7527,0.8959,1.1003,1.098,1.208,3.8532,3.96,2.1346,1.621,131.7139,100.4362,75.5074,110.9725,50.9079,126.3101,0.1646,0.5735,0.1076,3.8009,-0.6625,4.2509,-0.3853,12,10.9512,13.2101,4.2479,0.2977,3.1685,4.5391,0.5814,1,Act1
0.7018,46.5116,4.6512,2.3256,0.9653,7.5255,6.1829,1.469,0.232,1.3278,0.4212,1.5366,0.0986,-0.0592,-0.0099,-0.0054,-0.0446,-0.1715,1.2122,0.9207,0.8309,1.0827,1.0524,0.9388,3.8557,3.9343,2.1277,1.5002,151.4205,112.2719,35.7061,66.9341,18.0108,109.3491,0.1302,0.6218,0.1261,4.0442,0.0,7.095,0.0,14,7.1766,8.9367,4.1699,0.1008,5.0239,3.6324,0.6827,1,Act1
0.7057,42.0,4.0,6.0,1.3903,7.9077,5.5764,1.2966,0.229,1.2745,0.7323,1.5766,0.093,0.0267,0.0898,0.0918,-0.0084,0.0409,1.0157,1.1485,0.9886,1.1203,1.1802,1.0768,3.8865,3.9566,2.0468,1.795,176.6997,139.6146,50.1793,69.4579,34.4157,152.2934,0.1567,0.6011,0.1563,3.686,-0.3914,2.8051,-0.3914,17,7.2483,10.149,4.3923,0.2699,3.6735,3.888,0.5996,1,Act1
0.7315,42.5532,4.2553,6.383,1.3903,7.9891,5.6058,1.2956,0.2293,1.2607,0.7384,1.5587,0.0797,0.0052,0.1175,0.0809,-0.0071,0.0452,1.1531,1.1509,0.9183,1.1016,1.1439,1.1145,3.8883,3.9474,2.039,1.7948,207.3382,131.1044,51.1454,108.6065,34.4157,146.3177,0.1902,0.5929,0.1563,3.8756,-0.4547,2.9302,-0.4547,16,7.1204,10.1215,4.3923,0.2572,3.9654,4.1093,0.5936,1,Act1
0.6695,41.3793,5.1724,6.8966,1.7539,7.8003,6.0195,1.3073,0.1922,1.3079,0.5427,1.5227,0.0827,-0.0364,-0.0475,-0.0325,-0.3204,-0.0069,0.9316,0.9605,0.7042,0.9483,1.2007,1.1334,3.8562,3.9712,2.0956,1.639,181.8836,142.735,46.2388,111.4383,0.0,114.7062,0.1639,0.5575,0.1085,3.7092,0.2218,3.6857,-0.1613,11,11.0141,11.082,4.0,0.1404,2.9237,3.6356,0.6616,1,Act1
0.6888,39.6226,7.5472,5.6604,2.2244,7.8704,5.4704,1.247,0.1499,1.3017,0.6238,1.5223,0.0232,-0.04,0.0227,0.1301,-0.2497,-0.0842,0.8847,0.7082,0.8909,1.0925,1.071,0.8798,3.8638,3.9699,2.0598,1.657,167.6464,97.2201,73.4674,114.5834,18.0108,141.4675,0.1751,0.5666,0.1184,3.7088,-0.5303,2.9275,-0.3941,10,12.0286,13.2197,3.9069,0.2386,3.2677,3.5224,0.6668,1,Act1
0.646,40.3509,5.2632,3.5088,1.6582,7.5893,5.9098,1.4244,0.1952,1.313,0.6006,1.5162,0.0208,-0.1836,-0.1122,-0.0316,-0.1775,-0.0901,1.1037,0.9116,1.0613,1.1811,1.0632,1.0124,3.8503,3.9541,2.0433,1.697,132.1522,132.1522,36.6339,52.9303,18.0108,109.5398,0.1044,0.5985,0.1199,3.9356,-0.1029,2.2624,-0.1029,15,10.7944,13.3032,4.1699,0.1479,4.4179,3.4754,0.5849,1,Act1
0.6818,41.8182,7.2727,1.8182,1.5767,7.5517,6.0515,1.4476,0.18,1.3364,0.5367,1.5481,0.0196,-0.0646,0.062,-0.0478,-0.1333,-0.1709,0.9458,1.0762,1.1103,1.2418,1.0591,1.069,3.8685,3.9725,2.1168,1.7415,150.489,118.2695,65.8538,58.716,18.0108,138.0008,0.1156,0.6221,0.1402,3.6819,-0.0252,3.8021,-0.0252,15,9.2612,12.4217,4.2479,0.2052,4.7604,3.6052,0.6226,1,Act1
0.7127,45.9016,3.2787,6.5574,1.6574,7.7832,6.3291,1.426,0.1841,1.2808,0.4958,1.5272,0.13,-0.0162,0.1197,-0.1031,-0.1104,-0.061,0.7556,0.9098,0.7733,0.9695,0.9576,1.1076,3.8895,3.9631,2.1025,1.822,240.9531,170.5268,78.9289,128.2238,0.0,182.2978,0.1711,0.589,0.0972,3.995,1.329,4.4326,-0.2613,18,10.0751,12.7555,4.4594,0.1893,5.0279,4.107,0.3758,1,Act1
0.7526,43.9024,4.878,7.3171,1.3491,8.0588,5.6181,1.3044,0.2392,1.2845,0.7231,1.5994,0.0217,-0.0265,0.0834,-0.0555,-0.0047,0.002,0.9494,1.0371,0.9476,1.1399,1.1831,0.9261,3.872,3.9302,2.0392,1.7694,202.2691,126.0354,45.4253,108.6065,34.4157,152.6084,0.2185,0.5853,0.1675,3.6633,-0.4874,1.7578,-0.4874,14,6.4783,9.2627,4.3923,0.275,3.4866,3.867,0.6434,1,Act1
0.7526,43.1818,4.5455,6.8182,1.3169,7.9753,5.6699,1.3055,0.2408,1.2682,0.7141,1.5856,0.031,-0.088,-0.0118,-0.1541,-0.0044,0.0944,0.7555,0.8583,0.8415,1.0633,1.1617,0.9324,3.8999,3.9471,2.0431,1.7694,211.1636,174.0785,48.1653,69.4579,34.4157,145.8722,0.1893,0.6327,0.1617,3.892,-0.4521,3.113,-0.4521,15,6.5315,9.6558,4.3923,0.2404,3.929,4.0717,0.5764,1,Act1
0.6793,40.3846,5.7692,1.9231,2.2469,7.6687,5.4116,1.2689,0.1748,1.2721,0.7095,1.4514,0.0259,0.0236,0.0773,-0.1228,-0.1109,0.0853,0.9196,1.21,0.8873,1.0775,1.0363,1.0485,3.8615,3.9505,2.065,1.773,187.353,109.0558,33.8968,103.4422,36.0215,94.8676,0.1316,0.6054,0.1224,3.6529,-0.184,4.3835,-0.184,15,9.4191,15.0686,3.8074,0.1092,4.8287,3.4507,0.7349,1,Act1
0.6837,40.8163,6.1224,2.0408,2.2469,7.8909,5.4116,1.2689,0.1748,1.2721,0.7095,1.4612,0.0054,0.0194,0.0685,-0.1604,-0.0995,0.1575,0.7428,1.1549,0.923,1.0466,0.9018,0.9348,3.8373,3.9386,2.0647,1.7722,184.4633,106.166,39.8323,118.4023,36.0215,100.8031,0.171,0.5673,0.1224,3.6529,-0.3065,1.9294,-0.3065,13,8.3447,13.5139,3.8074,0.1081,4.7324,3.2695,0.748,1,Act1
0.7147,40.0,3.6364,9.0909,1.4063,7.9531,5.8428,1.2974,0.2324,1.265,0.7173,1.5358,0.1638,0.0464,-0.0703,0.0313,-0.0775,0.0657,0.5868,0.8321,0.7865,1.0687,1.244,0.9579,3.8726,3.9412,2.046,1.7694,226.9986,189.9135,62.8242,91.4577,34.4157,143.6973,0.1887,0.5959,0.138,3.9248,-0.5509,2.6914,-0.5509,15,10.0446,11.9793,4.3923,0.2416,3.8873,4.2239,0.3898,1,Act1
0.7411,41.6667,6.25,8.3333,1.6578,8.1,5.7695,1.3029,0.2186,1.2564,0.7588,1.5629,0.1538,0.0498,-0.0309,-0.0163,-0.0143,0.0402,0.5413,0.9353,0.8042,1.1321,1.1225,0.9315,3.8747,3.9512,2.0474,1.7694,215.4394,178.3543,50.614,94.6028,52.4265,145.4434,0.2119,0.6005,0.1466,3.6828,-0.7378,2.3258,-0.5346,15,10.1844,11.6127,4.4594,0.2773,3.0612,4.1425,0.4429,1,Act1
0.7245,41.5094,3.7736,5.6604,1.2667,7.8833,5.8051,1.2865,0.2471,1.2615,0.7426,1.5476,0.1842,0.0914,0.087,0.078,-0.0958,-0.0668,0.5367,0.74,0.7156,0.9934,1.2972,0.9625,3.9091,3.9717,2.0648,1.7695,224.6291,187.5439,51.6294,69.4579,16.405,139.5816,0.1567,0.6397,0.1466,3.9193,-0.3276,4.3811,-0.3276,18,7.7487,10.63,4.3923,0.2031,4.6737,4.407,0.5018,1,Act1
0.6665,40.0,5.4545,1.8182,2.2219,7.7411,5.5058,1.2761,0.1774,1.2713,0.6987,1.4586,0.035,0.0971,0.1303,0.0157,-0.0909,0.0436,0.6098,0.5513,0.8485,0.9767,1.0715,0.9465,3.8563,3.9457,2.078,1.7812,162.7193,162.7193,42.2573,40.105,36.0215,93.7519,0.1209,0.6221,0.1187,3.8845,-0.362,4.406,-0.362,15,8.1998,13.9345,3.8074,0.0989,4.9039,3.6698,0.7009,1,Act1
0.6928,43.1818,2.2727,11.3636,1.2988,7.7724,5.9581,1.307,0.224,1.3126,0.4162,1.5212,0.0323,-0.1371,-0.1098,-0.1272,-0.1239,0.0268,0.7719,1.0448,0.6883,0.8928,1.1731,1.0931,3.7931,3.8767,2.1074,1.5051,155.2059,155.2059,49.5807,69.1445,18.0108,127.4962,0.1896,0.5733,0.1278,4.0502,-0.037,6.0806,-0.037,9,6.8383,5.6611,3.8074,0.1571,2.8825,4.1415,0.8322,1,Act1
0.6669,44.186,2.3256,9.3023,1.2778,7.7222,5.8446,1.3166,0.2221,1.2967,0.4229,1.4933,0.0925,0.005,-0.1234,0.0228,-0.079,-0.0973,0.8976,1.0159,0.9624,1.028,1.0308,1.0089,3.7727,3.8818,2.0933,1.5201,113.2555,113.2555,38.7476,58.1446,18.0108,135.6156,0.1584,0.5543,0.1372,3.7172,0.0014,5.103,0.0014,12,8.9011,7.8464,3.8074,0.1745,3.1425,4.0028,0.9422,1,Act1
0.706,52.2727,2.2727,2.2727,1.4863,8.3764,6.2016,1.4278,0.2092,1.2774,0.5145,1.5726,0.1365,-0.1215,0.1948,-0.0958,0.0278,-0.1657,1.1082,0.8188,0.8981,0.7047,0.9314,0.6371,3.8387,3.9369,2.0356,1.8446,159.7049,159.7049,38.8814,84.9854,18.0108,143.1202,0.2482,0.516,0.1394,3.8674,0.3935,1.1498,-0.2959,18,7.0709,9.4853,4.3923,0.0732,6.0439,4.1718,0.4505,1,Act1
0.7075,39.0244,7.3171,7.3171,1.1563,8.0104,5.5954,1.3064,0.2833,1.2456,0.5561,1.5324,0.212,-0.2548,0.0582,0.1065,-0.2818,0.1927,1.4492,0.7719,0.8685,1.1079,1.1341,1.2981,3.7965,3.9056,2.0515,1.5128,137.0496,99.0227,49.544,86.2434,0.0,122.5707,0.1913,0.5696,0.1852,3.7921,0.5671,0.5194,-0.5503,9,5.4963,9.2155,3.7004,0.2981,2.3937,3.7093,0.7498,0,Act1
0.6709,42.3077,11.5385,0.0,1.551,7.4405,6.4307,1.5119,0.178,1.3509,0.4361,1.5611,0.1807,-0.0845,0.027,0.3118,-0.2587,-0.0086,1.1399,0.6938,0.8361,0.9879,1.1827,1.1617,3.9007,4.0134,2.1814,1.6462,121.0195,121.0195,28.2101,50.1115,0.0,152.1905,0.1142,0.6091,0.1071,4.0186,0.0,5.8783,0.0,13,9.6015,9.1948,4.4594,0.133,4.1996,3.8794,0.5223,1,Act1
0.681,45.0,8.3333,1.6667,1.8972,7.6465,6.1538,1.4453,0.1832,1.2917,0.6445,1.5349,0.1735,0.2041,0.239,0.0646,-0.072,-0.1336,1.019,1.0819,0.9717,1.0558,1.1897,1.1718,3.8562,3.9481,2.074,1.8798,181.7167,181.7167,32.701,58.716,54.0323,175.2823,0.1242,0.6121,0.0997,3.7485,-0.2149,7.9024,-0.2149,20,8.5265,12.0815,4.7004,0.1804,6.0067,4.1833,0.3459,1,Act-1
0.666,42.6471,7.3529,4.4118,2.076,7.6847,6.2005,1.4338,0.1721,1.2924,0.6798,1.5125,0.1307,0.0502,0.0728,0.0324,-0.1345,-0.0422,1.0818,0.9722,1.0259,1.1123,1.2613,1.1747,3.843,3.9441,2.071,1.8533,195.0172,195.0172,46.0014,80.7158,54.0323,179.398,0.1399,0.5795,0.0897,3.7488,-0.242,6.76,-0.242,18,13.3935,15.1667,4.7004,0.1957,5.5931,3.9295,0.2489,1,Act1
0.7135,42.5532,4.2553,4.2553,1.8462,7.6506,5.9239,1.3983,0.2283,1.2985,0.4784,1.5195,0.0489,0.1023,0.0116,-0.0057,-0.0466,-0.173,0.8163,1.1879,0.7034,0.9164,0.9525,1.0876,3.7876,3.8562,2.003,1.5721,189.2524,157.0329,66.7326,52.9303,18.0108,123.9038,0.1375,0.6534,0.164,3.8731,0.9554,5.9193,-0.0772,13,10.9196,9.0517,3.9069,0.1833,4.2983,3.7215,0.6918,1,Act1
0.6605,41.3043,6.5217,10.8696,1.4156,7.9815,5.8878,1.3778,0.2339,1.293,0.5621,1.5462,0.1718,-0.2752,-0.0929,0.0761,-0.3038,0.1956,0.9728,0.889,0.6907,0.9594,1.1831,1.0658,3.8174,3.9337,2.0701,1.4734,134.0696,134.0696,36.1666,100.075,18.0108,108.2293,0.2039,0.5167,0.1339,4.0599,-1.3202,2.7396,-0.629,6,8.609,5.5516,4.0,0.2482,1.6179,3.6613,0.7724,1,Act1
0.7124,47.1698,5.6604,5.6604,1.8235,7.9902,6.2259,1.4088,0.1471,1.3206,0.5953,1.5671,-0.0513,-0.0028,0.0667,-0.0923,-0.0349,-0.0644,1.1615,0.8062,1.1174,1.0506,0.9617,0.7442,3.8399,3.9672,2.0318,1.8597,195.3107,163.0912,91.072,93.8505,34.7963,213.0577,0.225,0.5405,0.118,3.9201,-0.224,4.2909,-0.224,14,11.1708,11.1982,4.6439,0.2117,4.7018,4.2688,0.4049,1,Act1
0.7146,44.6809,4.2553,2.1277,1.5828,7.6004,5.9451,1.3841,0.2035,1.3188,0.4276,1.5267,0.0903,0.0349,-0.0172,0.0749,0.0155,-0.1988,0.9866,0.9943,0.8868,1.0943,0.8874,1.1798,3.7917,3.9319,2.0019,1.5507,172.9149,101.5467,68.0836,81.0791,18.0108,134.4874,0.1304,0.6362,0.1584,3.874,1.0045,5.5512,0.0026,16,7.5177,11.2123,3.9069,0.1824,5.201,3.6544,0.7099,1,Act1
0.7567,48.0,6.0,6.0,1.6088,7.8704,6.2788,1.3851,0.1885,1.302,0.5301,1.5749,0.0192,-0.0402,0.0756,-0.005,0.034,0.0188,0.9003,1.2388,0.8226,1.0932,1.0329,1.0526,3.8786,3.924,2.0278,1.614,254.0104,144.4355,73.9526,156.25,16.663,191.5545,0.2217,0.583,0.1071,3.8963,-0.6748,5.5159,-0.4146,16,9.481,11.2425,4.6439,0.2077,5.5134,4.639,0.3469,1,Act1
0.7035,45.614,5.2632,7.0175,1.7405,7.7745,6.2667,1.3796,0.1795,1.3185,0.552,1.583,0.0557,-0.058,-0.0009,-0.0055,-0.008,-0.0051,0.9444,1.1085,0.9171,1.086,1.0597,1.0218,3.8722,3.9242,2.0386,1.6168,196.8492,165.5715,76.7872,88.9526,16.663,199.273,0.1734,0.5776,0.104,3.814,-0.5881,5.9013,-0.3907,16,10.408,11.9512,4.6439,0.2381,4.6256,4.6214,0.3614,1,Act1
0.6402,39.3939,4.5455,6.0606,1.9431,7.7525,5.7342,1.2856,0.2264,1.2556,0.6723,1.4701,0.0809,-0.05,-0.0141,-0.0017,-0.1654,0.0265,0.9032,1.0162,1.0111,1.0848,1.1044,1.2031,3.8451,3.9435,2.0747,1.7,160.5206,160.5206,39.9336,72.2896,36.0215,143.1405,0.1257,0.5676,0.1101,3.5931,0.1876,2.6794,-0.4414,16,11.331,14.6633,4.0,0.1769,3.519,4.1577,0.5736,1,Act1
0.6922,47.1698,5.6604,7.5472,1.625,7.8125,6.2451,1.3845,0.1859,1.3184,0.5344,1.5845,0.0896,-0.0179,0.0832,-0.058,-0.0249,0.036,0.9465,1.0265,0.9367,1.1174,1.025,1.1398,3.8277,3.9335,2.0436,1.6119,167.1021,167.1021,42.9497,87.4601,16.663,183.6257,0.1766,0.5638,0.1098,3.8136,-0.6124,5.5896,-0.3934,16,10.6498,11.5725,4.6439,0.2069,4.2364,4.7919,0.4573,1,Act1
0.6767,45.4545,4.5455,4.5455,0.9653,7.5139,6.1617,1.47,0.2307,1.3458,0.4222,1.5593,0.0722,-0.1132,-0.0131,-0.2069,-0.0902,-0.0819,1.1111,1.2415,0.8801,1.06,1.0704,0.9977,3.8085,3.916,2.1278,1.4991,122.3632,122.3632,34.2634,38.7853,18.0108,117.3826,0.1258,0.5993,0.1258,3.9088,0.0,6.1624,0.0,12,6.6044,8.0385,4.1699,0.1354,3.9736,3.4413,0.7792,1,Act1
0.6818,46.5116,4.6512,2.3256,0.983,7.4493,6.1426,1.4738,0.2363,1.3315,0.4044,1.5483,0.0996,-0.1775,-0.0207,-0.133,-0.0449,-0.1768,1.0699,1.1677,0.918,1.0879,1.039,0.9281,3.8395,3.9354,2.1287,1.5001,118.2475,118.2475,32.2055,27.7854,18.0108,115.3248,0.1044,0.6302,0.1306,3.8989,0.0,6.8626,0.0,14,6.5161,8.1971,4.1699,0.1122,4.421,3.5494,0.7485,1,Act1
0.6989,46.4789,4.2254,4.2254,2.0321,7.8347,6.4196,1.4581,0.1457,1.3298,0.4552,1.5844,0.0999,-0.0734,0.0492,-0.1502,-0.1197,0.0946,1.1266,1.3355,0.8343,0.9473,1.1045,0.9322,3.8958,3.9905,2.078,1.8766,223.0523,203.9196,53.6017,87.4064,0.0,207.9645,0.1546,0.5902,0.1072,3.8836,-0.4265,5.6094,-0.253,21,11.8169,14.018,4.8074,0.1485,5.2826,4.1389,0.3239,1,Act1
0.6813,42.623,4.918,6.5574,1.9053,7.9905,5.7964,1.2577,0.1794,1.2863,0.6765,1.5194,0.0695,0.0642,0.0226,0.0169,-0.1313,-0.0529,1.2258,0.9422,0.9819,1.0419,1.092,0.8748,3.8592,3.9365,2.0109,1.6945,191.7376,160.4599,81.1519,101.3948,18.0108,163.864,0.1807,0.5524,0.1086,3.8112,-1.417,3.2842,-0.5188,15,10.244,13.0859,4.3923,0.2163,4.2855,4.0692,0.4361,1,Act1
0.7156,47.3684,5.2632,8.7719,1.8827,7.8981,6.3439,1.4771,0.1505,1.3228,0.5043,1.5877,0.0082,0.1192,0.125,-0.0569,-0.046,-0.0262,1.2507,0.8673,1.0381,1.0728,1.1052,0.965,3.8531,3.9565,2.0869,1.866,200.1166,167.8971,75.5186,148.544,60.6941,195.0708,0.2016,0.5639,0.1122,3.8127,-1.2574,6.4284,-1.02,18,13.2102,12.829,4.7549,0.2721,4.7914,4.0263,0.2647,1,Act1
0.6897,43.4783,4.3478,2.1739,1.625,7.5972,5.9395,1.4122,0.2545,1.2855,0.427,1.5088,0.2324,-0.3076,-0.2344,0.0663,-0.0072,-0.1066,1.3763,0.9785,0.7835,0.9119,1.0974,1.0937,3.7971,3.8824,2.0157,1.5596,145.6037,113.3842,62.9217,41.9305,18.0108,117.7436,0.1074,0.6422,0.1773,3.9432,0.9678,7.5986,-0.0355,15,7.2807,10.0017,3.9069,0.2075,4.4792,3.9993,0.8533,1,Act1
0.7073,47.1698,3.7736,1.8868,1.9715,7.569,6.1086,1.475,0.1785,1.305,0.4707,1.5476,0.1624,-0.2649,-0.1958,0.0659,0.0146,0.0263,1.3639,1.0354,0.8291,0.9342,1.202,1.0654,3.8598,3.9515,2.0249,1.875,187.3454,155.1258,66.1073,41.9305,18.0108,168.3104,0.1102,0.6536,0.1441,3.9433,0.935,8.7463,-0.0595,20,9.0675,14.0002,4.3923,0.1753,5.3853,4.0595,0.6026,1,Act1
0.7169,47.619,2.381,7.1429,1.6544,7.6867,5.9687,1.4158,0.1977,1.3454,0.4927,1.6011,0.1145,-0.1036,-0.1221,-0.115,-0.1179,0.012,1.3254,0.8445,0.6998,0.7813,1.1236,0.965,3.8289,3.9397,2.0132,1.5641,167.4719,136.1943,62.9063,47.1447,0.0,154.4877,0.1638,0.5977,0.1329,3.7632,-0.0259,6.4214,-0.0259,12,9.3231,10.3071,4.2479,0.1907,4.0221,3.6673,0.7045,1,Act1
0.6637,43.3333,5.0,3.3333,1.3944,7.7097,6.2745,1.4473,0.2128,1.3068,0.5135,1.5399,0.1255,0.115,0.0584,-0.144,-0.0161,-0.0611,1.086,1.0679,0.9265,1.0165,1.0631,0.9718,3.8879,3.9634,2.1595,1.7742,137.4354,137.4354,45.0549,99.9726,32.8972,118.4969,0.1097,0.6085,0.1078,3.9666,-0.2589,5.6683,-0.2371,19,9.9185,10.6563,4.3219,0.1836,4.2126,3.8589,0.6682,1,Act1
0.68,45.4545,4.5455,9.0909,1.5769,7.7692,6.1381,1.5104,0.2025,1.3051,0.539,1.5655,0.1992,0.1284,0.2265,0.1493,-0.2442,0.0123,1.1567,1.103,0.8249,1.0297,1.1915,1.2614,3.8922,4.0046,2.0049,1.5549,135.7613,135.7613,38.6308,71.945,0.0,135.6301,0.1798,0.5498,0.1276,4.1019,-0.4201,4.5359,-0.4201,10,10.5632,9.7147,4.4594,0.2009,3.6567,4.2174,0.4945,1,Act1
0.6889,42.0,8.0,2.0,2.0165,7.571,6.0047,1.3937,0.1782,1.3059,0.561,1.5344,0.0289,0.0651,0.0885,-0.0461,-0.2263,0.1043,0.6619,0.9504,0.8076,1.1138,1.0884,1.0122,3.8707,3.9341,2.0531,1.7663,154.9232,154.9232,34.239,41.9305,18.0108,115.5713,0.1207,0.6453,0.1193,3.7957,-0.1249,3.3393,-0.1249,12,10.2867,12.4413,4.1699,0.1174,4.2023,3.6022,0.689,1,Act1
0.7151,46.2963,9.2593,3.7037,1.9758,7.7598,6.2175,1.5062,0.1469,1.3391,0.6224,1.5857,0.0099,-0.039,0.0472,-0.0608,-0.049,-0.0475,1.005,1.2905,1.1116,1.084,1.0641,0.9094,3.8582,3.9878,2.0366,1.85,203.5893,171.3698,69.515,105.4023,0.0,238.3938,0.1982,0.5672,0.1176,3.9772,0.0,5.5613,0.0,17,12.063,13.8761,4.858,0.2199,5.7147,4.0586,0.2732,1,Act1
0.6773,39.5349,11.6279,4.6512,1.696,7.9678,5.5856,1.3124,0.2169,1.2403,0.6111,1.4883,0.242,0.0349,0.0167,0.2091,-0.1253,-0.1723,0.9132,1.0546,0.7668,0.8816,0.9955,1.0066,3.7185,3.9494,2.0476,1.577,138.1904,99.0418,25.836,123.0096,35.899,113.4974,0.1898,0.547,0.1435,3.8866,-0.1443,1.6219,-0.466,12,10.2709,8.8368,3.585,0.2561,3.1977,4.4542,0.8381,0,Act1
0.7245,44.186,6.9767,6.9767,1.9694,8.2569,5.8748,1.4239,0.2095,1.2736,0.68,1.576,-0.0289,0.139,0.0319,0.0117,-0.0737,0.133,1.0075,1.164,1.1215,1.1132,1.0071,0.9135,3.8511,3.9466,2.0502,1.782,169.6809,124.4863,30.1526,157.1377,18.0108,150.3473,0.2499,0.5377,0.1754,3.8883,-0.6162,-0.0517,-0.6162,12,8.2125,10.3028,4.4594,0.232,3.3576,3.8227,0.6345,1,Act1
0.7332,45.0,7.5,7.5,1.75,8.4772,5.9331,1.4409,0.2241,1.2597,0.643,1.5617,-0.0417,0.0952,0.0443,-0.1277,-0.0648,-0.047,1.0774,1.2492,1.1639,1.105,1.1747,0.6932,3.828,3.9452,2.0515,1.7758,166.7911,121.5965,36.7391,172.0978,18.0108,149.5633,0.307,0.5068,0.1754,3.919,-0.9168,-2.952,-0.9168,10,7.4101,10.4893,4.4594,0.2298,3.5402,3.7968,0.6435,1,Act1
0.7299,38.6364,11.3636,6.8182,1.8929,8.0962,5.8322,1.4018,0.2151,1.2577,0.6825,1.5554,0.1297,0.1202,0.0492,0.0174,-0.0514,0.0411,1.0654,0.8527,1.0708,1.2321,1.1429,0.9614,3.8092,3.9138,2.0528,1.5734,163.9659,87.4936,54.1685,175.5036,18.0108,159.8791,0.24,0.5526,0.1754,3.9046,-0.6824,1.8763,-0.6824,11,11.3404,12.1351,4.3923,0.3457,3.0898,4.2848,0.4855,1,Act1
0.6786,40.4255,6.383,4.2553,1.1808,7.7567,5.8776,1.3012,0.2744,1.2815,0.5165,1.5199,0.0628,-0.0027,-0.0736,-0.1268,-0.3276,-0.0953,0.7196,1.2177,0.6667,0.8869,0.974,0.9787,3.7467,3.8453,2.0159,1.6678,152.154,152.154,33.6295,50.2899,0.0,79.0204,0.1315,0.6256,0.1474,3.6242,-0.5455,4.1353,-0.3004,11,8.0213,9.5445,3.8074,0.121,4.2758,3.737,0.7158,1,Act1
0.6848,40.9091,6.8182,4.5455,1.1111,7.7882,5.8748,1.3061,0.2843,1.2863,0.5011,1.5362,0.0646,-0.0111,-0.0692,-0.1311,-0.3431,-0.0988,0.7266,1.2677,0.6245,0.8525,0.9752,1.0605,3.746,3.845,2.0146,1.6438,149.6195,149.6195,31.095,50.2899,0.0,79.0204,0.1406,0.6224,0.1531,3.6242,-0.5521,4.111,-0.3032,10,7.4706,8.6535,3.8074,0.1254,3.9187,3.7631,0.7913,1,Act1
0.7111,45.8333,6.25,4.1667,1.2934,7.753,6.0612,1.3724,0.2185,1.3148,0.5001,1.5845,0.0408,0.0052,-0.0583,-0.0596,-0.2614,0.0115,0.7455,1.2395,0.6507,0.8422,1.0597,0.9417,3.8474,3.9308,2.0348,1.6844,188.8265,188.8265,31.746,50.2899,0.0,129.5872,0.1481,0.6339,0.1284,3.6243,-0.5884,5.2109,-0.3194,14,8.7721,10.172,4.3219,0.1116,4.4744,3.8254,0.6074,1,Act1
0.6807,42.1875,6.25,6.25,1.5135,8.0158,6.1259,1.4153,0.2,1.2778,0.6633,1.5467,0.1001,0.0954,0.098,0.0119,-0.1402,-0.052,0.9125,1.21,1.0667,1.1106,1.0379,0.9698,3.8938,3.9654,2.0739,1.8677,181.5003,175.4544,42.9056,127.4964,18.0108,182.2414,0.1848,0.5494,0.1311,3.9786,-0.5813,3.1608,-0.5813,15,8.3748,9.1576,4.7549,0.2177,4.5303,4.198,0.3005,1,Act1
0.6398,38.2353,7.3529,5.8824,2.5567,7.7333,6.1226,1.37,0.1624,1.2848,0.6374,1.4913,0.1096,-0.1763,0.0212,0.0353,-0.3553,-0.1498,1.0711,0.8655,0.8899,1.1104,1.206,0.952,3.8417,3.9426,2.0667,1.7261,148.0824,148.0824,44.39,89.0752,18.0108,117.4917,0.139,0.5524,0.0992,3.7758,-0.4298,2.9285,-0.2446,11,13.5021,12.7625,4.2479,0.1854,3.2954,3.8231,0.4698,1,Act1
0.6576,42.5926,3.7037,5.5556,2.1811,7.6131,5.8674,1.3744,0.1635,1.329,0.6346,1.5353,0.0728,-0.1298,-0.0188,-0.1075,-0.1748,-0.0423,1.2501,0.9174,1.08,1.1669,1.0357,1.0308,3.8623,3.9656,2.0445,1.7962,130.4094,130.4094,36.949,62.4377,0.0,134.937,0.1212,0.5859,0.1244,3.6441,0.0376,2.7784,0.0376,15,11.3019,15.8144,4.1699,0.1468,4.0736,3.9809,0.6614,1,Act1
0.7398,46.9388,6.1224,4.0816,2.4724,7.9409,6.1163,1.485,0.1542,1.3084,0.6423,1.6024,0.1176,-0.022,-0.0042,-0.0359,-0.0521,0.0049,1.1631,1.3057,0.9764,1.0532,0.9798,0.889,3.8472,3.9528,2.0258,1.8459,216.6276,153.1304,94.5162,82.0355,18.0108,182.4882,0.1999,0.5874,0.1314,3.7631,-0.3234,2.2471,-0.312,15,11.3235,15.2073,4.6439,0.2565,4.7368,3.6738,0.3988,1,Act1
0.7106,42.2222,6.6667,6.6667,2.3045,7.8189,5.663,1.4149,0.1758,1.2955,0.711,1.5267,0.0317,-0.0286,0.0276,-0.1244,-0.0076,-0.0349,1.2654,0.926,1.1007,1.1542,1.1281,0.92,3.8526,3.9431,1.9928,1.4909,191.8261,120.4579,68.0423,118.1268,18.0108,142.1637,0.1987,0.5673,0.1538,3.7745,-0.1382,3.8109,-0.1382,13,11.1555,14.1574,4.2479,0.2539,4.103,3.8509,0.5848,1,Act-1
0.6947,44.0,6.0,2.0,1.465,7.5741,6.0361,1.3945,0.2242,1.3135,0.4582,1.5375,0.0626,-0.0952,-0.0624,0.1467,0.0394,0.0967,1.0833,0.9805,1.067,1.1333,1.1842,1.2121,3.8631,3.9437,2.0406,1.57,163.2277,131.0082,60.9421,41.8079,18.0108,170.6679,0.1167,0.6325,0.1536,3.8351,0.0173,7.5598,0.0173,17,7.1192,11.5261,4.2479,0.1913,4.7307,4.3507,0.7236,1,Act1
0.6868,34.1463,9.7561,12.1951,1.632,8.1233,5.4825,1.2972,0.2161,1.2957,0.6665,1.5562,0.2276,-0.0166,0.14,-0.0412,-0.2041,0.1903,1.0625,1.0772,0.8219,1.0694,1.1467,1.3228,3.8463,3.9359,1.9992,1.4706,112.9037,75.8186,58.3083,124.7837,18.0108,137.3531,0.2486,0.5085,0.1751,3.8127,-0.4256,0.8635,-0.4256,6,10.5106,5.9528,3.9069,0.3832,0.7305,3.6156,0.5729,1,Act1
0.6564,39.6825,4.7619,6.3492,2.4683,7.7559,5.7071,1.2584,0.1513,1.2945,0.6484,1.48,0.052,-0.0238,0.0089,-0.1775,-0.227,0.0511,0.9757,1.1707,0.9681,1.1077,1.0835,1.0245,3.8479,3.9565,2.0749,1.782,170.1273,130.9787,46.9945,111.4383,18.0108,119.4906,0.1462,0.5614,0.1066,3.642,-0.0301,3.7722,-0.0654,14,14.3568,16.0677,3.9069,0.1506,3.7635,3.7474,0.6971,1,Act1
0.6677,43.3962,5.6604,7.5472,1.7752,7.9839,6.0629,1.4045,0.1712,1.3017,0.5379,1.543,0.0624,-0.1049,-0.0451,0.1184,-0.1998,-0.0398,1.0255,1.128,0.8811,1.0301,1.0755,1.1163,3.8609,3.9644,2.0871,1.5381,153.8424,153.8424,47.2189,87.2497,18.0108,125.6491,0.193,0.5287,0.1128,3.9094,-0.6785,3.1942,-0.3489,10,11.6756,9.7485,4.3219,0.1747,2.8022,3.8521,0.6278,1,Act1
0.669,40.3226,6.4516,3.2258,2.875,7.5677,6.4325,1.4869,0.1536,1.3021,0.6128,1.5288,0.1417,0.1227,0.0155,-0.0858,-0.204,0.1051,1.0881,1.1127,0.9122,1.0896,1.0787,0.8211,3.8427,3.9218,2.0504,1.6614,170.6501,139.3724,68.7933,52.9303,18.0108,141.9921,0.1191,0.6047,0.1018,3.9115,-0.0208,3.5348,-0.0208,14,12.3994,15.6404,4.4594,0.1933,4.4254,3.854,0.3735,1,Act1
0.6629,42.2222,4.4444,13.3333,1.7037,8.0,5.8721,1.431,0.2153,1.2894,0.6531,1.5357,0.1203,-0.2315,-0.0026,0.1837,-0.0784,0.1284,0.9433,1.0277,0.8378,1.0051,1.2163,1.1134,3.8208,3.9315,2.0121,1.4869,133.5657,133.5657,34.5828,130.1587,60.6941,125.5426,0.2197,0.5062,0.1235,4.087,-0.5153,2.4948,-0.5153,8,10.7015,8.3204,4.2479,0.2782,2.3341,3.7201,0.609,1,Act1
0.6563,42.623,3.2787,4.918,1.692,7.6667,6.243,1.4024,0.2027,1.3182,0.5352,1.5381,0.0152,0.105,0.0819,-0.094,-0.0617,-0.1129,0.9626,1.2013,1.0018,1.1258,1.1147,0.9649,3.8674,3.9397,2.0661,1.8116,142.5279,142.5279,40.0679,94.5951,60.6941,103.1795,0.1116,0.5968,0.109,3.6633,-0.9043,3.9935,-0.9043,18,9.2064,13.2863,4.2479,0.1517,4.911,4.0217,0.5459,1,Act1
0.7126,48.1481,5.5556,7.4074,1.5559,8.0794,6.4361,1.4463,0.1786,1.2944,0.4578,1.5647,0.1278,0.0617,0.0623,0.1122,-0.1291,0.0169,0.8493,1.0239,0.8719,0.9966,1.0765,0.9386,3.8827,3.9709,2.0638,1.8523,207.4734,168.3247,55.9118,139.0509,18.0108,159.6199,0.2273,0.5409,0.1033,3.9377,-1.8725,1.9578,-0.6902,16,7.9844,10.4009,4.7004,0.1753,5.0897,4.0719,0.3637,1,Act1
0.6795,43.6364,3.6364,0.0,1.9644,7.9083,5.8661,1.3973,0.1708,1.286,0.6177,1.506,0.1106,0.0604,0.0066,-0.0417,-0.0736,-0.0675,0.9651,1.1818,0.8038,0.6886,0.9608,0.9082,3.8721,3.9861,2.0717,1.6748,170.7182,139.4405,61.8492,44.8803,0.0,149.4512,0.1555,0.5703,0.1352,3.8896,0.0,6.5246,0.0,16,8.8412,12.4756,4.1699,0.0806,5.9282,3.9544,0.4984,1,Act1
0.7322,38.4615,7.6923,10.2564,1.216,8.1478,5.704,1.3276,0.2608,1.234,0.5528,1.5142,0.1174,-0.1117,0.1102,0.0774,-0.231,0.095,1.2102,0.5804,0.7975,1.0041,1.0723,1.191,3.8348,3.9141,2.0376,1.3758,165.942,88.7664,56.6111,136.3919,16.405,112.3623,0.2562,0.5401,0.177,4.0362,-0.4954,1.5533,-0.6519,7,6.9418,8.6835,3.7004,0.316,2.258,4.1896,0.733,0,Act1
0.7208,39.4737,7.8947,13.1579,1.568,8.2767,5.626,1.331,0.2358,1.2493,0.5986,1.5647,0.0835,-0.332,0.0399,0.178,-0.2297,0.0179,1.2125,0.7289,0.88,1.0222,0.9637,1.1335,3.8187,3.9119,2.0403,1.3828,135.3679,97.3409,55.0584,122.3882,16.405,122.5707,0.2688,0.5217,0.177,3.7711,-1.0755,0.4907,-0.6644,7,7.4454,8.1288,3.8074,0.3781,1.3506,3.995,0.6358,0,Act1
0.6826,38.9831,8.4746,5.0847,1.9118,7.7963,5.9932,1.3669,0.1662,1.2694,0.5553,1.4933,0.1091,-0.1942,0.01,-0.2128,-0.1551,0.0939,0.7692,1.3034,0.8934,1.0523,1.0274,1.1635,3.8468,3.9476,2.0093,1.6691,186.0099,115.5836,72.7738,133.7644,18.0108,139.7288,0.1708,0.566,0.1059,3.8935,-0.135,4.423,-0.1115,13,12.5258,14.5921,4.2479,0.2433,4.5847,3.9736,0.422,1,Act1
0.6865,44.6154,3.0769,4.6154,1.7701,7.8819,6.281,1.3523,0.1826,1.2911,0.5174,1.553,0.106,-0.0095,-0.0649,0.0543,-0.0864,-0.0178,0.8659,1.0051,0.9033,0.9898,0.9,1.0251,3.908,3.9926,2.1234,1.8621,180.7949,174.7489,43.8124,84.418,0.0,161.2414,0.1465,0.5869,0.1341,4.1886,-1.0384,2.2765,-0.6868,19,9.6427,13.0506,4.5236,0.1343,5.4691,4.3559,0.4618,1,Act1
0.6913,45.1613,3.2258,4.8387,1.7273,7.8976,6.2716,1.3582,0.1843,1.3075,0.5125,1.5712,0.0862,-0.0242,-0.0723,0.0223,-0.089,-0.04,0.8916,1.0158,0.9143,0.9997,0.9485,1.0018,3.9057,3.9887,2.1218,1.8597,174.5042,168.4582,46.3469,84.418,0.0,163.776,0.1537,0.5838,0.1376,4.1885,-1.0356,2.2889,-0.6853,18,9.5222,12.7654,4.5236,0.1381,5.216,3.9725,0.4906,1,Act1
0.6661,43.3962,5.6604,3.7736,1.2883,7.7024,6.2459,1.426,0.2228,1.2785,0.5027,1.5154,0.2084,-0.0195,-0.1311,0.0638,-0.1634,-0.0417,0.9812,1.0783,0.8477,1.0432,1.1109,0.9494,3.8814,3.9737,2.0455,1.6253,130.8576,130.8576,39.1281,50.2899,18.0108,96.3044,0.1193,0.5985,0.1235,3.8899,-0.118,5.3107,-0.1963,15,8.0117,10.0037,4.2479,0.1447,4.0349,3.9837,0.7444,1,Act1
0.6625,41.9355,8.0645,3.2258,2.2571,7.7222,6.0848,1.3907,0.1617,1.2844,0.6252,1.5178,0.1638,-0.1838,-0.1027,-0.0772,-0.0228,-0.0723,1.091,1.0266,1.0266,1.2949,1.0686,0.8903,3.8639,3.9705,2.0323,1.7522,157.7548,157.7548,37.1678,83.6159,18.0108,148.679,0.128,0.5882,0.1046,3.6915,0.474,5.2038,-0.2337,18,12.2732,17.3309,4.3923,0.1844,3.907,4.3133,0.5839,1,Act1
0.6705,44.4444,3.7037,7.4074,1.7933,7.7667,6.2283,1.4594,0.1985,1.2979,0.5407,1.542,0.0532,-0.05,0.0497,0.0591,-0.1014,-0.1515,0.9797,1.0027,0.8798,1.0135,1.2141,0.9771,3.8293,3.9168,2.068,1.6444,151.6838,151.6838,34.9498,88.3355,60.6941,136.155,0.151,0.5684,0.1123,3.6396,-0.9378,4.7534,-0.9378,14,10.3591,10.7859,4.5236,0.1894,3.8853,3.9891,0.4637,1,Act1
0.6677,44.2623,3.2787,6.5574,2.0771,7.7323,6.3523,1.4803,0.1868,1.2955,0.5523,1.537,0.0622,-0.048,0.0227,0.0574,-0.0911,-0.0621,0.9994,0.9813,0.8222,0.9455,1.2127,0.9879,3.8489,3.9482,2.0683,1.8694,172.76,172.76,37.93,89.828,60.6941,136.8408,0.1378,0.5797,0.1029,3.6689,-0.9347,5.8323,-0.9347,17,11.9235,11.9192,4.585,0.1636,4.6202,3.9726,0.4055,1,Act1
0.6592,41.2698,7.9365,4.7619,2.3824,7.7549,6.112,1.4037,0.157,1.2926,0.6169,1.5175,0.1566,-0.1761,-0.1342,-0.1566,-0.0589,-0.0416,1.1483,1.1556,0.9563,1.2199,1.068,0.8531,3.851,3.9594,2.0322,1.7522,157.6856,157.6856,44.5169,94.6158,18.0108,144.4462,0.1425,0.5694,0.1018,3.8009,0.4086,5.757,-0.2463,16,14.1012,17.47,4.3923,0.1981,3.4314,3.9833,0.5249,1,Act1
0.6653,42.3729,8.4746,3.3898,2.3196,7.899,6.0936,1.4005,0.1594,1.282,0.6145,1.5189,0.1535,-0.1618,-0.0751,-0.1442,-0.0278,-0.0393,1.1561,1.0894,1.0214,1.1905,1.0136,0.8126,3.8489,3.962,2.0322,1.7521,150.6801,150.6801,48.3945,98.576,18.0108,148.3237,0.1606,0.5569,0.1046,3.7745,0.2263,4.0825,-0.2812,16,12.2036,17.47,4.3923,0.1828,3.7644,4.0188,0.5919,1,Act1
0.6529,40.2985,7.4627,5.9701,2.4244,7.7731,6.1693,1.396,0.1501,1.2882,0.6463,1.5062,0.1719,-0.1979,-0.075,-0.0913,-0.0927,-0.001,1.1139,1.0,0.8995,1.1697,1.1184,0.9795,3.8521,3.9632,2.0323,1.7522,164.3358,164.3358,49.7603,105.6156,18.0108,140.2133,0.1494,0.5562,0.0966,3.9097,0.3785,6.2261,-0.2544,15,15.6007,16.5547,4.3923,0.2048,3.3389,4.0851,0.4428,1,Act1
0.6529,40.2985,7.4627,5.9701,2.4167,7.7731,6.1615,1.4024,0.1537,1.2885,0.6269,1.5064,0.1719,-0.2632,-0.1234,-0.1512,-0.0927,0.0431,1.1276,1.1449,0.8995,1.1697,1.1076,0.9445,3.8522,3.9638,2.0323,1.7522,164.3358,164.3358,49.7603,105.6156,18.0108,140.2133,0.1494,0.5562,0.0966,4.0184,0.3531,6.098,-0.2583,15,15.2645,17.4808,4.3923,0.2048,3.3389,4.0312,0.4428,1,Act1
0.6559,40.9091,7.5758,4.5455,2.4376,7.7333,6.1301,1.3953,0.1489,1.2838,0.6508,1.5042,0.1547,-0.1338,-0.1113,-0.1448,-0.0578,-0.0713,1.1254,1.0255,1.0125,1.2592,1.0806,0.9054,3.8525,3.9614,2.0322,1.7522,160.2201,160.2201,49.1093,94.6158,18.0108,144.4462,0.1359,0.5729,0.0991,3.6915,0.4389,5.9304,-0.2413,17,15.3544,18.2944,4.3923,0.1922,3.7448,4.0726,0.4869,1,Act1
0.6564,40.8451,8.4507,2.8169,2.4222,7.5811,6.3891,1.4569,0.1452,1.3195,0.5745,1.5226,0.1222,-0.0828,-0.0265,-0.0106,-0.077,-0.0366,1.1025,1.0223,0.9661,1.176,1.0758,0.9661,3.8867,3.9846,2.0763,1.8527,158.7239,158.7239,45.5552,86.1338,18.0108,166.9102,0.1202,0.5888,0.0905,3.7775,0.1047,6.8247,0.1047,18,14.807,16.6927,4.585,0.1708,4.4725,4.5957,0.3927,1,Act1
0.6899,45.0,12.5,0.0,1.0813,7.529,6.3881,1.5621,0.2407,1.3303,0.4031,1.5946,0.2419,-0.1357,0.0656,-0.1229,-0.2131,0.1639,1.0174,1.0037,0.8038,0.9191,1.1278,1.1276,3.8506,3.9472,2.1767,1.5227,118.4585,118.4585,16.6017,50.1115,0.0,143.8098,0.134,0.6077,0.1323,3.8619,0.0,3.9385,0.0,12,6.3478,8.2551,4.4594,0.1527,4.0267,3.892,0.5628,1,Act1
0.6973,45.3125,7.8125,4.6875,2.0332,7.8012,6.308,1.4321,0.1726,1.2902,0.5322,1.546,0.0878,0.0038,0.1293,-0.0255,-0.0173,-0.0181,1.0086,0.8606,0.9054,1.1612,1.0292,1.2042,3.8537,3.9523,2.0792,1.8538,231.9383,192.7897,41.4938,117.1014,54.0323,191.2972,0.172,0.5767,0.0913,3.8776,0.3042,4.7261,-0.3506,19,11.4713,14.5725,4.7549,0.1842,4.809,4.4798,0.3014,1,Act1
0.6725,43.662,7.0423,5.6338,2.0988,7.7583,6.3242,1.4246,0.167,1.2914,0.553,1.5346,0.1145,-0.0449,0.0544,-0.033,-0.0517,-0.0168,0.9547,0.9404,0.9647,1.1553,1.0623,1.1824,3.8517,3.9524,2.0862,1.854,207.9501,207.9501,47.829,88.9526,54.0323,193.04,0.1539,0.5696,0.0868,3.8518,0.4306,5.2058,-0.3192,19,12.5108,14.8554,4.7549,0.1981,4.4305,4.551,0.2729,1,Act1
0.6756,44.2857,7.1429,4.2857,2.1026,7.7265,6.3242,1.4259,0.1678,1.3096,0.5513,1.552,0.1226,0.0708,0.126,0.043,-0.0211,-0.0241,0.9771,1.0278,0.9599,1.1434,1.0579,1.2248,3.8553,3.9538,2.0914,1.8575,203.8344,203.8344,43.7133,77.9527,54.0323,190.9822,0.1412,0.5854,0.0888,3.8514,0.5406,5.9009,-0.2909,21,11.9539,15.3311,4.7549,0.1865,4.9348,4.669,0.299,1,Act1
0.6567,39.4737,10.5263,7.8947,1.1818,7.7348,5.8432,1.4617,0.2404,1.3229,0.5283,1.5481,0.165,-0.1784,-0.0909,-0.2556,-0.2472,0.1004,1.2057,1.0463,0.7253,0.8619,1.1323,0.8559,3.8202,3.9376,2.038,1.3053,95.4818,95.4818,27.8432,84.9016,18.0108,125.6866,0.1923,0.5233,0.1355,3.9103,0.0,3.9299,0.0,6,7.1278,8.3199,4.0875,0.274,2.2963,3.7485,0.7299,1,Act1
0.6516,39.0244,9.7561,7.3171,1.5123,7.7029,5.8344,1.4505,0.2168,1.3121,0.5644,1.5258,0.1461,-0.1984,-0.1317,0.1546,-0.2347,0.1622,1.1669,0.5736,0.7876,0.9008,1.1792,0.924,3.8377,3.952,2.0361,1.3701,98.0163,98.0163,30.3777,84.9016,18.0108,125.6866,0.178,0.53,0.1294,3.9101,0.0,4.1628,0.0,7,7.7497,7.8339,4.0875,0.2618,2.5006,3.8592,0.711,1,Act1
0.6474,40.0,6.25,5.0,2.2391,7.6768,6.2884,1.4069,0.1454,1.2803,0.637,1.492,0.1442,-0.1453,0.0656,0.0727,-0.1244,0.0362,0.9733,0.7499,0.9461,1.1015,1.0334,1.233,3.9442,4.107,2.0675,1.8005,181.0311,181.0311,50.4186,88.9526,34.7963,157.0892,0.1257,0.5726,0.0855,4.2843,-0.4433,5.43,-0.2955,19,14.0707,16.4625,4.585,0.1819,4.6109,4.3538,0.2883,1,Act1
0.6805,40.9836,9.8361,1.6393,2.6226,7.4646,5.8858,1.4783,0.1329,1.3532,0.6145,1.5537,0.0695,-0.1597,-0.1212,-0.1246,-0.2056,0.2837,1.2665,1.1172,0.9521,1.1517,1.2209,1.0207,3.8386,3.9806,2.0524,1.6439,183.0251,151.7474,58.8559,44.3259,18.0108,209.4044,0.1276,0.6055,0.0884,3.669,0.0,6.4096,0.0,13,13.1715,15.9683,4.5236,0.1882,4.2484,3.7606,0.4321,1,Act1
0.6644,40.0,5.0,5.0,2.2441,7.8724,5.8802,1.3571,0.1571,1.2858,0.6809,1.5083,0.0716,0.0271,0.0864,-0.1785,-0.0746,-0.005,1.159,1.2006,0.9737,1.0206,0.9582,0.9767,3.8644,3.9906,2.0799,1.7718,141.1938,135.3863,41.9259,88.6038,16.405,145.9795,0.1525,0.5615,0.1345,3.9383,0.0,3.7877,0.0,16,11.745,14.2939,4.3219,0.1832,4.064,3.8913,0.5951,1,Act1
0.6818,42.0,4.0,8.0,1.4643,7.8185,6.0704,1.4041,0.2184,1.2831,0.5122,1.5306,0.2512,-0.0125,0.099,-0.0589,-0.1226,-0.0448,1.4968,1.0877,0.7988,0.9646,1.2196,1.1186,3.8604,3.9754,2.0985,1.6262,135.1626,129.3552,37.1969,84.6436,0.0,135.9035,0.1631,0.5674,0.1533,4.1678,0.0,6.0387,0.0,14,8.621,10.8358,4.3219,0.2033,4.0302,4.2156,0.6373,1,Act1
0.7015,42.5532,12.766,4.2553,2.1113,8.2839,6.1312,1.5157,0.1728,1.281,0.6229,1.5661,0.2101,0.0449,0.104,0.1821,-0.0715,0.0666,0.9153,1.0238,0.8677,0.8194,1.013,1.1238,3.8484,3.9521,2.0367,1.5488,161.7479,130.6959,58.4701,145.9902,18.0108,196.317,0.2906,0.4928,0.1278,3.956,-0.411,0.7879,-0.411,11,11.8306,11.1935,4.585,0.2672,4.0914,4.105,0.4076,1,Act1
0.7117,40.9091,6.8182,4.5455,1.504,7.87,5.8816,1.4115,0.2516,1.2676,0.6301,1.5592,0.0657,-0.2678,-0.1631,-0.0599,0.11,0.0331,1.0135,1.0547,1.0101,1.0817,1.0647,0.9026,3.8824,3.9619,2.0382,1.6261,154.5954,116.3299,47.2477,93.8731,32.8972,116.6482,0.1607,0.6035,0.1992,3.9748,0.0,3.0191,0.0,13,7.2364,10.2522,4.3219,0.2989,3.6531,3.8053,0.6862,1,Act1
0.6512,40.3509,5.2632,10.5263,2.2363,7.7917,6.0113,1.386,0.172,1.31,0.6454,1.5172,0.1326,-0.1621,-0.0732,0.1083,-0.2517,0.0859,1.0847,1.1345,0.8334,0.9762,1.1652,1.2147,3.8357,3.9516,2.0029,1.594,146.5331,146.5331,48.2012,115.2607,0.0,149.7069,0.1841,0.5213,0.1086,3.8053,0.0062,4.4929,0.0062,10,9.8289,8.9919,4.2479,0.2188,2.9458,4.1705,0.4379,1,Act1
0.6879,42.5532,4.2553,8.5106,2.0658,7.8426,5.8134,1.4133,0.1703,1.3256,0.6762,1.5826,0.0219,-0.0494,-0.0715,0.0153,-0.1287,-0.1093,1.2807,0.956,0.9717,1.0178,1.0326,0.8176,3.8515,3.9894,2.051,1.5644,132.3568,126.5494,30.8089,81.6057,16.405,139.8535,0.1737,0.563,0.1561,3.9705,0.0,3.8388,0.0,13,10.8015,11.9767,4.3219,0.2336,3.14,3.8065,0.6692,1,Act1
0.6879,42.5532,4.2553,8.5106,1.9287,7.8488,5.9105,1.4178,0.1798,1.2946,0.6617,1.5571,0.0818,-0.0482,0.0545,-0.0097,-0.1287,-0.0829,1.2578,0.7632,0.9517,1.031,1.1162,1.0065,3.8585,3.9987,2.0601,1.5396,132.3568,126.5494,31.4599,81.6057,16.405,133.134,0.1737,0.563,0.1562,3.9743,0.0,4.1703,0.0,13,9.5997,10.4955,4.3219,0.2336,3.692,4.0015,0.6731,1,Act1
0.6818,42.0,4.0,8.0,2.1173,7.8125,5.8311,1.4142,0.1677,1.3138,0.6781,1.5646,0.0334,-0.0685,-0.0826,-0.0308,-0.1235,0.007,1.2723,1.1415,1.0281,1.0788,1.0322,0.9599,3.8519,3.9899,2.0518,1.5648,134.8913,129.0839,35.4013,81.6057,16.405,139.8535,0.1631,0.5674,0.1511,3.9705,0.0,3.8996,0.0,14,11.352,13.7661,4.3219,0.2254,3.4607,3.8209,0.6261,1,Act1
0.7111,46.8085,4.2553,4.2553,1.8354,7.7284,5.7842,1.3766,0.1867,1.3164,0.5283,1.58,0.0403,-0.1456,0.0823,-0.0476,-0.0351,-0.0939,0.842,0.75,0.9476,1.0649,1.1232,0.8952,3.8828,3.9493,2.0914,1.5478,166.0509,134.7732,64.2904,50.2899,18.0108,150.9407,0.1411,0.6186,0.1248,3.9108,-0.0713,5.1527,-0.1154,16,8.8779,11.638,4.3219,0.2062,4.4735,3.6707,0.7148,1,Act1
0.6926,44.4444,3.7037,5.5556,2.1222,7.7333,5.8468,1.3668,0.1677,1.2957,0.5894,1.5481,0.0674,-0.1509,-0.0481,-0.1439,-0.0692,-0.0134,0.8285,0.7989,0.9866,1.1092,0.9957,0.9573,3.8723,3.9372,2.0906,1.5518,176.9339,145.6563,66.3482,61.2897,18.0108,152.9985,0.1417,0.6005,0.1135,3.7748,-0.1391,4.7763,-0.1728,16,10.7911,12.5208,4.3219,0.2066,4.5871,3.6454,0.608,1,Act1
0.6912,44.6429,3.5714,3.5714,2.0667,7.6806,5.8597,1.3668,0.1708,1.2857,0.5871,1.5349,0.115,-0.0463,0.0333,0.0399,-0.0334,-0.1835,0.7812,1.0215,0.8993,1.0077,0.9657,0.9197,3.9052,3.9804,2.093,1.584,183.7013,152.4236,64.2904,50.2899,18.0108,150.9407,0.1179,0.6271,0.1135,3.8855,-0.0839,5.3618,-0.1271,19,11.2694,14.2361,4.3219,0.1855,5.3192,3.8617,0.5872,1,Act1
0.6866,36.7347,10.2041,0.0,2.1696,7.3567,5.4274,1.2571,0.1776,1.3355,0.5373,1.4868,0.0251,-0.0105,0.0283,0.1148,-0.3633,-0.2835,0.3603,1.018,0.6963,0.9219,0.9637,0.895,3.8118,3.8986,2.0938,1.5307,143.8648,112.5871,62.9128,33.5711,0.0,127.8181,0.1068,0.6639,0.1173,3.7113,0.0,6.0391,0.0,6,7.4543,6.3053,3.585,0.1509,3.159,3.815,0.7841,1,Act1
0.6829,41.6667,8.3333,1.6667,2.6914,7.4349,5.9403,1.3713,0.1363,1.3542,0.5664,1.5318,0.0166,0.0263,0.0058,0.1028,-0.3267,-0.2203,0.717,1.2792,0.7334,0.9613,1.0354,0.9789,3.847,3.9677,2.1046,1.821,181.0513,181.0513,39.3567,44.5709,0.0,165.0524,0.1151,0.6407,0.0914,3.7258,0.0,7.8998,0.0,12,13.3632,14.4922,4.2479,0.0905,4.3016,3.856,0.5514,1,Act1
0.6522,40.9091,6.0606,4.5455,2.5779,7.6863,5.8896,1.3571,0.1519,1.303,0.6256,1.5057,0.0446,0.026,0.0303,0.0166,-0.1153,-0.112,1.086,1.0578,1.0327,1.1939,0.9939,1.0134,3.8513,3.9514,2.0282,1.6119,153.2784,153.2784,50.3417,77.9527,18.0108,138.6144,0.1235,0.5812,0.101,3.638,-0.3842,4.804,-0.2901,17,14.5265,18.1063,4.3219,0.166,4.0741,3.9168,0.5125,1,Act1
0.6395,35.8209,5.9701,5.9701,2.2941,7.9779,5.6623,1.3619,0.2024,1.2484,0.7203,1.4713,0.1478,-0.1184,0.1266,0.0776,-0.2423,-0.0144,1.2727,0.9737,0.8737,0.9895,1.0431,1.0545,3.8518,3.9435,2.0631,1.7156,139.4732,133.6658,42.3651,113.7487,0.0,100.0976,0.1545,0.5378,0.1324,3.8337,0.0797,0.1712,0.0797,12,13.0502,13.8284,4.0,0.1935,2.7768,3.7138,0.4956,1,Act1
0.6556,40.5405,8.1081,5.4054,3.0675,7.6667,6.2003,1.3613,0.1278,1.341,0.5271,1.5387,0.0735,-0.0948,-0.1485,0.1603,-0.3169,0.0156,1.0659,0.9614,0.7832,1.0201,1.0085,0.9455,3.8408,3.9881,2.0964,1.8288,169.5886,169.5886,54.5688,88.9526,0.0,163.5526,0.1446,0.5598,0.0859,3.8621,1.4634,4.875,-0.1504,12,15.1802,15.7006,4.3923,0.1558,2.783,3.9435,0.3845,1,Act1
0.7389,44.4444,8.8889,6.6667,2.019,7.8678,5.8443,1.4555,0.1601,1.3195,0.5799,1.5928,0.1348,-0.0064,0.0191,-0.1779,0.066,0.0954,1.0949,1.8987,1.0408,1.1728,1.0855,0.9738,3.8555,3.9551,2.0562,1.5438,188.0332,124.5359,91.8639,94.6158,36.0215,190.663,0.2131,0.5768,0.1387,3.9487,0.4718,3.4707,-0.3111,13,12.5245,14.1636,4.3923,0.3545,3.2546,3.8676,0.4618,1,Act1
0.7005,48.9796,6.1224,2.0408,1.3929,7.6369,6.1035,1.4471,0.2026,1.3118,0.5902,1.5884,0.0876,-0.0519,0.0752,0.0187,0.0322,0.1174,0.9651,1.139,1.0022,1.155,1.2166,0.9761,3.8685,3.952,2.035,1.8636,175.6062,175.6062,25.2884,41.8079,18.0108,171.6908,0.1251,0.6275,0.1165,3.9129,-0.1472,6.1051,-0.1472,20,7.2607,10.3331,4.6439,0.1277,5.4436,3.7075,0.5312,1,Act1
0.6318,38.0952,4.7619,4.7619,2.0644,7.6833,5.5628,1.2646,0.1926,1.2677,0.7031,1.4528,0.1614,-0.1035,-0.0728,-0.0857,-0.2263,0.101,1.2348,0.9599,0.9184,1.1006,1.2497,0.9891,3.8897,4.0143,2.0785,1.635,123.5476,123.5476,50.9928,61.2897,16.7855,80.8983,0.1065,0.5796,0.1165,3.9312,-0.1606,7.1647,-0.335,14,11.0679,13.8126,3.8074,0.1595,3.563,4.1805,0.759,1,Act1
0.6706,35.8974,12.8205,5.1282,1.6033,7.9508,5.4315,1.2938,0.2324,1.3028,0.6359,1.5644,0.086,0.0407,-0.053,-0.1011,-0.3335,0.2928,1.2541,1.2765,0.8437,0.974,0.9096,0.9785,3.8335,3.9386,2.0818,1.5772,85.9129,80.1055,14.6294,110.7812,32.8972,118.3194,0.1811,0.5469,0.1969,3.5495,0.0,1.2482,0.0,5,8.7923,2.8717,3.9069,0.3156,0.8341,3.3294,0.8054,1,Act-1
0.7381,38.2353,5.8824,8.8235,1.3016,8.1997,5.1608,1.2925,0.2704,1.2369,0.7302,1.5437,0.1004,-0.0798,-0.0128,0.119,-0.0423,0.1451,1.2132,1.1759,0.8486,1.0408,1.1017,1.1055,3.8759,3.9481,2.008,1.4087,156.3426,80.1088,47.531,108.6065,34.4157,95.7509,0.2364,0.5616,0.2129,3.9857,-0.4579,1.9978,-0.4579,9,6.818,7.3837,3.9069,0.3244,2.3015,3.5439,0.8463,1,Act1
0.6861,40.678,5.0847,6.7797,2.3691,7.9705,5.948,1.3274,0.1695,1.2816,0.5891,1.5321,0.0789,0.1056,0.096,-0.0033,-0.1822,-0.0376,1.08,0.6876,0.8764,1.0739,1.0368,1.0927,3.8665,3.9513,2.1064,1.8065,176.1479,131.1919,37.0804,133.7515,18.0108,118.0935,0.1703,0.5678,0.1313,3.9425,-0.6496,2.7986,-0.3289,16,11.3947,15.3869,4.1699,0.1985,3.3187,3.7127,0.6675,1,Act1
0.7054,48.7805,9.7561,2.439,1.6735,8.1111,6.2433,1.5537,0.185,1.3136,0.5484,1.5913,0.0775,-0.0935,0.0059,0.0029,-0.1236,-0.0236,1.1318,0.8656,0.9695,0.9647,0.9303,0.7214,3.8451,3.9746,2.0548,1.7787,141.6046,141.6046,38.8746,88.6362,18.0108,162.9323,0.2315,0.5322,0.1195,3.9456,-0.5283,0.9664,-0.5283,11,8.8349,10.1159,4.585,0.1627,3.8875,3.9515,0.5945,1,Act1
0.7354,43.4783,2.1739,8.6957,1.5714,8.0188,5.6017,1.2904,0.2129,1.2785,0.7555,1.5765,-0.0354,0.0833,0.0475,0.0466,-0.001,-0.0495,1.2176,0.8296,0.9979,1.0735,1.1634,0.9951,3.8556,3.9159,2.0299,1.6844,211.416,134.9437,54.3336,119.6064,18.0108,154.8187,0.2053,0.5812,0.1792,3.5436,-0.3919,1.8366,-0.3919,13,9.3727,11.7097,4.3923,0.2502,3.8684,3.7915,0.5874,1,Act1
0.6716,42.1053,3.5088,8.7719,1.4355,7.8472,6.1189,1.3129,0.2202,1.2869,0.4598,1.504,0.1126,0.0603,-0.0503,-0.0914,-0.26,-0.0118,0.7835,0.9229,0.6709,0.8303,0.9225,0.9822,3.8276,3.9093,2.0423,1.6225,185.1801,146.0315,50.6151,122.4382,0.0,114.8509,0.1757,0.5477,0.1147,3.9415,-0.1567,2.9536,-0.2986,11,8.9161,8.7024,4.0,0.158,2.946,4.2523,0.6172,1,Act-1
0.6639,38.0,8.0,4.0,2.3195,7.6827,5.9547,1.3996,0.2013,1.2552,0.6688,1.4784,0.2768,-0.0198,0.0413,-0.4265,-0.0991,0.0033,1.2688,1.9092,0.8389,1.0358,0.9459,0.7246,3.8078,3.8874,1.9932,1.6403,139.5835,108.3058,55.4946,69.5934,18.0108,118.6672,0.1355,0.5833,0.1406,3.7726,0.0661,4.7342,0.0661,12,9.4412,10.9088,4.0875,0.2597,3.5433,4.0131,0.6954,1,Act1
0.6609,39.2157,3.9216,3.9216,1.888,7.72,5.5164,1.2868,0.2187,1.2683,0.6836,1.5062,0.1566,-0.059,-0.0209,0.1998,-0.1671,-0.0773,1.1549,1.4238,0.8571,0.9555,1.012,0.9277,3.8447,3.9612,2.099,1.708,124.4377,118.6303,17.2024,61.0985,0.0,110.4588,0.1062,0.6119,0.175,3.7564,0.0,2.7845,0.0,15,8.2244,10.7545,3.9069,0.1636,3.5722,3.5678,0.8559,1,Act1
0.6717,40.678,5.0847,5.0847,2.3996,7.75,5.743,1.2722,0.1694,1.3067,0.6588,1.5169,0.0144,0.0516,-0.0109,0.1333,-0.1314,0.1304,0.6759,0.5967,0.9184,1.2114,0.9947,0.9614,3.8483,3.9436,2.099,1.794,153.9376,153.9376,41.6497,92.9732,60.6941,108.6176,0.1281,0.6148,0.1068,3.7571,-1.2437,2.8501,-0.9788,15,12.0017,14.7654,3.9069,0.1498,4.2291,3.4964,0.6668,1,Act-1
0.6531,37.7049,8.1967,6.5574,2.6538,7.9983,5.7268,1.2857,0.1864,1.2622,0.7403,1.4783,0.037,0.032,0.0842,0.0735,-0.2475,0.0656,0.8634,0.6914,0.9647,1.1916,1.0895,1.0808,3.7982,3.9243,2.0737,1.6755,147.3814,108.2327,42.9789,174.0523,78.7048,102.8421,0.1717,0.5389,0.1038,3.7571,-1.5109,1.5605,-1.127,11,14.527,15.7594,4.0,0.2423,2.6593,3.5932,0.48,1,Act-1
0.7018,45.7627,5.0847,5.0847,1.9429,7.7892,6.1502,1.4139,0.1623,1.308,0.473,1.5575,0.0869,-0.1577,-0.0507,0.065,-0.02,-0.1721,1.0229,0.7457,0.9763,1.1467,0.9179,1.0906,3.8579,3.9595,2.0398,1.8482,187.2784,155.0589,74.2145,75.4348,36.0215,172.1682,0.1497,0.5998,0.1211,3.8204,-0.3963,5.2717,-0.2522,19,11.7777,12.8332,4.4594,0.2299,4.6841,3.8801,0.4907,1,Act1
0.7182,45.4545,5.4545,5.4545,1.3756,7.8418,6.157,1.3154,0.1956,1.299,0.425,1.5466,0.1392,0.1113,0.0212,-0.1779,-0.1871,-0.0309,1.098,1.2885,0.7553,0.934,1.1884,0.8235,3.867,3.9431,2.0508,1.7746,207.7111,137.2848,75.1021,114.5834,0.0,153.4747,0.1759,0.5897,0.1091,3.8768,-0.7868,5.8502,-0.4267,17,9.8772,11.0441,4.3923,0.1928,4.7118,3.9014,0.4923,1,Act1
0.7071,44.0678,5.0847,6.7797,1.3878,7.8556,6.2058,1.3164,0.1919,1.3017,0.4363,1.5388,0.1548,0.0803,0.0848,-0.1742,-0.2118,0.0793,1.2269,1.1255,0.708,0.8876,1.2377,0.9102,3.8637,3.9295,2.054,1.7773,214.3614,143.935,80.3455,125.5833,0.0,149.2418,0.1814,0.5747,0.1035,4.0298,-0.7939,6.1884,-0.4327,16,10.064,11.0043,4.3923,0.1995,4.5232,3.9835,0.4352,1,Act1
0.6995,42.8571,12.5,1.7857,2.0865,7.8137,6.4797,1.5745,0.1507,1.3182,0.5058,1.5565,0.098,0.084,0.101,0.0479,-0.0101,0.033,1.1395,0.8499,1.1287,1.1927,0.9964,0.8583,3.8324,4.0219,2.1446,1.7174,166.3836,134.164,72.9232,107.0021,34.6738,190.5643,0.1865,0.5653,0.118,4.0394,-0.2167,4.6827,-0.2167,15,10.7063,13.675,4.8074,0.2653,4.2322,4.2137,0.296,1,Act1
0.6886,41.9355,11.2903,1.6129,2.0509,7.7778,6.5006,1.5644,0.1564,1.3135,0.5214,1.5439,0.1627,0.038,0.1392,-0.0637,-0.0109,0.0119,1.3167,0.8732,1.0791,1.1748,1.0717,0.8497,3.8348,4.022,2.1451,1.7176,176.8436,144.6241,74.558,107.0021,34.6738,190.5643,0.1681,0.5723,0.1164,4.0394,-0.1773,4.7133,-0.1773,17,10.8754,13.5914,4.8074,0.2505,4.9284,4.6538,0.2627,1,Act1
0.7184,46.3415,12.1951,0.0,1.7248,7.6111,6.2107,1.5737,0.2031,1.3344,0.4819,1.5947,0.0551,0.0372,0.0743,0.0645,-0.0967,-0.1799,0.9985,1.0922,0.9107,1.126,0.9588,1.0969,3.8544,3.9564,2.068,1.7195,162.8002,123.6516,21.3504,89.3827,18.0108,164.3025,0.1645,0.6051,0.1178,3.8209,0.0,4.6121,0.0,13,6.9376,11.0797,4.5236,0.159,5.0525,3.5448,0.5767,1,Act1
0.6924,40.9091,15.9091,0.0,2.0385,7.6197,6.0661,1.5163,0.1779,1.3275,0.5383,1.5569,0.0405,0.0078,-0.0446,0.016,-0.3034,-0.1101,1.201,1.0337,0.8043,1.0343,0.7894,0.9609,3.78,3.9971,2.0581,1.6118,143.5871,104.4385,22.8051,106.1682,18.0108,159.5626,0.1711,0.5771,0.1144,3.8862,0.0,3.3938,0.0,8,11.1091,8.9942,4.4594,0.1997,3.4415,3.9261,0.5203,1,Act1
0.6907,41.8182,10.9091,1.8182,1.5754,7.7097,6.0159,1.4254,0.1924,1.3026,0.5408,1.5487,0.127,0.0042,0.0936,-0.1094,-0.0051,-0.1564,0.9799,0.9424,1.0802,1.175,1.0722,1.1404,3.8534,3.9614,2.0402,1.6633,165.8199,133.6004,63.5343,90.2654,66.3457,152.2217,0.1454,0.5995,0.1347,3.8611,0.7346,5.8508,-0.1289,16,9.3863,12.6924,4.3923,0.2884,4.9385,4.3648,0.5336,1,Act1
0.6555,37.7049,4.918,11.4754,2.3391,8.0221,5.9372,1.2872,0.1709,1.2783,0.5892,1.5071,0.1281,0.0376,0.0027,0.0165,-0.2944,-0.0504,1.1867,0.8948,0.8701,1.0303,1.1157,0.9597,3.831,3.9501,2.0342,1.6475,135.1479,129.3405,50.7169,127.6025,18.0108,116.4068,0.1933,0.518,0.1277,3.9334,-1.2231,1.9407,-0.7521,10,12.3366,11.7785,4.0875,0.2624,2.481,3.7033,0.4923,1,Act1
0.6564,42.3729,3.3898,6.7797,1.5525,7.7366,6.0725,1.3121,0.2142,1.2862,0.4654,1.4985,0.1359,0.0655,-0.1026,-0.0557,-0.213,-0.145,0.8723,1.0846,0.8368,0.9212,0.8724,0.8784,3.8344,3.9218,2.0557,1.6227,150.4259,150.4259,49.649,72.2896,0.0,118.7686,0.1332,0.5724,0.1181,3.8262,0.2192,3.5706,-0.2294,14,9.164,10.8471,4.0,0.1498,3.1843,4.3613,0.6937,1,Act1
0.6736,41.3793,3.4483,8.6207,1.6191,7.9453,5.996,1.3082,0.2307,1.2681,0.7394,1.5376,0.1682,0.0688,0.0208,0.0306,-0.1816,0.0393,1.1478,1.1161,0.8142,0.965,1.2039,1.0428,3.8593,3.9547,2.0741,1.8598,180.1953,174.3878,30.7326,91.4577,18.0108,128.161,0.166,0.5604,0.1392,3.7994,-0.4597,3.6712,-0.4597,15,11.0428,10.3365,4.4594,0.2053,3.9307,3.8744,0.5501,1,Act1
0.7204,45.4545,11.3636,2.2727,1.679,7.7654,6.2689,1.3979,0.1755,1.3525,0.4432,1.6251,0.0999,0.0965,0.2025,-0.0508,0.0119,-0.1716,1.1686,0.8824,0.8996,1.0812,1.0753,1.1607,3.8527,3.9563,2.1346,1.6203,127.7067,96.429,63.7237,105.887,50.9079,126.3101,0.1664,0.6003,0.1309,3.7944,-0.2714,4.3267,-0.2714,11,9.9481,11.3945,4.2479,0.3283,2.7935,4.494,0.6682,1,Act1
0.6523,41.5385,3.0769,9.2308,1.5771,7.7429,6.145,1.2861,0.1804,1.3255,0.4547,1.5115,0.0662,0.0461,-0.0161,-0.1234,-0.2428,0.0878,0.9385,1.0376,0.8189,0.9453,1.0233,1.0087,3.8341,3.9241,2.0564,1.6966,151.1451,151.1451,63.6963,94.2894,0.0,142.0562,0.1541,0.5452,0.1029,3.9415,0.0688,3.7701,-0.2627,12,10.8729,8.666,4.0,0.1702,2.4768,4.3851,0.5566,1,Act1
0.6684,40.3846,1.9231,11.5385,1.7384,8.0086,6.1574,1.4128,0.2255,1.2592,0.622,1.5327,0.1297,-0.1187,-0.0033,0.0184,-0.1357,-0.1281,1.1873,0.9205,0.9327,1.0062,1.1725,1.0645,3.9764,4.0044,2.059,1.6683,143.1219,137.3145,42.4473,100.965,16.405,101.4356,0.1846,0.5372,0.1512,4.6204,-0.4816,1.8631,-0.4816,13,9.0169,10.9306,4.3219,0.2472,3.8437,3.6931,0.5242,1,Act-1
0.6591,37.7551,6.1224,5.102,2.464,7.79,5.7458,1.2184,0.1611,1.2578,0.8535,1.4734,0.0536,0.0117,-0.0056,0.0418,-0.1084,-0.0248,1.0407,0.8641,1.0176,1.1104,0.9726,1.0347,3.8699,3.942,2.0528,1.7258,266.3923,203.8369,104.0159,162.6891,96.7156,226.2215,0.1342,0.5802,0.0718,3.4823,-1.4069,4.4947,-0.6604,23,15.6495,17.9495,4.7004,0.2805,4.3137,4.9787,0.0868,1,Act1
0.6775,41.3793,3.4483,3.4483,0.7644,7.8574,4.8757,1.2225,0.4042,1.2714,0.5351,1.4722,0.0503,-0.1354,-0.1092,0.3865,0.1957,0.0099,1.0874,0.2673,1.0105,1.2286,1.0546,0.9118,3.6433,3.7832,2.0682,1.1243,99.0114,59.8628,21.9578,97.1908,32.8972,59.8628,0.1312,0.6029,0.2631,3.2422,0.1128,1.3672,0.1128,10,4.5032,6.3195,3.0,0.1926,2.4133,3.7714,0.703,0,Act1
0.656,40.5063,8.8608,3.7975,2.6417,7.7599,6.2142,1.5005,0.1449,1.2902,0.5639,1.5067,0.0671,-0.0286,-0.0025,0.0547,0.0993,0.0098,0.896,1.0769,1.0418,1.1181,0.9838,1.0292,3.8959,4.0112,2.0749,1.7651,182.4274,182.4274,42.2368,142.8397,95.2453,214.0325,0.1348,0.5739,0.0847,3.9117,-0.3319,6.2874,-0.2019,23,15.3468,15.4966,4.7004,0.2398,3.5875,4.8754,0.2308,1,Act-1
0.7223,43.9024,7.3171,0.0,1.0473,7.4541,5.8665,1.385,0.2434,1.3306,0.3533,1.5193,0.0734,0.2052,0.2165,-0.0846,-0.2092,-0.2527,0.9264,1.2824,0.6724,0.8777,1.0882,1.217,3.7482,3.8645,2.0406,1.6682,169.3934,98.0252,55.5147,55.9342,0.0,144.8826,0.1309,0.6436,0.1766,3.7317,1.0491,5.3577,1.0491,10,7.0986,7.1934,3.8074,0.1384,4.1396,3.509,0.8258,1,Act1
0.6549,42.3077,3.8462,3.8462,2.003,7.6026,6.0527,1.4291,0.2217,1.2814,0.5946,1.5108,0.1244,0.0841,0.165,-0.1391,-0.2261,-0.0679,1.0675,1.2721,0.7621,0.8801,1.0446,1.0719,3.8282,3.9105,2.0658,1.6166,143.2788,143.2788,33.0257,36.1448,0.0,94.7396,0.1043,0.6071,0.1309,3.5783,-0.2624,4.3025,-0.2624,14,11.4052,7.9878,4.1699,0.0983,4.0814,3.6599,0.6459,1,Act1
0.6799,41.9355,4.8387,0.0,2.0604,7.5072,6.1129,1.5173,0.2033,1.2728,0.6054,1.481,0.0581,0.0598,0.0701,0.093,-0.1215,-0.0637,0.9134,0.8148,0.9067,1.2021,1.0515,0.9408,3.8676,3.929,2.1306,1.7052,231.3389,153.0416,31.8036,95.0828,18.0108,113.0129,0.1021,0.6439,0.0967,3.8205,0.0,4.3268,0.0,19,10.9364,13.7339,4.2479,0.0617,6.8111,3.8549,0.3651,1,Act1
0.646,41.0714,1.7857,8.9286,1.3912,7.6379,6.2983,1.4616,0.251,1.2969,0.5481,1.4932,0.14,-0.1493,-0.0753,-0.0453,-0.215,-0.0872,0.974,1.0248,0.8047,0.8934,1.3126,1.1479,3.7876,3.8913,2.1426,1.4151,155.7529,155.7529,51.0825,71.785,0.0,110.5196,0.143,0.553,0.1099,4.1017,0.0,4.8743,0.0,11,8.264,9.3852,4.1699,0.1485,3.9807,3.8328,0.5129,1,Act1
0.6191,37.5,1.5625,3.125,3.2263,7.6543,4.1897,1.4309,0.3909,1.2385,1.0,1.4167,-0.2066,0.0233,-0.0049,-0.0026,-0.026,0.0,1.0347,0.92,1.3503,1.353,1.0024,0.9721,3.6875,3.8313,1.9563,1.6796,149.6268,149.6268,27.0866,67.8283,60.6941,0.0,0.0688,0.6272,0.1375,2.5332,-0.0106,0.0,-0.0106,21,15.9863,16.8642,3.0,0.1327,5.1307,3.4427,0.4255,0,Act1
0.6398,34.0,4.0,6.0,1.5937,7.4977,5.2867,1.1932,0.0,1.2147,0.6037,1.374,0.0542,-0.0035,-0.1305,-0.0807,-0.1627,0.0655,0.6677,0.7007,0.8537,1.1631,1.3043,0.8022,3.7287,3.9305,2.023,1.5165,155.367,71.7503,33.7405,117.9768,60.6941,34.8905,0.1481,0.5514,0.1538,3.0743,-0.3477,1.2647,-0.3477,10,7.5423,9.8678,3.0,0.1638,3.2525,3.6174,0.8328,0,Act1
0.6769,42.1053,5.2632,0.0,1.0859,7.5234,5.3095,1.3262,0.3182,1.2748,0.6937,1.4777,0.0207,0.0739,0.0449,-0.1344,-0.2065,-0.038,0.7979,1.2097,0.7864,0.9395,0.9551,1.1123,3.7138,3.8288,2.057,1.5429,145.4057,106.2571,14.0832,55.9342,0.0,101.6096,0.1009,0.6435,0.1677,3.4261,0.0,3.16,0.0,11,6.4142,7.3108,3.7004,0.0587,3.5512,3.9465,0.7969,1,Act1
0.6321,38.9831,0.0,13.5593,1.2674,8.0645,5.3064,1.1002,0.2458,1.2498,0.416,1.4442,0.1338,-0.1384,-0.03,-0.2478,-0.0909,0.0799,0.9612,1.3353,0.9722,0.9811,1.1592,0.9758,3.758,3.9084,2.1532,1.5161,110.3451,110.3451,40.0312,143.0867,0.0,79.111,0.1716,0.509,0.1229,3.5972,-1.5869,0.7265,-0.5811,14,7.8929,7.7085,3.3219,0.2523,2.2891,4.6445,0.5088,0,Act1
0.6779,47.3684,0.0,5.2632,1.24,7.85,5.6573,1.3988,0.3149,1.2735,0.6209,1.5454,0.0116,-0.0295,-0.0743,-0.1238,0.1265,-0.054,1.0199,1.2192,1.065,1.0712,0.9765,1.0719,3.7542,3.8474,2.0725,1.4886,125.1552,125.1552,17.8114,116.9005,85.3667,69.5998,0.1129,0.6223,0.1518,3.7249,0.0,3.9985,0.0,16,7.9587,8.9676,3.9069,0.1519,4.3099,3.5209,0.8414,1,Act1
0.7189,43.1373,7.8431,1.9608,1.5067,7.7444,6.1162,1.3721,0.2085,1.2891,0.6094,1.4982,0.0654,0.0061,0.1452,0.0804,0.0416,-0.162,0.7621,1.0421,0.8478,1.2985,0.9117,1.1501,3.8178,3.908,2.0239,1.7448,234.2677,116.8218,41.6629,159.2539,17.8882,124.7333,0.1792,0.593,0.1104,3.8519,-0.2283,5.0367,-0.2283,16,7.9307,11.9447,4.2479,0.1081,6.0115,3.8238,0.5451,1,Act1
0.643,39.2857,7.1429,3.5714,2.1046,7.9195,5.8695,1.3829,0.2133,1.2644,0.6442,1.476,0.162,0.048,0.0592,0.0298,-0.12,-0.0515,1.0367,1.0755,0.9353,1.0625,1.1571,0.8317,3.8394,3.9705,1.9707,1.6273,121.1715,121.1715,47.9657,65.25,52.807,98.0632,0.1432,0.5521,0.1183,4.1111,-0.06,3.4279,-0.2894,12,10.6988,13.165,3.9069,0.2032,2.7412,4.0182,0.7032,1,Act1
0.618,36.9231,3.0769,1.5385,1.9012,7.1914,5.2348,1.1543,0.1618,1.3519,0.5484,1.4234,-0.0607,-0.0531,-0.0675,0.0412,-0.1793,0.0546,1.0965,0.9542,1.0886,1.1774,1.1245,0.9527,3.7866,3.9873,2.1046,1.6761,86.8002,86.8002,47.4884,10.9999,0.0,74.991,0.0463,0.6417,0.1126,2.8702,0.0,4.1631,0.0,16,11.0771,11.8127,2.8074,0.0424,4.9104,3.6211,0.7008,0,Act1
0.7033,43.9394,6.0606,6.0606,3.11,7.934,6.4153,1.6066,0.1274,1.2797,0.6187,1.5438,-0.0903,-0.0847,0.0813,-0.1005,-0.0833,-0.0674,0.8844,1.1037,1.1271,1.0627,0.9503,0.8759,3.989,3.9681,2.1278,1.8601,229.3576,184.163,54.6391,152.5,36.0215,210.3476,0.2016,0.5547,0.1147,4.4234,0.0,4.7479,0.0,16,15.3275,15.2572,4.9542,0.1974,5.4216,3.9753,0.197,1,Act1
0.6777,40.7407,7.4074,3.7037,2.2333,7.7139,6.1391,1.4336,0.1795,1.3042,0.533,1.5011,0.0306,0.1043,0.2324,0.0252,-0.2025,0.0134,0.6348,0.7252,0.7506,0.9169,1.0246,1.1633,3.8358,3.9337,2.1278,1.7876,167.571,167.571,46.3376,70.5309,18.0108,134.4404,0.1593,0.588,0.1004,3.8831,0.0,2.3902,0.0,10,10.2549,11.7832,4.1699,0.1252,4.6208,3.7809,0.5729,1,Act1
0.6753,38.0952,9.5238,7.1429,1.5521,7.8148,5.9952,1.4378,0.2278,1.2869,0.5773,1.5357,0.1657,-0.1265,-0.3379,-0.1117,-0.2537,0.1761,1.1376,1.207,0.9047,1.0174,0.9114,0.8316,3.8311,3.9661,2.0214,1.5347,111.1873,92.0546,24.6381,94.5128,16.7855,118.8805,0.1866,0.5453,0.1846,4.1398,0.0,4.1664,0.0,6,9.547,8.3199,4.1699,0.3152,2.0875,4.7331,0.6815,1,Act1
0.6531,39.1304,4.3478,1.4493,2.3887,7.4063,5.5688,1.2627,0.1352,1.3265,0.6431,1.476,-0.0746,-0.0847,-0.0537,0.051,-0.1208,0.0615,1.0248,0.8579,1.1021,1.184,1.1209,1.0285,3.8849,3.9969,2.0918,1.7228,158.8734,126.6539,75.8731,25.1449,18.0108,108.7637,0.0757,0.6441,0.1246,3.8618,0.2155,5.4812,0.2155,18,12.3317,15.2401,3.8074,0.1348,5.0614,3.8421,0.5379,1,Act1
0.6853,46.1538,7.6923,0.0,1.7755,7.3988,6.4329,1.5696,0.1669,1.361,0.4455,1.5822,0.0023,0.0973,0.1571,-0.0131,-0.1786,-0.1025,1.006,0.9867,0.8917,1.1084,1.0037,1.0054,3.8443,3.9926,2.1968,1.7444,148.2386,148.2386,26.1273,16.7855,18.0108,162.8764,0.0988,0.6415,0.1026,3.7981,0.0,3.5102,0.0,14,11.0294,7.4334,4.5236,0.0852,4.3984,3.0934,0.5392,1,Act-1
0.7937,47.8261,8.6957,4.3478,0.9531,7.8715,5.4013,1.3561,0.3225,1.3029,0.3151,1.5797,-0.1241,0.0153,0.138,0.3811,0.0946,-0.0867,0.8763,3.6529,1.0035,1.224,0.9816,0.8817,3.778,3.7706,1.9774,1.3293,133.8143,63.388,50.9388,64.2936,36.0215,130.6872,0.2423,0.5963,0.2013,3.7958,-0.1067,3.6664,-0.1067,6,3.7798,6.3053,3.7004,0.3067,2.6881,3.5835,0.6643,1,Act1
0.7119,50.0,6.6667,10.0,1.4286,8.2698,5.8044,1.4865,0.2423,1.3002,0.5749,1.6067,0.0064,-0.1087,0.0845,-0.1394,0.0216,-0.0067,1.1177,1.2001,1.0502,0.9965,1.0615,0.6254,3.8206,3.9062,2.0019,1.2206,102.7455,102.7455,26.9355,128.9046,42.6833,147.9519,0.2781,0.5068,0.1556,3.8552,-1.0466,0.5868,-1.0466,11,6.7589,8.3093,4.2479,0.2681,3.4517,3.6123,0.7763,1,Act1
0.5992,32.2581,5.3763,7.5269,1.0136,8.0159,4.9488,1.0329,0.3145,1.2062,0.4255,1.3854,0.1354,-0.1076,0.0603,-0.0316,-0.3184,-0.0825,1.021,1.0308,1.1118,1.2637,1.1505,1.0779,3.7003,3.9208,2.0333,1.7002,126.1678,126.1678,47.5986,161.8695,36.0215,98.9239,0.1244,0.5258,0.0933,3.4228,-2.8425,0.0,-0.645,15,10.3995,11.9089,2.8074,0.2449,1.4949,4.9077,0.3398,0,Act1
0.67,40.4255,4.2553,2.1277,1.0813,7.413,5.735,1.3424,0.2708,1.2766,0.4436,1.4654,0.1487,-0.1153,-0.2307,-0.0625,-0.2163,-0.3251,0.986,0.9356,0.6804,0.8174,0.7175,0.8564,3.7083,3.8101,2.0682,1.6592,153.1241,120.9045,50.2893,10.9999,0.0,115.536,0.0932,0.6394,0.1842,3.6687,0.0,6.0697,0.0,10,6.0125,6.425,3.7004,0.1389,4.056,3.892,0.8434,1,Act1
0.6563,30.7692,5.1282,10.2564,3.6212,8.2354,5.8985,1.3195,6.6097,1.1689,0.2912,1.4376,0.0151,0.0812,0.0528,-0.1805,-0.3196,0.1013,0.7747,1.0912,0.9011,0.976,0.8715,1.1906,3.8846,3.9408,2.0844,1.7225,171.9431,131.238,57.554,211.131,78.1922,126.5147,0.1824,0.5326,0.1205,4.3723,0.0,4.8073,0.0,9,8.5848,6.2705,4.2479,0.3301,2.1851,3.8439,0.2591,1,Act1
0.6073,35.0,2.5,5.0,1.6678,7.3922,5.3279,1.0692,0.1726,1.3254,0.4153,1.3902,-0.0012,0.0089,0.0254,-0.0017,-0.1102,-0.0335,1.0992,0.9216,1.0532,1.1357,1.2337,0.9734,3.8629,3.9989,2.1546,1.7474,82.2169,82.2169,40.7425,75.683,60.6941,56.8085,0.0737,0.5831,0.0948,3.2856,4.1574,0.0,0.4391,16,10.4728,9.5189,1.585,0.1331,3.1409,4.9249,0.6134,0,Act1
0.685,43.4783,13.0435,4.3478,0.8367,8.0119,5.1354,1.3299,0.3754,1.3121,0.5295,1.5826,-0.0329,-0.0292,-0.2313,0.8257,0.0346,0.5794,1.2095,0.8022,0.9968,1.1028,1.1149,0.9731,3.5291,3.738,2.0342,0.9788,69.4036,69.4036,13.8325,74.8276,50.9079,104.1998,0.189,0.5552,0.2401,3.2233,0.7029,0.8922,-0.2645,5,3.9203,2.8717,3.3219,0.3833,-0.1618,3.6146,0.7146,0,Act-1
0.688,45.8333,8.3333,4.1667,0.8367,7.9405,5.1354,1.3299,0.3754,1.3121,0.5295,1.5814,-0.0297,-0.0728,-0.1766,0.6748,0.1797,0.0906,1.1791,0.9244,1.0601,1.1036,1.0798,1.0195,3.5879,3.7552,2.0409,0.9831,79.7375,79.7375,13.8325,58.0421,50.9079,97.7482,0.1586,0.5836,0.2401,3.2233,0.7911,0.9547,-0.2441,8,4.7568,4.1689,3.3219,0.3162,0.7898,3.662,0.6246,0,Act1
0.6575,40.625,9.375,3.125,1.2457,7.8431,5.2999,1.3082,0.3253,1.2686,0.6055,1.5111,0.1216,-0.0109,-0.1525,-0.3309,-0.075,0.0155,1.1237,1.1831,0.7751,0.9129,1.0752,0.9208,3.6097,3.7996,2.0561,1.2985,89.8107,89.8107,16.5893,58.0421,50.9079,91.0287,0.1352,0.5793,0.2001,3.5127,0.767,2.0522,-0.2508,7,4.945,3.6914,3.3219,0.2709,0.8702,3.8444,0.8288,0,Act1
0.7058,43.8596,12.2807,1.7544,2.2059,7.598,6.4904,1.6161,0.1357,1.3601,0.4935,1.602,0.0019,0.1566,0.2081,-0.0332,-0.2155,-0.1229,0.9857,1.0652,0.9747,1.2096,1.0344,1.1305,3.9412,4.077,2.1151,1.7168,166.5656,135.2879,65.0117,75.5015,36.0215,232.5334,0.158,0.5959,0.0919,4.3523,-0.2999,3.8941,-0.2999,10,11.5308,10.6051,4.8074,0.2463,2.8905,3.9257,0.3816,1,Act1
0.5972,29.2683,12.1951,7.3171,1.8,8.0167,4.8388,1.2096,0.3512,1.2236,0.8414,1.4023,0.1058,-0.1247,-0.1176,-0.0658,-0.2191,-0.1254,1.0362,1.0686,1.1382,1.3198,1.1661,0.8924,3.4531,3.72,2.0175,1.4384,65.6502,65.6502,20.2221,112.1542,78.4598,56.9344,0.1667,0.4918,0.1816,2.9707,-0.5809,1.0602,-0.5809,5,8.2692,7.1922,3.0,0.3515,1.3353,3.9643,0.6122,0,Act-1
0.7205,45.0,2.5,2.5,1.1157,7.5202,5.7777,1.41,0.2655,1.2826,0.4072,1.4864,0.0904,0.1817,0.1859,-0.0269,-0.1083,-0.3462,0.9651,1.1082,0.6429,0.7049,1.0134,1.1798,3.7505,3.8161,1.9802,1.543,188.8857,117.5175,57.1343,50.1485,0.0,126.2462,0.131,0.6439,0.1912,3.7311,0.8859,5.3771,0.8859,12,7.1819,6.8378,3.8074,0.1227,4.4928,3.6329,0.8178,1,Act1
0.6908,44.4444,4.4444,6.6667,1.2189,7.8953,6.1105,1.453,0.259,1.3092,0.5752,1.5567,0.0662,0.0763,-0.0251,-0.0183,-0.0381,-0.1207,1.0369,1.2051,0.8675,1.0676,1.0706,1.0564,3.8332,3.93,2.1261,1.5595,161.3095,122.1609,27.0715,134.7623,60.6941,111.999,0.1747,0.5692,0.131,3.7359,-0.1366,2.4644,-0.1366,13,8.5746,9.1026,4.2479,0.1927,3.7536,4.1469,0.7196,1,Act-1
0.7747,43.75,18.75,0.0,1.2287,7.8623,6.1164,1.543,0.2295,1.3272,0.4547,1.6076,0.0846,-0.0557,-0.1299,-0.2019,0.0854,-0.257,1.3749,1.3222,0.8813,0.835,1.0606,1.064,3.7546,3.9159,2.0086,1.3864,146.2633,82.7661,83.6943,98.2752,0.0,190.739,0.268,0.5635,0.1765,3.8359,0.0,2.3502,0.0,9,8.421,6.1288,4.4594,0.3569,3.4684,4.0954,0.4782,1,Act1
0.7802,45.7143,17.1429,2.8571,1.4112,7.64,6.3627,1.6153,0.1928,1.3526,0.4209,1.6327,0.0875,0.0092,-0.0649,-0.2407,0.1139,-0.1399,1.3357,1.672,0.8946,0.8504,0.9603,1.1309,3.9201,3.9844,1.9921,1.5169,156.291,92.7938,84.2457,92.8224,0.0,210.274,0.2422,0.5849,0.1582,4.3587,0.0,3.2602,0.0,10,9.7519,7.5004,4.7004,0.3713,3.6484,4.1125,0.3714,1,Act1
0.6732,40.4762,4.7619,0.0,1.075,7.3,5.001,1.2301,0.2631,1.3321,0.6197,1.5064,-0.0173,0.1604,0.1703,-0.0088,-0.1894,-0.2488,0.7571,0.7925,0.9111,1.0638,0.8697,1.0385,3.818,3.8507,2.0675,1.5177,129.1582,97.8805,46.779,0.0,0.0,121.7804,0.073,0.6726,0.1504,3.4399,0.0,2.8086,0.0,10,5.4507,6.5114,3.585,0.1212,3.5699,3.1509,0.8701,1,Act1
0.6714,44.186,6.9767,0.0,1.5702,7.4545,5.5924,1.4594,0.2075,1.308,0.6168,1.5252,0.0246,0.0407,0.0422,-0.1035,0.1061,0.0719,1.0399,1.1172,0.9263,1.0194,1.014,1.0755,3.87,3.9592,2.032,1.5529,125.4038,125.4038,22.896,16.663,34.6738,136.868,0.0906,0.6446,0.1303,3.6142,0.0,7.3159,0.0,15,8.3199,11.5503,4.1699,0.1397,3.702,4.6756,0.6466,1,Act1
0.653,41.1765,4.4118,8.8235,1.7852,7.9505,5.9744,1.3446,0.1912,1.2721,0.6081,1.5126,0.0758,-0.0801,-0.0055,-0.0422,-0.0529,-0.0556,0.9106,1.0153,0.9654,1.0706,0.9862,1.1754,3.8599,3.9839,2.1178,1.7661,160.6011,160.6011,46.7814,123.0365,18.0108,136.7143,0.162,0.5426,0.0986,3.9125,0.3354,1.5017,-0.6194,18,12.8952,13.757,4.2479,0.2249,4.0641,4.2745,0.3997,1,Act1
0.6972,41.6667,12.5,2.0833,2.0026,7.6071,5.9372,1.3917,0.1516,1.3441,0.4826,1.5537,0.1365,0.1489,0.1718,0.124,-0.2047,-0.0023,0.8432,0.8649,0.9247,1.1738,1.0168,1.1031,3.847,3.9819,2.0645,1.6384,142.3953,110.1758,58.189,58.5935,18.0108,176.6979,0.1575,0.589,0.148,3.7067,1.0859,3.4391,-0.1432,10,10.2228,8.9941,4.0,0.2395,3.513,3.6625,0.8105,1,Act-1
0.6551,40.0,8.8889,6.6667,1.7312,7.7533,5.7398,1.3266,0.1886,1.3459,0.5198,1.5349,0.014,-0.0367,0.0714,-0.1319,-0.1932,0.0768,1.1596,0.9623,1.0144,1.017,1.1048,1.0366,3.7326,3.9185,2.0837,1.6045,88.4506,88.4506,41.4982,113.6129,32.8972,142.4411,0.164,0.5421,0.1305,3.6788,-0.217,3.9706,-0.217,8,7.1595,7.0218,3.8074,0.2661,1.7732,3.6196,0.8461,1,Act1
0.6638,39.2157,3.9216,7.8431,2.085,7.6358,5.6124,1.2854,0.1733,1.3278,0.5562,1.506,0.091,-0.2171,-0.0926,-0.1309,-0.204,0.0595,1.4558,1.0831,0.9469,1.0511,1.0855,1.1057,3.7395,3.912,2.0193,1.524,125.8941,94.6164,79.5928,74.9301,0.0,147.1948,0.1488,0.563,0.1266,3.7071,-0.0656,4.8002,-0.0656,10,9.6359,11.5123,3.7004,0.2294,3.3784,3.7028,0.722,1,Act1
0.674,40.0,4.4444,8.8889,1.8144,7.7667,5.5977,1.293,0.1837,1.328,0.5173,1.5221,0.0727,-0.152,-0.0616,-0.3656,-0.1471,-0.0083,1.437,1.309,0.9605,1.0664,1.0653,1.0085,3.7371,3.9096,2.0155,1.524,106.1951,74.9174,68.7189,106.6136,42.6833,147.1948,0.1691,0.5532,0.1331,3.7071,-0.6883,4.666,-0.6883,9,8.9853,9.6759,3.7004,0.2778,2.8657,3.6924,0.8286,1,Act1
0.6765,38.6364,11.3636,0.0,1.8979,7.5652,5.377,1.2895,0.2069,1.2878,0.6504,1.4945,0.0719,-0.0242,-0.0041,-0.1201,-0.2052,0.0489,1.2206,1.1282,0.8876,1.1467,1.1645,0.9611,3.7892,3.9322,2.0621,1.6354,139.6565,94.4644,19.7343,94.8747,50.9079,108.3889,0.1191,0.6171,0.1557,3.6647,0.7362,3.9685,0.7362,8,8.1232,6.5427,3.8074,0.2733,2.5604,3.4356,0.7644,1,Act-1
0.7259,46.875,6.25,0.0,1.037,7.4907,5.3636,1.3494,0.2533,1.3357,0.4814,1.5628,0.016,-0.0748,0.0153,-0.1843,-0.0923,0.0721,1.1319,1.2534,0.956,1.1977,1.1013,0.8589,3.8325,3.9219,2.015,1.4354,144.1021,98.9101,13.6238,45.192,18.0108,115.4049,0.1143,0.6683,0.1975,3.4441,0.7983,3.6238,0.7983,11,4.6955,8.559,3.8074,0.2076,3.5042,3.433,0.7569,1,Act1
0.6558,37.6812,8.6957,2.8986,2.2286,7.6857,6.1538,1.4497,0.1741,1.2322,0.6345,1.4633,0.2212,0.1905,0.0315,0.0773,-0.0455,-0.0121,0.8344,1.0096,0.8485,0.9926,0.8545,0.9507,3.9646,4.0148,2.0651,1.6659,173.8964,142.6187,55.4691,101.2768,95.3679,164.0397,0.1224,0.5889,0.0946,4.0144,-0.238,3.9915,-0.238,15,11.4969,13.5918,4.4594,0.2751,4.0687,4.6067,0.2798,1,Act-1
0.7144,42.1053,5.2632,7.8947,1.5208,8.3067,5.8253,1.3339,0.2498,1.235,0.5373,1.5202,0.0742,0.0731,0.0026,-0.009,-0.0295,-0.0019,0.9942,0.8678,0.9131,1.0175,0.9885,1.0177,3.8526,3.9412,2.0937,1.6132,136.9932,92.0372,35.8307,123.5666,34.4157,101.2227,0.2474,0.5296,0.1814,3.913,-0.2174,0.8141,-0.2174,11,6.2608,8.9631,4.0,0.2268,3.2268,3.7355,0.8858,1,Act1
0.6918,42.1053,5.2632,7.8947,1.5388,8.2645,5.7386,1.3325,0.2359,1.2558,0.5607,1.5414,0.0831,0.0155,0.0083,-0.162,-0.0302,0.137,1.2878,0.6118,0.9945,1.0246,1.0298,0.8706,3.8394,3.9461,2.0938,1.6164,103.8202,98.0128,32.3301,84.418,34.4157,107.1983,0.2185,0.5305,0.1875,3.8692,-0.0759,1.7923,-0.0759,11,6.042,9.0051,4.0,0.2501,2.7074,3.5021,0.9138,1,Act1
0.7253,42.8571,5.7143,8.5714,1.5388,8.3563,5.7386,1.3325,0.2359,1.2558,0.5607,1.5458,0.0147,0.0452,0.0126,-0.0706,-0.03,0.1075,1.1302,0.9119,0.9632,1.0541,0.9153,0.8315,3.8265,3.9273,2.0914,1.6096,134.4587,89.5026,32.6451,123.5666,34.4157,107.5134,0.2689,0.5235,0.1875,3.8692,-0.0906,0.8078,-0.0906,10,5.9064,9.1206,4.0,0.2358,2.8818,3.3884,0.9003,1,Act1
0.711,40.4762,9.5238,7.1429,1.3169,8.143,6.1104,1.4495,0.25,1.2596,0.5476,1.5093,0.0198,0.0389,0.0854,0.1227,-0.0968,-0.0748,0.7079,0.9009,0.6702,1.0052,1.1395,1.3666,3.8549,3.915,2.0664,1.4255,177.9838,138.8352,37.9611,149.9413,81.3192,93.8723,0.2542,0.5446,0.1393,3.9003,-0.6795,0.733,-0.6795,7,8.3598,7.2396,4.1699,0.1932,3.234,4.0143,0.4759,1,Act1
0.6907,41.1765,11.7647,1.9608,1.8145,7.5977,5.9425,1.3947,0.1576,1.3238,0.4775,1.5343,0.1608,0.0836,0.1362,0.0215,-0.1988,-0.0212,0.7923,1.2122,0.909,1.1537,0.9858,0.9933,3.8564,3.9927,2.0305,1.5997,149.1148,116.8953,56.5121,58.5935,18.0108,171.8967,0.1479,0.5927,0.1435,3.7443,1.0887,3.418,-0.1431,11,10.7453,11.8057,4.0,0.2312,3.7472,4.1237,0.791,1,Act1
0.6817,46.0,6.0,2.0,2.1948,7.5679,5.7923,1.4391,0.1532,1.3558,0.6504,1.5932,-0.069,0.0901,0.0283,0.0854,0.0018,0.0583,1.0676,0.9342,1.078,1.1006,1.0454,1.0594,3.8899,3.9874,2.0729,1.6631,145.9615,145.9615,34.5973,40.5667,36.0215,154.7722,0.1113,0.6246,0.1352,3.6926,0.0,5.8687,0.0,16,11.8146,12.4852,4.2479,0.1706,4.1702,3.8514,0.6988,1,Act1
0.7359,44.2308,15.3846,3.8462,2.2073,7.7794,6.4056,1.5068,0.1458,1.3225,0.536,1.5877,0.0891,-0.0487,0.0836,0.0135,-0.0499,0.1112,1.018,0.7909,0.9317,1.0721,1.0714,0.989,3.9367,4.0584,2.0209,1.8101,197.8745,127.4482,65.0433,140.8205,70.6953,256.3967,0.2312,0.5603,0.0948,4.4023,0.9463,1.603,-0.3524,12,10.2245,13.8114,4.858,0.3195,3.9842,4.8073,0.2476,1,Act1
0.6985,41.6667,6.6667,1.6667,2.0957,7.4948,5.864,1.3602,0.1528,1.3475,0.5487,1.5365,0.029,-0.1797,-0.1407,0.1147,-0.1163,-0.1214,1.16,0.7755,1.0122,1.0906,0.9604,1.0445,3.8535,3.9696,2.065,1.7974,168.6397,105.1425,105.6419,75.5015,0.0,175.4715,0.1162,0.6364,0.1233,3.942,0.2216,7.7118,0.2216,16,12.3131,15.0609,4.2479,0.2421,5.0205,4.3048,0.4215,1,Act1
0.6433,39.6825,6.3492,3.1746,1.8438,7.6406,6.1376,1.4199,0.1821,1.3125,0.5622,1.4958,0.0234,-0.0077,-0.0672,-0.1391,-0.2317,0.1284,1.0391,1.1539,0.8567,1.0083,0.935,1.031,3.8423,3.9769,2.147,1.6477,148.874,148.874,42.4727,53.7454,18.0108,134.6187,0.1284,0.5649,0.0951,3.6761,0.0,3.8192,0.0,11,10.5832,10.657,4.1699,0.1137,3.8077,4.0286,0.6155,1,Act1
0.6457,39.0244,7.3171,7.3171,1.2645,7.8409,5.9105,1.3506,0.2619,1.2984,0.4925,1.5105,0.0773,0.1209,0.0721,-0.1557,-0.3369,-0.2513,0.9616,1.4553,0.72,0.9474,1.1841,0.9416,3.6214,3.8806,2.1404,1.3994,83.0292,83.0292,26.2736,95.6137,42.6833,79.5926,0.1581,0.5397,0.1534,3.3751,-0.4284,1.4331,-0.4284,5,5.5761,3.5961,3.7004,0.2187,1.5845,3.6089,0.8457,1,Act1
0.7978,51.3514,8.1081,2.7027,1.7449,8.2044,6.1117,1.4452,0.1983,1.2901,0.4903,1.5763,0.0042,-0.0111,-0.258,0.3985,-0.0005,0.0254,1.1743,0.5082,0.8291,0.9447,0.9536,0.7688,3.8511,3.9146,2.0472,1.6904,236.6938,126.177,73.968,166.811,0.0,162.6273,0.3168,0.5452,0.149,3.8941,0.593,-0.1323,-0.4983,13,6.5431,10.4484,4.1699,0.1663,5.6407,4.2414,0.6647,1,Act1
0.6512,41.5094,3.7736,5.6604,1.7174,7.6543,5.9649,1.421,0.1952,1.2932,0.6377,1.5084,0.0796,-0.2117,-0.1116,0.0902,-0.1706,-0.0493,1.1507,0.7889,0.9508,1.063,1.339,1.0105,3.8643,3.9667,2.0305,1.619,141.5327,141.5327,39.6759,47.1447,18.0108,98.8554,0.122,0.5818,0.1245,3.9123,-0.0651,3.2608,-0.0651,13,10.3913,13.604,4.1699,0.1432,3.7898,3.5856,0.6901,1,Act1
0.6676,44.8276,1.7241,6.8966,2.0645,7.7849,5.8935,1.4257,0.1824,1.3022,0.7024,1.5446,0.0157,-0.171,-0.0977,0.0438,-0.0434,-0.1043,1.1019,0.9084,1.0284,1.0526,1.1479,0.9861,3.8592,3.9544,2.054,1.8118,178.2577,178.2577,46.8923,72.2896,18.0108,136.9441,0.1342,0.5854,0.1092,3.9123,-0.3132,4.0217,-0.2096,19,13.1338,15.204,4.3923,0.1548,4.5354,3.7228,0.551,1,Act1
0.6408,38.5965,7.0175,5.2632,1.7384,7.7586,6.0895,1.4343,0.223,1.2833,0.5993,1.5119,0.0962,0.1263,0.0463,-0.1617,-0.2073,-0.074,1.0945,1.127,0.9936,1.1726,1.2912,0.8502,3.8333,3.9317,2.1063,1.6439,126.161,126.161,33.3517,78.5323,0.0,102.8203,0.1322,0.562,0.122,3.8154,0.0,2.9579,0.0,12,11.1805,11.3585,4.2479,0.1919,4.3929,3.8089,0.4611,1,Act1
0.7353,46.0,6.0,6.0,1.948,7.922,6.0694,1.5471,0.1742,1.2905,0.6228,1.6132,0.0273,0.049,0.1189,-0.014,-0.032,0.0107,1.0512,0.8583,1.0295,1.1022,1.0717,1.0483,3.9378,3.9888,2.0619,1.8647,198.577,161.4918,53.104,86.2434,34.4157,196.0252,0.1861,0.5972,0.1378,3.9769,-0.448,3.6182,-0.448,18,10.7195,15.0707,4.7549,0.2775,4.5701,3.7814,0.4088,1,Act1
0.7111,50.9434,7.5472,0.0,1.9031,8.0074,6.4918,1.6483,0.1539,1.3283,0.5168,1.6185,0.0293,-0.0163,0.1294,-0.0622,-0.0465,-0.0543,0.9931,1.1052,0.9244,0.7368,1.1278,0.8886,3.923,4.0085,2.1412,1.8569,185.9283,185.9283,27.4065,95.2369,18.0108,226.4197,0.2052,0.5552,0.1176,4.0523,0.0,2.7792,0.0,20,11.624,13.0434,4.9069,0.1111,6.2597,4.054,0.3239,1,Act1
0.7146,50.9434,7.5472,0.0,1.8148,7.5,6.4393,1.649,0.153,1.3592,0.51,1.6293,-0.0044,-0.0336,0.1256,-0.0589,-0.0698,-0.0985,1.0766,1.0783,0.9368,0.9992,1.2018,0.9437,3.9231,4.0082,2.1409,1.8616,186.994,186.994,27.4065,50.3566,18.0108,226.4197,0.1183,0.6481,0.0912,3.8981,0.0,7.2675,0.0,21,11.4947,13.1153,4.9069,0.126,5.6828,3.9893,0.3848,1,Act1
0.7017,49.1525,6.7797,0.0,1.8806,7.4798,6.4746,1.6492,0.1532,1.3505,0.5139,1.6117,0.0293,-0.0619,-0.03,-0.1087,-0.0666,-0.1145,1.0172,1.178,0.9408,1.0006,1.1439,0.8316,3.9238,4.0084,2.1429,1.8823,195.8192,195.8192,27.4065,50.3566,18.0108,226.4197,0.1058,0.6518,0.0879,3.9526,0.0,7.4152,0.0,23,11.5671,13.5727,4.9069,0.1177,6.3217,4.001,0.3247,1,Act1
0.721,52.0,8.0,0.0,1.8148,7.6935,6.4393,1.649,0.153,1.3592,0.51,1.6413,-0.0607,-0.0192,0.0687,0.0104,-0.0599,-0.1127,1.0657,1.155,0.9852,0.9833,1.0264,0.8813,3.9221,4.0081,2.1389,1.8326,184.1043,184.1043,33.342,65.3167,18.0108,232.3552,0.1564,0.6097,0.0927,3.8981,0.0,4.4079,0.0,19,11.6681,13.0994,4.9069,0.1247,5.5887,3.8998,0.393,1,Act1
0.6847,42.3077,5.7692,9.6154,2.0554,8.5735,5.9825,1.4834,0.2082,1.2325,0.6407,1.5487,0.2354,-0.1798,-0.0121,-0.0726,-0.06,0.0262,0.8421,0.7983,1.1161,0.8809,0.8884,0.7844,3.8713,3.9813,2.0584,1.7995,157.0574,151.0114,32.6805,167.2686,36.0215,138.8454,0.289,0.4795,0.1597,3.9938,-1.3976,-0.6919,-0.8305,12,12.6653,12.6589,4.5236,0.2489,3.439,3.7796,0.487,1,Act1
0.6847,42.3077,5.7692,9.6154,2.0554,8.5735,5.9825,1.4834,0.2082,1.2325,0.6407,1.5488,0.2415,-0.185,-0.0354,-0.067,-0.06,0.0449,0.8502,0.8241,1.1257,0.8689,0.9151,0.7854,3.8678,3.9799,2.0579,1.8006,157.0574,151.0114,32.2517,167.2686,36.0215,138.8454,0.289,0.4795,0.1597,3.9938,-1.4323,-0.9112,-0.8305,13,12.3952,12.7076,4.5236,0.2489,3.8894,3.7736,0.487,1,Act1
0.6848,45.7627,8.4746,0.0,1.9063,7.4635,6.2589,1.5233,0.152,1.3457,0.5298,1.5715,0.0333,-0.0959,-0.0553,-0.1576,-0.0827,-0.2145,1.0162,1.2174,0.917,0.9963,1.055,0.8862,3.913,4.0026,2.0762,1.719,163.3509,163.3509,32.8432,50.3566,36.0215,211.9621,0.1054,0.6352,0.0929,3.8895,0.0,9.8612,0.0,19,11.6533,13.6511,4.6439,0.1488,4.9185,4.2036,0.4532,1,Act1
0.7098,50.0,7.4074,1.8519,1.8516,7.5469,6.4571,1.6495,0.1528,1.3689,0.5116,1.6357,-0.0296,-0.0407,-0.0006,-0.0448,-0.102,-0.1254,1.0676,1.1678,0.8994,0.9753,1.1364,0.8665,3.922,4.0078,2.139,1.8386,191.1097,191.1097,29.4644,61.3565,18.0108,228.4776,0.1354,0.6231,0.0894,3.916,0.0,6.4676,0.0,19,12.3789,13.0994,4.9069,0.1432,5.2421,3.8668,0.3791,1,Act1
0.7145,38.3333,11.6667,3.3333,2.7353,7.729,5.6832,1.3812,0.1419,1.3,0.6948,1.557,0.0087,-0.0685,-0.0065,-0.0119,-0.1696,-0.1832,0.7124,1.4147,0.7266,1.016,0.8989,0.9964,3.9085,3.9103,2.0347,1.5989,142.5971,111.3194,69.0431,83.8609,72.043,163.5661,0.1576,0.6195,0.0997,3.697,-0.1156,4.2937,-0.0711,11,10.7284,14.0809,4.3219,0.2359,3.8855,3.7349,0.2623,1,Act1
0.6968,49.0196,3.9216,3.9216,1.7004,7.6667,6.3652,1.5239,0.1769,1.3472,0.5115,1.6082,-0.014,-0.0826,-0.0725,-0.084,0.0519,-0.0562,0.8988,1.0361,0.9894,0.9915,1.0065,1.016,3.9002,3.9978,2.0753,1.7055,137.8308,137.8308,34.4497,84.6138,59.4689,170.492,0.1264,0.6171,0.11,4.0375,-0.8422,5.6882,-0.8422,21,10.6072,11.5278,4.585,0.1725,5.2305,4.1917,0.4796,1,Act1
0.6961,48.3871,6.4516,0.0,1.9965,7.4706,6.5003,1.647,0.1495,1.3334,0.5262,1.5871,0.0847,-0.0165,0.0073,-0.1119,-0.065,-0.1411,1.0412,1.1696,0.9286,1.0143,1.1653,0.8337,3.9291,4.0159,2.143,1.8825,198.3538,198.3538,30.1633,50.3566,18.0108,220.129,0.1005,0.6535,0.0856,3.9526,0.0,8.454,0.0,24,11.6731,14.8652,4.9069,0.114,6.583,4.2035,0.3099,1,Act1
0.6771,43.3962,11.3208,0.0,1.9001,7.5345,6.0519,1.5385,0.1693,1.3171,0.6097,1.5563,0.1066,-0.0778,-0.1082,-0.0684,-0.024,-0.1464,1.0805,1.1025,0.951,1.0625,1.0048,0.7671,3.8779,4.0154,2.0792,1.702,151.6884,151.6884,22.2606,66.7746,18.0108,191.6583,0.1209,0.6123,0.1008,3.9029,0.0,7.12,0.0,16,11.9866,10.637,4.585,0.1782,4.8347,3.993,0.5182,1,Act1
0.7697,45.8333,12.5,4.1667,1.0311,8.0719,5.4902,1.3826,0.3502,1.2807,0.5964,1.5703,0.0919,-0.1837,-0.2212,-0.3526,-0.1661,-0.3001,1.2078,1.8357,0.6347,0.9347,0.9242,1.0693,3.5971,3.7813,1.9507,1.2057,154.7077,76.4104,22.9835,135.6495,18.0108,77.7051,0.2836,0.5553,0.2263,3.832,0.0,2.0575,0.0,6,6.2163,3.7044,3.7004,0.2307,3.096,3.7421,0.9299,1,Act1
0.6456,36.9863,5.4795,6.8493,1.9591,7.9212,5.7746,1.2426,0.1776,1.2497,0.6749,1.4658,0.041,-0.0331,-0.0699,-0.068,-0.1417,0.1303,1.004,0.876,1.0291,1.1451,0.9372,1.1099,3.8485,3.9498,2.0603,1.8171,155.0426,149.2351,39.1081,138.4999,50.9079,110.4432,0.1399,0.557,0.1099,4.0165,-0.664,2.6919,-0.4341,16,13.3501,12.1848,4.0875,0.2467,1.5099,4.4949,0.4955,1,Act1
0.6983,44.898,4.0816,6.1224,2.0667,8.1861,5.9071,1.3785,0.2202,1.2583,0.6455,1.5177,0.0669,-0.0382,0.06,-0.1794,-0.0875,-0.0601,0.8752,1.5135,0.7601,0.9286,0.8667,0.8917,3.8404,3.9462,2.0645,1.7256,193.9471,193.9471,55.6125,91.21,18.0108,115.7735,0.2155,0.5571,0.121,3.8831,0.3027,0.5622,-0.3873,13,8.331,11.1358,4.0875,0.1264,4.0025,4.1769,0.7291,1,Act1
0.6751,42.1053,7.8947,5.2632,2.1033,7.9949,6.5497,1.4583,0.1357,1.2873,0.5287,1.5178,0.0977,0.158,0.2605,-0.0502,0.003,-0.1426,0.9356,0.9442,0.8692,1.0505,0.9359,0.8973,3.89,4.0514,2.0914,1.8199,199.0651,159.9164,57.4086,256.111,136.2746,171.2061,0.1829,0.5447,0.0789,4.0339,-1.1081,4.788,-0.6576,19,14.6472,14.9221,4.7004,0.2368,3.8867,4.829,0.2174,1,Act1
0.6938,47.9452,6.8493,2.7397,2.3556,7.9981,6.8463,1.6052,0.1293,1.3286,0.4728,1.5969,0.0998,0.037,-0.0382,-0.1788,-0.1293,0.1888,1.0413,0.9121,0.8643,0.8199,0.8845,1.1741,3.9542,4.0564,2.1819,1.8885,208.6842,208.6842,50.8134,128.7413,0.0,227.8043,0.1944,0.5478,0.0877,4.3471,-0.4736,2.0839,-0.458,21,16.0399,16.0916,5.0,0.1174,5.7204,4.007,0.2127,1,Act1
0.7188,42.8571,6.1224,8.1633,2.2489,7.9361,6.1296,1.5268,0.1595,1.2953,0.632,1.5941,0.0638,0.04,0.1428,0.0631,-0.0423,0.0739,1.1794,0.8573,0.932,1.0485,1.1703,0.8975,3.9806,4.0015,2.0519,1.8707,170.4398,133.3546,49.5106,114.7817,77.0991,168.4291,0.2,0.5698,0.142,4.3883,0.0,2.3255,0.0,13,12.413,13.8476,4.6439,0.3106,3.8044,3.4543,0.3706,1,Act1
0.6946,42.5532,2.1277,0.0,1.2628,6.942,5.6772,1.3307,0.0,1.2828,0.3396,1.4563,0.01,-0.0386,-0.0485,-0.1092,0.0006,-0.2245,0.793,0.7853,0.8145,0.9095,0.9255,1.0511,3.7158,3.9046,2.0927,1.7444,182.1817,105.494,53.5072,0.0,0.0,129.9069,0.083,0.6846,0.1845,3.5799,0.0,5.9904,0.0,17,6.2741,7.1505,3.7004,0.0825,5.4368,3.9066,0.6121,1,Act1
0.6694,37.7778,8.8889,6.6667,1.888,7.94,5.6175,1.3117,0.2109,1.2692,0.67,1.5036,0.0685,0.0629,-0.0033,0.1133,0.0264,-0.1385,1.0898,0.8277,0.8231,0.8843,1.1011,1.1574,3.7617,3.8728,2.038,1.5781,114.986,83.7083,67.6047,127.0841,83.8051,118.024,0.174,0.5508,0.1326,3.6417,-1.3225,3.6413,-0.729,8,7.6006,4.5176,3.8074,0.3854,1.318,3.8042,0.693,1,Act-1
0.6805,44.186,9.3023,4.6512,1.8496,7.7267,6.1252,1.4541,0.1907,1.3182,0.5294,1.5687,0.0958,-0.1302,-0.0395,0.0695,0.0163,-0.0483,1.118,1.058,0.9459,1.1084,1.0932,0.8712,3.806,3.9143,2.0677,1.6688,114.2687,114.2687,28.2267,69.5934,34.6738,162.6827,0.1605,0.5703,0.1299,3.7741,0.8498,3.6059,-0.0411,12,9.1569,9.6625,4.2479,0.2373,2.7636,4.5764,0.7707,1,Act1
0.6758,35.5556,17.7778,4.4444,1.8189,7.9074,5.7131,1.303,0.1895,1.3213,0.5414,1.5409,0.1099,0.1097,0.0102,-0.156,-0.206,-0.1164,0.9815,1.3023,0.9802,1.2614,0.9963,1.1115,3.687,3.9098,2.0236,1.5159,99.2899,67.0704,62.2426,133.4211,68.9187,166.8505,0.2071,0.5314,0.1577,3.6876,1.2389,1.2014,-0.3085,4,5.8068,6.0,3.585,0.4108,-0.1677,3.9911,0.482,0,Act-1
0.7059,47.619,9.5238,9.5238,1.9821,8.0714,6.2692,1.5425,0.1752,1.3005,0.5786,1.6239,0.0832,-0.0177,0.208,-0.0133,-0.0089,-0.0873,1.1248,0.8725,0.9947,1.1139,0.9385,1.0092,3.8882,4.0236,2.1043,1.8033,134.5052,134.5052,31.7752,118.9702,18.0108,164.0538,0.2342,0.533,0.1229,4.1594,-0.4459,2.2839,-0.4459,12,11.2497,12.653,4.7004,0.3041,3.681,4.0243,0.4417,1,Act1
0.7035,44.2308,7.6923,7.6923,1.5508,7.8464,6.3917,1.5503,0.1718,1.2983,0.4914,1.5624,0.0957,0.146,0.1605,0.0486,-0.1464,0.1362,1.0529,0.9656,0.8956,1.0315,1.2007,1.1906,3.9442,4.0072,2.1359,1.8297,154.9802,149.1727,36.7598,99.8838,34.4157,187.0931,0.1956,0.5585,0.1302,4.4224,0.0,4.41,0.0,14,11.3289,9.1213,4.7004,0.2471,4.35,4.0126,0.4363,1,Act1
0.6934,39.5833,4.1667,6.25,1.8077,7.8173,5.5842,1.2461,0.1836,1.2911,0.6234,1.5351,0.1388,-0.102,0.0656,-0.0764,-0.178,0.0605,1.3521,0.7568,0.7709,0.9049,1.1346,1.31,4.0225,4.0097,2.074,1.5896,124.6613,87.5762,62.6474,69.4579,0.0,109.9669,0.1479,0.5939,0.1629,4.0808,0.0387,4.8029,0.0387,12,8.3643,8.6913,3.9069,0.2415,2.9723,3.646,0.7935,1,Act1
0.757,50.0,10.0,0.0,1.0249,7.7018,5.9938,1.5141,0.281,1.3411,0.4697,1.6735,0.1364,-0.1486,-0.0997,-0.1659,0.0004,-0.2374,1.4244,0.857,0.8601,0.9646,1.1598,1.0508,3.7937,3.8454,2.1225,1.4748,135.5569,104.2793,44.2251,47.8449,18.0108,127.3443,0.1588,0.6456,0.1939,4.0095,0.0,3.208,0.0,11,7.4743,5.0107,4.1699,0.29,3.1416,3.5785,0.7687,1,Act1
0.6998,47.3684,10.5263,0.0,0.7769,7.5758,4.8486,1.3987,0.3981,1.352,0.5122,1.6369,-0.1787,-0.0891,-0.1105,1.1817,0.213,0.5716,0.9373,0.0,1.0159,1.0707,1.1972,0.9134,3.536,3.7684,1.9853,1.1298,71.8472,71.8472,6.3711,16.663,16.663,105.1732,0.1317,0.6235,0.2376,3.0,0.0,2.3258,0.0,7,4.7107,3.3889,3.585,0.1989,1.664,3.7771,0.5971,1,Act1
0.6837,40.0,11.1111,0.0,1.8333,7.5208,5.5952,1.4409,0.1929,1.3105,0.6562,1.536,0.0607,-0.0695,-0.0702,0.1382,-0.1521,-0.1571,1.1486,0.9878,1.0009,1.0517,0.8071,1.1602,3.7025,3.9231,2.0053,1.6058,137.7924,106.5147,46.588,50.3566,36.0215,166.2872,0.1225,0.6206,0.1151,3.6716,0.0,4.6074,0.0,11,8.6977,11.2089,4.1699,0.2679,3.9822,3.7083,0.6875,1,Act1
0.7248,41.8605,6.9767,9.3023,1.7641,8.0679,5.7873,1.3961,0.2257,1.2689,0.6733,1.5832,0.0052,-0.0545,-0.083,-0.0327,-0.0839,-0.0437,0.9031,0.6318,0.848,1.132,1.141,0.8253,3.8318,3.9813,2.0564,1.557,179.8024,173.995,22.8242,80.4578,51.2013,129.2387,0.2179,0.583,0.1625,3.7337,-0.3802,2.0024,-0.3802,10,8.1148,11.2517,4.3923,0.2413,2.8172,3.9352,0.5575,1,Act1
0.7118,50.0,8.0,6.0,2.2682,8.1422,6.2848,1.5808,0.142,1.3141,0.5925,1.598,-0.0273,-0.1072,0.0353,0.0729,-0.0903,-0.0646,1.0846,1.1288,1.0792,1.0599,0.7948,1.1413,3.875,4.0136,2.0549,1.7912,182.5065,182.5065,51.1255,107.9955,34.7963,214.4972,0.2499,0.5236,0.1006,3.913,-1.461,-0.2051,-0.7105,13,11.0499,12.5103,4.7549,0.1942,3.6485,4.2799,0.4484,1,Act-1
0.6984,45.4545,6.8182,0.0,1.4097,7.4873,5.7823,1.3691,0.2151,1.3489,0.5925,1.5589,-0.0256,-0.0024,-0.0984,-0.2871,0.1339,0.0781,0.8843,1.9252,0.8874,1.0018,1.1169,0.9363,3.8309,3.9626,2.1064,1.6322,158.5768,119.4282,25.5234,55.8117,34.6738,170.765,0.1156,0.6376,0.1459,3.8242,0.0,5.8206,0.0,16,9.2076,7.4963,4.1699,0.1205,3.882,4.2227,0.648,1,Act-1
0.6739,43.75,9.375,3.125,2.0552,8.0278,6.6298,1.476,0.1548,1.32,0.4772,1.5592,0.1316,0.057,-0.0376,-0.2043,-0.198,0.2081,0.976,0.9507,0.7338,0.7424,0.9256,1.3434,3.874,4.0029,2.1357,1.7552,163.7578,163.7578,42.8141,114.5962,18.0108,197.6736,0.2116,0.5184,0.1017,4.1102,-0.4594,2.5947,-0.4594,12,9.6118,9.327,4.6439,0.1444,4.2665,4.1255,0.3595,1,Act1
0.6382,36.7647,11.7647,1.4706,1.9481,7.5833,6.1422,1.3839,0.1595,1.3258,0.5565,1.5029,0.0721,0.0625,0.0632,-0.0605,-0.0764,0.0067,1.0558,0.9318,1.1019,1.168,0.9744,1.1415,3.8101,4.0153,2.1022,1.789,96.893,96.893,41.7664,108.2762,85.5817,144.9882,0.1137,0.5774,0.098,3.9647,0.1891,3.6365,0.1891,15,11.4456,13.7857,4.1699,0.2698,3.9668,4.5859,0.4681,1,Act1
0.6702,39.6552,10.3448,5.1724,2.0165,7.7609,6.0245,1.4517,0.1714,1.322,0.6097,1.5276,0.0387,0.0851,0.0275,-0.0181,-0.2776,-0.0353,0.9324,1.1503,0.816,1.0054,1.1501,1.0458,3.8424,3.9624,2.0661,1.6659,176.3369,137.1883,42.5277,119.8644,54.0323,160.8995,0.1785,0.5481,0.0996,3.9427,-0.216,4.5184,-0.216,9,12.7989,9.1584,4.3219,0.2146,3.3088,3.7434,0.4949,1,Act1
0.6981,47.8261,8.6957,0.0,1.7308,7.5,6.0759,1.5474,0.1844,1.3642,0.5037,1.6182,-0.0771,0.0135,0.0213,-0.032,-0.0653,0.0167,1.0873,1.0674,1.0362,1.0014,1.1199,0.8917,3.8449,3.9345,2.1306,1.8705,152.1941,152.1941,19.5267,33.5711,36.0215,181.5538,0.1164,0.6364,0.1086,3.4487,0.0,3.8844,0.0,17,6.9419,11.4407,4.585,0.1464,5.0104,3.37,0.5398,1,Act1
0.6945,45.2381,14.2857,2.381,1.1429,8.0952,6.1746,1.3805,0.2166,1.3194,0.3807,1.5651,0.0341,0.1588,-0.0142,-0.2234,-0.0008,-0.0867,0.9643,1.0678,0.9137,0.9662,0.9026,0.8778,3.8153,3.9276,2.1308,1.5354,114.2173,114.2173,40.3448,105.1767,35.899,193.608,0.2478,0.5123,0.1179,3.901,0.0759,1.6866,-0.4738,10,6.6067,7.5004,4.3219,0.2326,2.9944,4.7097,0.7026,1,Act1
0.6639,39.2157,7.8431,0.0,2.273,8.0685,5.4982,1.2766,0.1848,1.2249,0.711,1.4495,0.1572,-0.1544,0.0065,-0.2164,-0.1664,0.1934,1.0818,0.8025,0.8246,0.7747,0.9972,0.7451,3.8198,3.9552,2.0603,1.6802,152.9139,107.7218,25.4544,106.8579,18.0108,102.9559,0.1818,0.5357,0.1487,3.8192,0.6451,3.0691,0.6451,11,10.2052,8.4013,3.8074,0.1554,4.2849,3.9111,0.8336,1,Act1
0.6917,43.662,7.0423,9.8592,2.1947,8.1902,6.7219,1.599,0.1419,1.2788,0.5567,1.5495,0.0613,-0.1386,0.0319,-0.0226,-0.1117,-0.0492,1.0997,0.8044,0.9101,0.9624,0.8153,0.9263,3.8842,3.9794,2.1558,1.8057,196.2009,190.3934,65.2463,225.4177,77.0991,218.074,0.2543,0.5049,0.0924,4.3709,-1.3175,-0.7406,-1.3175,15,12.8212,12.0433,5.0444,0.262,4.4979,4.2651,0.1213,1,Act-1
0.7059,44.6809,8.5106,6.383,2.1855,8.4688,6.2294,1.5175,0.1582,1.2755,0.6595,1.6047,0.0699,0.1175,-0.119,-0.0066,0.0179,-0.1497,1.2857,0.9891,0.8723,0.7197,0.8801,0.8245,3.9379,4.0937,2.0804,1.8238,140.9434,134.8974,23.7568,147.7868,34.6738,170.4391,0.2899,0.4945,0.1529,4.3797,-0.3738,-0.695,-0.3738,13,12.296,10.7859,4.7004,0.2458,3.3417,4.2308,0.4646,1,Act1
0.6909,46.8085,6.383,6.383,1.9286,7.6548,6.2484,1.5677,0.1733,1.3414,0.5424,1.5863,0.0392,-0.0185,0.0868,0.007,-0.1753,0.0181,1.0791,1.0087,0.8799,0.956,1.1166,1.111,3.8473,3.95,2.1263,1.7929,165.3989,165.3989,30.7755,66.5707,18.0108,177.2039,0.1692,0.5714,0.106,3.686,0.0,4.3761,0.0,12,12.0973,10.283,4.585,0.1754,4.5675,3.558,0.5011,1,Act1
0.7191,51.8519,3.7037,11.1111,2.0185,8.1065,6.3646,1.5245,0.1524,1.3116,0.6419,1.6431,-0.0114,-0.0668,0.082,-0.058,0.0656,-0.0172,1.098,0.9436,1.0471,1.1393,0.9776,0.9921,3.8984,4.0154,2.0833,1.8577,198.6209,198.6209,37.5247,153.2275,42.6833,200.8665,0.2227,0.549,0.0953,4.0207,-0.2931,3.0924,-1.046,21,13.3658,12.3738,4.9069,0.2472,5.4013,4.0302,0.2344,1,Act1
0.6726,44.4444,6.3492,1.5873,2.4683,7.5859,6.1331,1.4115,0.1283,1.3486,0.5587,1.5717,-0.0453,0.0936,0.1027,-0.0323,-0.0704,0.0538,1.0072,0.9761,1.0374,1.099,1.0665,0.9904,3.9421,4.0455,2.1302,1.8485,145.1475,145.1475,43.6884,72.9898,18.0108,139.1107,0.102,0.6257,0.1097,3.9457,0.0172,4.1917,0.0172,20,15.3399,15.3407,4.3219,0.1574,4.3582,3.5749,0.6459,1,Act1
0.6754,39.4737,10.5263,2.6316,1.551,7.6085,5.3453,1.3311,0.2168,1.3322,0.5871,1.516,-0.0221,-0.0429,0.0085,0.0456,-0.3348,-0.0751,0.8425,0.9429,0.8629,1.1045,1.0708,0.9971,3.6978,3.9132,2.0443,1.5448,121.9924,82.8437,26.8439,83.7196,18.0108,132.9575,0.159,0.5716,0.1374,3.6416,0.0,3.1109,0.0,6,7.1406,3.4973,3.7004,0.165,2.3882,3.4871,0.947,1,Act1
0.7335,50.0,4.1667,8.3333,2.5996,8.112,6.3071,1.5867,0.1526,1.28,0.6505,1.5829,0.0107,0.0493,0.1009,-0.1189,-0.0033,-0.0499,0.8325,0.6471,0.9247,1.0641,1.0955,1.0475,3.8941,3.9581,2.021,1.8691,204.3081,204.3081,44.639,134.2262,60.6941,157.5453,0.2296,0.5739,0.1039,3.9258,-1.4103,2.3286,-0.9449,17,14.1445,15.9207,4.7004,0.1866,5.1398,3.9698,0.3579,1,Act1
0.7442,39.6226,9.434,7.5472,2.5969,8.0768,5.9004,1.4007,0.1696,1.2054,0.7659,1.5128,0.0464,-0.061,-0.0915,-0.1597,-0.1617,0.0862,0.738,0.6736,0.8196,1.0701,1.1379,0.971,3.866,3.9128,2.0539,1.7646,262.6634,172.5152,33.1008,198.3695,52.4265,132.9002,0.2377,0.582,0.1302,3.8795,-0.4711,3.2692,-0.4923,12,10.3206,12.3367,4.5236,0.2783,3.833,3.8414,0.3349,1,Act1
0.6665,40.0,4.4444,4.4444,1.6538,8.391,5.584,1.2952,0.2241,1.1977,0.6953,1.4632,0.1818,0.107,-0.1494,0.0119,-0.1366,-0.0924,1.1139,1.6566,0.7894,0.6876,0.9348,0.7073,3.8674,3.9593,2.0911,1.6991,121.9052,115.6811,14.89,91.1227,0.0,92.2186,0.2207,0.5036,0.169,3.8458,0.0,0.7915,0.0,11,7.2227,7.4509,3.8074,0.1212,3.5845,4.1761,0.8099,1,Act1
0.676,42.623,6.5574,1.6393,1.9727,7.6076,6.0821,1.4091,0.1782,1.2805,0.5495,1.4906,0.093,-0.0154,-0.0141,0.1064,-0.1446,-0.143,0.9286,0.9301,0.9123,1.1214,0.9342,1.1662,3.8587,3.9625,2.0668,1.7353,181.1806,142.0319,39.7463,97.8646,18.0108,145.4413,0.1177,0.6148,0.1009,3.6526,-0.0543,8.2372,-0.0543,18,11.8352,13.0915,4.3219,0.1294,4.9584,4.0347,0.5889,1,Act1
0.7353,44.1176,11.7647,2.9412,1.124,7.904,6.1276,1.4623,0.2813,1.2711,0.4982,1.5394,0.099,-0.1054,0.1484,0.1802,-0.3994,-0.2549,0.7827,1.0732,0.5209,0.9254,1.1306,1.1161,3.7658,3.8634,2.0666,1.491,172.7813,94.484,22.1202,137.0133,0.0,107.8441,0.2268,0.5676,0.1543,3.8968,-0.1967,2.6231,-0.1967,6,6.4869,3.5541,4.1699,0.1507,2.9798,4.0968,0.7218,1,Act1
0.714,47.619,14.2857,4.7619,0.9796,7.6905,5.6145,1.4774,0.3114,1.3586,0.4142,1.653,-0.0717,-0.1044,0.0564,0.2644,-0.2372,-0.3153,1.0926,1.1304,1.0476,1.2277,1.0587,0.8108,3.6632,3.8251,1.9926,1.3519,70.3281,70.3281,12.065,43.0784,16.7855,130.192,0.2129,0.5552,0.1912,3.6149,0.0,1.4715,0.0,3,4.8603,3.0,4.0,0.2954,1.3231,4.2158,0.6781,1,Act-1
0.6889,44.2308,13.4615,1.9231,1.9084,7.5269,6.4436,1.5868,0.1417,1.3741,0.4784,1.6056,-0.0433,0.1123,0.057,-0.02,-0.1909,0.0563,1.0094,0.9465,0.9216,1.1575,1.2071,0.9799,3.8842,4.0811,2.1165,1.7127,136.1357,136.1357,33.6123,61.234,34.6738,218.4435,0.1577,0.5792,0.0887,4.3604,0.0,4.7535,0.0,9,10.0953,7.4182,4.7549,0.2026,3.1749,4.1825,0.4515,1,Act1
0.618,34.1463,4.878,4.878,2.7848,7.7273,5.5056,1.1228,0.1983,1.229,0.837,1.3992,0.0898,-0.0925,-0.0002,-0.1074,-0.2416,0.0704,0.9908,1.0926,0.9887,1.1373,1.0857,1.0178,3.8082,3.9605,2.0423,1.7463,241.7992,210.5215,68.9898,139.365,36.0215,126.5552,0.1013,0.5732,0.0687,3.421,-0.6767,1.9233,-0.2166,23,17.4284,19.114,4.0,0.2059,3.9588,5.2827,0.1544,1,Act1
0.6567,36.1111,9.7222,8.3333,3.5645,8.0806,6.1555,1.5046,0.1313,1.2564,0.6844,1.4938,0.0023,0.0645,0.0843,-0.0887,-0.1717,-0.0248,0.9182,1.0375,1.0128,1.1216,0.9894,0.8749,3.8354,3.985,2.1183,1.6617,147.7803,147.7803,54.5265,202.7875,126.9482,180.5765,0.2031,0.5156,0.0825,3.7498,-0.3175,2.1321,-0.3175,12,16.257,15.5171,4.6439,0.3142,3.1412,4.3054,0.0947,1,Act-1
0.6338,37.1429,8.5714,2.8571,2.5173,7.5049,5.6699,1.3006,0.1313,1.2992,0.6813,1.4332,-0.0852,-0.0947,0.0891,0.0225,-0.1987,0.0229,1.0253,0.8949,1.1414,1.1667,1.0741,1.1838,3.8452,3.9677,2.0609,1.7416,99.9325,99.9325,52.98,69.7159,54.0323,134.0714,0.1058,0.5793,0.0976,3.677,0.2169,4.9787,0.2169,14,15.1777,13.699,3.8074,0.1967,3.4893,3.6868,0.5139,1,Act-1
0.6436,35.0,6.6667,1.6667,2.3214,7.5734,5.081,1.1527,0.1775,1.2815,0.7093,1.3993,0.0317,0.0214,0.0795,0.1484,-0.3311,-0.0668,0.8404,0.625,0.8544,1.0941,1.0098,1.0285,3.8013,3.9473,2.0792,1.6419,160.7537,82.4565,37.235,103.4422,18.0108,62.9963,0.109,0.594,0.1219,3.0701,0.0288,2.3348,0.0288,11,8.8404,8.7443,3.0,0.0908,4.1552,3.28,0.7914,0,Act1
0.6848,44.2308,3.8462,5.7692,1.6076,7.7682,6.0967,1.42,0.1996,1.3124,0.5911,1.5396,0.0475,-0.0011,0.0132,-0.0958,0.0279,-0.048,0.9598,1.1542,0.9748,1.2167,1.0126,1.0742,3.8404,3.9652,2.0774,1.731,162.8096,123.661,36.968,134.6398,42.6833,130.3076,0.1527,0.5819,0.1124,3.8882,-1.0715,4.7888,-1.0715,17,10.8385,11.1023,4.2479,0.1566,5.7176,3.8159,0.5628,1,Act1
0.6492,38.4615,12.8205,5.1282,1.6192,8.45,5.7559,1.3536,0.2267,1.247,0.5636,1.4912,0.1704,-0.1688,0.0832,-0.2723,-0.2539,0.2407,0.9848,1.1839,0.8243,0.7117,0.8815,0.8028,3.62,3.8807,2.0485,1.4776,82.5533,82.5533,30.2077,131.3817,18.0108,127.0024,0.2919,0.4522,0.1577,3.6929,-0.6109,1.4793,-0.4626,4,8.3023,3.7798,3.8074,0.2425,2.3873,3.9729,0.8095,1,Act1
0.651,40.2778,8.3333,4.1667,2.8685,8.0874,6.0266,1.4038,0.1196,1.2786,0.7244,1.4886,0.0737,0.1374,0.196,0.1726,-0.1727,-0.1024,0.8849,1.3579,0.9817,0.8316,1.0317,1.2087,3.8498,3.9851,2.0739,1.6889,152.8253,152.8253,52.2408,139.7411,36.0215,162.4396,0.1969,0.5105,0.0994,3.7456,-0.5148,1.2457,-0.4394,15,16.1321,14.9858,4.3923,0.1753,4.3823,4.1045,0.3966,1,Act1
0.6611,40.3226,3.2258,3.2258,2.1711,7.4667,5.5388,1.2575,0.1546,1.3273,0.587,1.4788,-0.0393,0.1598,0.0224,-0.0507,-0.1498,0.0025,1.1011,0.8745,0.9886,1.0417,1.0678,1.026,3.8803,3.9663,2.0719,1.7529,158.3489,126.1293,71.6558,36.1448,0.0,141.835,0.0926,0.6271,0.1345,3.4565,0.2756,4.7802,0.2756,16,13.3103,14.5907,3.8074,0.1368,4.2516,3.4964,0.7363,1,Act1
0.6564,40.678,8.4746,8.4746,2.3346,8.2613,6.2759,1.5219,0.156,1.2494,0.6264,1.5068,0.2464,-0.0568,0.0625,0.0584,-0.1401,-0.0771,1.2467,1.0606,0.8317,0.7212,1.1073,0.6714,3.8187,3.989,2.1167,1.7254,162.1997,162.1997,40.0713,165.9267,36.0215,173.6496,0.2654,0.4711,0.1127,4.0469,-0.7443,1.2969,-0.7443,11,13.7038,14.0986,4.585,0.2331,4.8392,4.1224,0.2666,1,Act1
0.7045,43.75,8.3333,8.3333,1.8667,8.0028,6.2823,1.5375,0.1818,1.2946,0.5772,1.6098,0.0271,-0.1011,0.1148,0.0495,-0.2345,-0.0337,1.2266,0.977,0.9264,1.0731,1.1654,1.0587,3.9798,4.0481,2.1057,1.6896,153.5667,147.7593,26.9344,114.0288,16.405,162.0079,0.2099,0.5501,0.142,4.5513,-0.4679,2.2061,-0.4679,11,11.2604,11.3502,4.7004,0.2628,2.7097,3.8857,0.4195,1,Act1
0.6987,48.8372,6.9767,0.0,1.9264,7.6867,6.0699,1.5562,0.167,1.3445,0.565,1.6007,-0.0751,-0.0896,-0.0755,-0.1365,-0.0138,-0.0708,1.132,1.0601,0.9693,0.9491,0.9947,0.8527,3.853,3.9717,2.0763,1.7275,143.2203,143.2203,30.363,31.7456,34.7963,172.58,0.1415,0.6049,0.1138,3.7737,0.0,4.0053,0.0,15,9.4494,11.4726,4.5236,0.1228,3.9641,4.1794,0.4907,1,Act1
0.6829,44.7368,7.8947,7.8947,1.4631,7.942,5.9286,1.4816,0.2523,1.3012,0.5777,1.5821,0.0936,-0.0402,-0.0896,-0.1513,-0.2401,-0.0402,1.0716,1.2004,0.7052,0.866,1.1614,0.9249,3.7679,3.8826,2.0302,1.4411,114.5976,114.5976,20.7947,112.3992,42.6833,129.8785,0.1927,0.5459,0.1432,3.7651,-0.9902,3.924,-0.9902,8,7.6486,7.09,4.2479,0.2497,2.1414,3.8179,0.7471,1,Act-1
0.6417,39.3939,6.0606,3.0303,2.4063,7.5469,5.9655,1.3993,0.1672,1.292,0.6153,1.4716,0.0714,0.0339,-0.0229,0.1308,-0.085,-0.0472,1.0401,0.9451,1.0248,1.0923,1.0913,0.8445,3.8621,4.0079,2.0884,1.8103,130.346,130.346,26.6536,87.2543,77.4796,136.598,0.0992,0.5979,0.0948,3.7734,1.4326,2.8679,1.4326,18,14.1928,11.9814,4.1699,0.1911,4.6318,4.8757,0.52,1,Act1
0.6812,43.6364,5.4545,1.8182,2.2117,7.5153,5.9047,1.4259,0.1718,1.307,0.6321,1.515,0.0687,-0.1304,-0.1663,-0.0157,-0.0178,0.0669,0.9527,1.1149,0.9095,1.1873,1.0849,0.8828,3.8607,3.9591,2.0218,1.7117,190.4702,151.3216,28.0257,66.8115,18.0108,139.122,0.1159,0.6207,0.11,3.648,0.0,7.4851,0.0,17,10.3994,12.8079,4.2479,0.0958,4.9275,4.3519,0.6032,1,Act1
0.6343,37.5,7.8125,3.125,2.231,7.5054,5.6179,1.2317,0.1485,1.3369,0.5705,1.4764,0.0071,0.0685,0.0773,0.0073,-0.1905,0.0103,0.9556,1.0187,1.154,1.2474,1.0714,1.065,3.7634,3.9462,2.1377,1.7258,90.6183,90.6183,41.6249,68.2233,36.0215,121.6143,0.1031,0.5812,0.1014,3.4627,0.0006,3.5635,0.0006,13,12.2048,15.5497,3.7004,0.1966,3.2656,5.0076,0.7741,1,Act-1
0.668,40.4255,6.383,4.2553,1.7696,7.6444,5.5542,1.2841,0.1848,1.3324,0.5538,1.4963,-0.0065,-0.001,0.0872,0.0755,-0.1784,-0.0785,0.9411,1.0191,1.001,1.1841,0.9931,1.0668,3.7822,3.9467,2.0367,1.5993,121.5185,82.3698,35.4174,92.079,18.0108,105.244,0.1406,0.5775,0.1323,3.5317,0.1763,3.7798,0.1763,11,9.121,8.7139,3.7004,0.156,3.2057,4.108,0.9235,1,Act1
0.6671,43.75,6.25,2.0833,1.7692,7.6667,5.751,1.391,0.1896,1.3253,0.5547,1.5307,-0.0164,0.0987,0.1439,-0.0666,-0.1317,0.005,0.9379,1.0699,0.9474,1.0161,1.0311,1.0838,3.8687,3.9658,2.0555,1.6796,130.8412,130.8412,37.1586,42.7455,16.7855,167.6055,0.1364,0.5789,0.1175,3.624,0.0,4.764,0.0,12,6.9667,9.3938,4.1699,0.1171,3.6875,4.6985,0.7946,1,Act1
0.653,41.2698,6.3492,1.5873,2.3642,7.4462,5.9526,1.4212,0.1619,1.3027,0.663,1.5007,0.1092,-0.0823,-0.1088,0.0825,-0.1186,-0.037,1.1342,0.9918,0.871,1.0866,1.0865,0.8441,3.8622,3.984,2.0325,1.7118,167.3705,167.3705,27.2818,27.6629,18.0108,138.3782,0.0919,0.6205,0.1036,3.6811,0.0,8.0957,0.0,16,9.8374,11.7643,4.2479,0.1016,4.3698,4.4991,0.6142,1,Act1
0.6372,38.0952,7.9365,1.5873,1.7133,7.5222,5.8093,1.2747,0.2,1.32,0.5752,1.4848,0.0464,0.087,0.1405,-0.1479,-0.2067,-0.1218,1.0191,1.0761,1.0701,1.2077,1.1232,1.016,3.7846,3.955,2.1433,1.7264,105.1861,105.1861,32.1869,75.5015,18.0108,120.3119,0.0915,0.6031,0.1067,3.4693,0.0572,4.2096,0.0572,14,10.368,9.3462,3.8074,0.1742,3.1151,4.9207,0.7799,1,Act1
0.6416,39.3443,6.5574,1.6393,2.107,7.3448,5.7426,1.2634,0.1603,1.365,0.5264,1.4919,-0.0348,0.1012,0.0931,-0.0846,-0.1688,-0.018,1.0014,0.9841,1.0705,1.215,1.0462,1.0206,3.8244,3.958,2.1429,1.7323,102.3497,102.3497,36.667,44.5709,18.0108,139.114,0.0821,0.6147,0.1021,3.4445,0.0,4.36,0.0,14,10.951,11.5288,3.7004,0.1281,2.9312,4.9983,0.8768,1,Act1
0.6506,40.0,7.6923,4.6154,2.5692,7.7451,5.8482,1.414,0.1567,1.287,0.6851,1.5149,0.0572,0.0485,-0.0003,0.1969,0.0297,-0.0197,0.9919,0.8665,1.0754,1.1183,1.0275,0.8168,3.8616,3.9982,2.0887,1.8096,142.5381,142.5381,31.6339,110.3658,18.0108,168.9355,0.1337,0.5694,0.1021,3.7994,1.3613,2.899,1.3613,19,15.4363,12.8584,4.3923,0.2376,5.0034,4.6225,0.3437,1,Act1
0.6305,37.5,6.25,3.125,2.4622,7.5889,5.4715,1.3119,0.1946,1.264,0.7086,1.4349,0.0603,0.055,-0.0004,0.1496,-0.0295,-0.0962,0.983,0.9283,1.114,1.1578,1.1129,0.8655,3.843,3.9563,2.0842,1.5689,124.6603,124.6603,32.502,67.9783,36.0215,118.6365,0.0969,0.5912,0.1098,3.3953,1.4209,2.2531,0.0181,18,11.8882,12.2051,3.8074,0.1949,3.7578,4.3544,0.6078,1,Act1
0.6511,39.2857,8.9286,7.1429,1.6837,7.9167,5.7571,1.374,0.1968,1.2463,0.5644,1.4738,0.1739,-0.1955,0.1716,0.044,-0.1538,-0.1082,0.7952,1.1301,0.983,1.1081,1.0455,0.9708,3.8299,3.9765,2.0323,1.7141,107.5556,107.5556,34.5564,155.875,59.4689,153.208,0.1694,0.5355,0.1129,3.867,-1.0876,4.4442,-0.9273,13,10.8342,10.3462,4.2479,0.2956,2.684,4.7194,0.5057,1,Act1
0.6258,37.6812,4.3478,1.4493,2.1911,7.4722,5.7183,1.3156,0.211,1.2568,0.6608,1.4193,0.1054,-0.0687,-0.0169,0.0026,-0.0478,-0.0112,1.1198,1.2141,1.0941,1.1663,1.1365,0.8219,3.8795,4.0042,2.0868,1.7248,120.792,120.792,29.9358,41.9305,34.7963,86.9979,0.0629,0.6328,0.1157,3.3872,1.652,2.3049,0.216,21,9.6272,12.2012,3.7004,0.141,5.3513,4.7117,0.6445,1,Act1
0.6749,38.2353,7.3529,2.9412,2.1224,7.6262,5.9629,1.3152,0.1593,1.3262,0.5855,1.5404,0.0992,0.0061,0.1129,-0.1396,-0.1623,-0.0794,0.8999,0.9854,0.9396,1.1103,1.0948,1.0335,3.9353,3.9968,2.1438,1.7838,155.3429,118.2578,58.7599,94.6695,16.405,178.1912,0.1214,0.6068,0.1201,4.0406,0.0,4.4112,0.0,16,11.8198,11.9935,4.3219,0.2437,3.899,5.1401,0.4373,1,Act1
0.6747,41.6667,13.8889,2.7778,1.4694,7.5873,5.587,1.405,0.206,1.3405,0.4903,1.5543,0.0719,0.0442,0.085,-0.1767,-0.1222,0.0339,1.1077,1.0123,1.0015,1.1177,1.0143,0.8552,3.8121,3.9755,2.0049,1.3201,79.2216,79.2216,23.8728,62.9018,34.7963,168.0944,0.1628,0.563,0.138,3.8525,0.0,5.5827,0.0,8,7.4051,6.1452,4.0875,0.283,1.9807,4.9115,0.7508,1,Act1
0.6784,45.7627,5.0847,6.7797,2.6793,8.2725,6.1397,1.3481,0.1516,1.3009,0.4959,1.559,0.0445,0.0316,0.041,-0.1312,-0.1002,-0.0336,1.0996,0.9561,0.942,0.7955,0.9432,0.9198,3.8148,3.9458,2.0717,1.7697,167.2404,167.2404,45.7659,131.315,18.0108,174.4432,0.2361,0.5041,0.1088,3.8584,-1.1828,0.9103,-0.4441,16,11.385,12.4059,4.4594,0.1549,3.6539,4.0151,0.5786,1,Act1
0.665,40.0,7.1429,1.4286,2.2612,7.4905,5.9074,1.3123,0.1533,1.3384,0.5911,1.5209,0.0202,0.0743,0.1166,-0.0936,-0.1347,-0.128,0.8362,0.9925,1.0141,1.1461,1.114,0.9867,3.9057,3.9559,2.1433,1.7266,158.1331,126.8554,67.3575,75.5015,18.0108,179.5496,0.099,0.6235,0.0927,3.5085,0.1243,5.3209,0.1243,17,12.0534,13.758,4.2479,0.2027,4.3134,5.1099,0.4798,1,Act1
0.6493,38.5965,10.5263,5.2632,1.7253,7.6559,5.8027,1.3559,0.1663,1.3432,0.5218,1.524,0.0405,0.1455,0.1881,-0.0406,-0.2107,-0.0746,1.0451,1.0285,1.0611,1.1438,1.1324,0.9798,3.8136,3.9646,2.0494,1.7526,100.2858,100.2858,42.8791,99.0466,34.7963,167.9385,0.1541,0.5455,0.108,3.8647,-0.096,4.3601,-0.096,11,9.6363,9.9648,4.1699,0.2584,2.9773,4.614,0.5888,1,Act1
0.6492,38.1818,10.9091,7.2727,1.8252,7.871,5.7331,1.345,0.1833,1.2861,0.5826,1.5132,0.1472,-0.0812,0.1287,-0.0381,-0.2511,-0.0555,1.1578,0.8712,1.002,1.1213,1.0527,1.1063,3.8233,3.9509,2.0371,1.6174,112.5027,112.5027,39.5035,124.1915,34.7963,152.7792,0.1823,0.5239,0.1112,3.7854,-0.7231,3.6927,-0.4022,10,10.1326,11.7353,4.2479,0.2974,2.6457,4.6657,0.4864,1,Act1
0.6294,37.2881,6.7797,1.6949,1.797,7.4568,5.4588,1.3146,0.2139,1.2698,0.6682,1.4318,0.1015,0.0952,0.0354,-0.0005,-0.0635,-0.1018,0.9434,1.0804,1.0812,1.1588,1.0774,0.8896,3.7887,3.9482,2.0849,1.5874,114.2355,114.2355,23.5859,59.6189,18.0108,125.0881,0.0829,0.6082,0.1143,3.3955,1.4501,2.2126,1.4501,16,10.671,10.587,3.7004,0.1732,4.1146,4.3066,0.783,1,Act1
0.6529,35.4167,8.3333,8.3333,1.8402,7.9615,5.3628,1.1878,0.2134,1.2523,0.6171,1.4591,0.2071,-0.3548,-0.0166,0.2436,-0.4535,-0.238,1.0059,0.8934,0.7727,1.0179,1.2605,0.9528,3.6409,3.9139,2.023,1.4489,109.4754,77.4944,73.5235,103.2202,0.0,89.3873,0.1789,0.5303,0.1494,3.204,-0.6507,2.9729,-0.3498,6,11.2418,6.9158,3.3219,0.2985,0.9801,3.7809,0.6123,0,Act1
0.6858,43.5897,12.8205,5.1282,1.7847,7.7778,5.8854,1.4087,0.2041,1.3473,0.4982,1.596,0.0522,0.0124,-0.1786,0.0068,-0.1664,0.2602,1.1788,1.1206,0.8206,1.0096,0.9048,1.0153,3.7922,3.9141,2.0441,1.6149,104.7312,104.7312,28.3721,86.3789,16.663,163.8695,0.1913,0.5492,0.1415,3.6416,0.047,4.4998,0.047,8,10.4792,8.2253,4.2479,0.2614,1.8049,4.2648,0.7302,1,Act1
0.6875,46.0317,7.9365,3.1746,1.9306,7.6528,6.2307,1.3772,0.1472,1.3553,0.5112,1.5964,-0.0109,-0.0262,0.074,-0.1102,-0.1122,0.1123,1.1751,1.061,0.9864,1.1985,1.0924,1.0333,3.8871,4.049,2.0253,1.827,174.4983,174.4983,42.6885,67.0754,16.7855,205.7467,0.1377,0.5974,0.0944,3.9548,1.7195,2.7771,-0.047,18,10.9371,14.8161,4.7004,0.159,3.5058,4.2698,0.4599,1,Act1
0.6619,41.8182,9.0909,0.0,2.3342,7.4286,5.8236,1.4013,0.168,1.3132,0.5364,1.5113,0.0052,0.0182,-0.0113,0.0901,-0.2309,-0.1625,1.0267,1.0386,0.8704,1.0416,0.9624,0.8481,3.8392,3.9569,2.0504,1.7825,145.9948,145.9948,25.3921,16.7855,36.0215,165.0169,0.0964,0.625,0.1035,3.6841,0.0,6.8844,0.0,12,10.3723,11.6553,4.2479,0.1163,3.9927,3.4794,0.7265,1,Act1
0.6991,43.1818,9.0909,0.0,2.0417,7.4236,5.5693,1.3795,0.1851,1.3396,0.4852,1.5486,-0.0466,-0.0458,0.0102,-0.0978,-0.1114,-0.0446,0.792,0.9755,0.947,1.0991,0.9058,0.9595,3.8554,3.9117,2.0406,1.6171,144.5924,113.3147,52.0859,16.7855,36.0215,180.4073,0.1152,0.6393,0.1187,3.4906,0.0,5.7691,0.0,10,8.2617,10.7799,4.1699,0.2034,3.8254,3.3226,0.7544,1,Act1
0.6667,42.0,10.0,2.0,2.2716,7.5185,5.8034,1.4035,0.1713,1.3338,0.5208,1.5348,-0.0296,-0.0063,-0.0739,0.0406,-0.234,-0.0929,1.0639,1.0895,0.9104,1.0872,0.8661,0.8523,3.7945,3.9284,2.0443,1.7756,132.2379,132.2379,27.45,44.5709,36.0215,173.9552,0.1273,0.5923,0.1069,3.6391,0.0,6.0395,0.0,10,12.0716,11.7353,4.2479,0.1724,3.3774,3.5899,0.7456,1,Act-1
0.6643,42.3077,7.6923,3.8462,2.2679,7.6131,5.8401,1.4022,0.1712,1.3136,0.5257,1.516,-0.0199,-0.0802,-0.0309,0.0368,-0.1464,-0.1172,1.0366,1.0483,0.9475,1.1056,0.994,0.842,3.8298,3.9376,2.0457,1.7817,133.0955,133.0955,27.8788,70.4688,78.7048,158.0273,0.1321,0.5836,0.104,3.8892,0.0,5.8295,0.0,11,11.5698,11.5866,4.2479,0.185,3.3979,3.4118,0.6606,1,Act-1
0.6991,43.1818,9.0909,0.0,2.0417,7.4236,5.5693,1.3795,0.1851,1.3396,0.4852,1.5478,-0.1073,0.0436,0.0468,-0.1206,-0.1114,-0.037,0.8844,1.1498,0.9931,1.1144,0.9087,0.9308,3.8552,3.9142,2.0408,1.6347,144.5924,113.3147,53.9131,16.7855,36.0215,180.4073,0.1152,0.6393,0.1187,3.4906,0.0,5.7433,0.0,10,7.9128,11.6917,4.1699,0.2034,3.7282,3.3313,0.7544,1,Act1
0.6685,43.1373,7.8431,1.9608,2.203,7.4815,5.7966,1.4127,0.1784,1.3342,0.4974,1.5346,-0.0404,-0.0265,-0.0649,-0.0104,-0.1699,-0.0796,1.0712,0.9672,0.9356,1.0887,0.9759,0.8267,3.8312,3.9383,2.0459,1.7818,142.5718,142.5718,27.8788,27.7854,36.0215,167.5036,0.1142,0.6082,0.1083,3.804,0.0,6.3919,0.0,12,10.1707,12.8769,4.2479,0.1371,3.8425,3.3461,0.7405,1,Act1
0.6698,42.8571,10.2041,0.0,2.3045,7.6667,5.7548,1.3986,0.1669,1.3281,0.5252,1.5346,-0.07,0.0762,0.0296,0.0315,-0.1636,-0.0543,1.0516,0.933,0.9669,1.0375,0.8685,0.7949,3.8176,3.9395,2.0418,1.7925,127.7669,127.7669,34.2909,48.5312,36.0215,178.2616,0.14,0.5808,0.1068,3.6141,0.0,5.1777,0.0,10,10.7226,10.8201,4.2479,0.146,3.1526,3.5632,0.7558,1,Act1
0.6755,44.6809,8.5106,0.0,2.225,7.858,5.8203,1.4046,0.175,1.3178,0.5107,1.5212,-0.0399,-0.0104,0.0166,-0.0613,-0.1026,-0.0677,0.9808,1.1783,1.0164,1.0314,0.8099,0.7555,3.8301,3.945,2.0455,1.7812,135.2111,135.2111,40.8774,46.7058,36.0215,171.026,0.1672,0.5575,0.1104,3.8703,0.0,3.0149,0.0,11,8.3483,11.5866,4.2479,0.1097,4.3374,3.4023,0.726,1,Act1
0.6601,41.8182,7.2727,3.6364,2.2331,7.523,5.8786,1.4081,0.1757,1.326,0.5182,1.519,-0.004,0.0001,-0.0603,-0.1286,-0.2043,0.0257,1.072,1.0401,0.8677,1.0334,1.0244,0.9039,3.8315,3.9406,2.0466,1.7819,149.222,149.222,33.1222,38.7853,36.0215,163.2708,0.1247,0.5875,0.1022,3.9084,0.0,7.0084,0.0,11,11.3746,13.3648,4.2479,0.1502,3.6542,3.4116,0.6889,1,Act-1
0.671,42.8571,10.2041,0.0,2.2722,7.4551,5.6998,1.3999,0.1714,1.3476,0.5095,1.5494,-0.0948,0.0306,-0.0482,0.0695,-0.1915,-0.076,1.0553,0.9875,0.9657,1.095,0.8735,0.8216,3.817,3.934,2.0412,1.7924,128.1222,128.1222,25.1699,33.5711,36.0215,178.6169,0.1086,0.6188,0.1105,3.456,0.0,5.7978,0.0,11,12.2912,12.652,4.2479,0.1536,2.9118,3.6306,0.7691,1,Act1
0.6685,43.1373,7.8431,1.9608,2.2716,7.4815,5.8034,1.4035,0.1713,1.3338,0.5208,1.5344,-0.0404,0.0295,-0.0011,0.0241,-0.1699,-0.1033,1.0539,1.0936,0.9356,1.0887,0.9884,0.8819,3.8312,3.938,2.0457,1.7818,142.5718,142.5718,27.8788,27.7854,36.0215,167.5036,0.1142,0.6082,0.1069,3.6391,0.0,6.4536,0.0,12,10.3723,11.6553,4.2479,0.1371,3.8425,3.4347,0.7405,1,Act1
0.6769,44.6809,8.5106,0.0,2.1923,7.6538,5.7689,1.4069,0.1781,1.3184,0.4971,1.5348,-0.0603,-0.0391,0.0191,-0.0658,-0.114,-0.0231,0.9697,1.0506,1.0158,1.0745,0.8728,0.8389,3.8305,3.9403,2.0454,1.7814,135.5663,135.5663,31.7564,31.7456,36.0215,171.3812,0.1346,0.5922,0.1107,3.6523,0.0,4.887,0.0,12,8.4207,12.8334,4.2479,0.1153,4.1862,3.3044,0.7447,1,Act-1
0.6685,43.1373,7.8431,1.9608,2.225,7.4815,5.7966,1.4058,0.1747,1.3329,0.5081,1.5336,-0.0404,-0.0145,0.009,-0.1453,-0.1699,0.0554,1.0188,1.0958,0.9356,1.0887,0.9887,0.9749,3.8312,3.938,2.0458,1.7818,142.5718,142.5718,27.8788,27.7854,36.0215,167.5036,0.1142,0.6082,0.107,3.6735,0.0,6.4211,0.0,12,10.624,12.8334,4.2479,0.1371,3.8425,3.3516,0.7405,1,Act1
0.6735,43.75,8.3333,2.0833,2.1538,7.5769,5.7712,1.4109,0.1802,1.3324,0.4911,1.5369,-0.0612,0.0473,0.0397,-0.0677,-0.1069,-0.0397,1.0641,1.0656,1.0271,1.1685,0.9549,0.9104,3.8294,3.9353,2.0452,1.7816,126.4453,126.4453,22.6354,59.4689,78.7048,162.2602,0.1215,0.6045,0.1114,3.778,0.0,5.4286,0.0,12,10.1707,12.8769,4.2479,0.1744,3.5849,3.3429,0.7035,1,Act1
0.669,44.0,8.0,0.0,2.3829,8.0259,5.8434,1.3991,0.1658,1.2884,0.551,1.5179,0.0384,-0.0232,0.0524,-0.1816,-0.0925,0.1569,1.0082,0.919,0.9584,0.7998,0.8755,0.7012,3.8443,3.9565,2.0483,1.7827,137.3904,137.3904,25.821,61.6659,36.0215,165.4457,0.1876,0.5331,0.1394,3.8348,0.0,4.0565,0.0,13,8.2363,12.5545,4.2479,0.1009,4.8683,3.6263,0.6456,1,Act1
0.6408,38.7755,8.1633,0.0,1.8261,7.4094,5.4654,1.3112,0.2246,1.257,0.5159,1.4287,0.0855,-0.1495,-0.1856,-0.0047,-0.1919,-0.0179,0.7937,1.1013,0.9471,1.1168,0.6401,0.8392,3.7783,3.9076,2.0431,1.7286,111.8303,111.8303,19.4498,16.7855,36.0215,121.1696,0.0789,0.6271,0.1305,3.4561,0.0,4.398,0.0,11,8.4782,10.4163,3.7004,0.1294,3.7821,3.2104,0.9043,1,Act1
0.7317,51.3514,13.5135,0.0,1.1354,7.5486,6.4491,1.6335,0.2058,1.3813,0.3944,1.6792,-0.0987,-0.0195,0.0003,-0.1099,-0.0579,-0.0436,0.9756,1.1619,0.8046,0.9291,1.1086,0.9944,3.9134,4.0761,2.1324,1.6396,130.3167,130.3167,19.6035,50.2341,16.663,198.5003,0.1635,0.6117,0.1154,4.4332,0.0,4.4825,0.0,11,7.762,7.3053,4.7549,0.1891,2.7195,4.2933,0.5425,1,Act1
0.7324,52.6316,10.5263,0.0,1.1354,7.5069,6.4491,1.6335,0.2058,1.3813,0.3944,1.6795,-0.093,-0.0155,-0.0802,-0.1865,-0.1441,0.0014,0.9745,1.1575,0.8253,0.9222,1.0646,0.9301,3.9343,4.0858,2.13,1.6373,139.793,139.793,19.6035,33.5711,16.7855,191.436,0.1447,0.6304,0.1154,4.4332,0.0,4.6627,0.0,12,7.9215,7.2259,4.7549,0.1481,3.2054,4.2931,0.5402,1,Act1
0.7024,47.619,9.5238,4.7619,1.2692,7.6987,6.3494,1.51,0.1978,1.3396,0.4198,1.6029,0.1552,-0.0013,-0.078,0.0902,-0.088,-0.035,1.1358,0.8796,0.7731,0.8937,1.1023,0.9873,3.8776,3.9992,2.1056,1.4995,118.5423,118.5423,36.2735,71.2612,18.0108,166.3054,0.1737,0.575,0.1212,4.0848,-0.0171,7.3912,-0.0171,12,8.1232,8.0127,4.5236,0.2103,2.5899,4.3375,0.5891,1,Act1
0.6947,46.6667,8.8889,4.4444,1.6132,7.7346,6.3068,1.5453,0.2025,1.3134,0.5147,1.5917,0.066,-0.0384,-0.0486,-0.175,-0.2105,-0.0847,0.9586,1.0428,0.7784,0.9079,1.0724,0.9967,3.8093,3.9243,2.1253,1.6449,148.9653,148.9653,27.1624,69.7159,18.0108,159.4099,0.1656,0.5794,0.1178,3.8115,-0.0952,5.3381,-0.0952,12,9.7703,8.9404,4.585,0.1912,3.1169,4.098,0.5841,1,Act1
0.7197,47.7273,9.0909,2.2727,1.9753,7.7387,6.1399,1.519,0.1735,1.3306,0.5717,1.6031,-0.0265,0.1623,0.1154,0.0184,-0.0673,-0.052,1.0088,0.8031,0.8886,1.0125,0.9908,0.9471,3.8135,3.9313,2.0595,1.7421,171.5481,132.3995,29.8761,97.8646,34.7963,173.4112,0.1708,0.5989,0.121,3.7783,-0.0448,4.5895,-0.0448,14,11.9152,12.5506,4.585,0.1875,3.077,4.2831,0.5758,1,Act1
0.6777,44.8276,6.8966,3.4483,1.9531,7.5885,6.2447,1.5325,0.1572,1.3365,0.529,1.5666,0.008,0.1829,0.2715,0.0316,-0.201,-0.2193,1.0278,1.0353,0.9061,0.9907,1.0287,1.0218,3.8393,3.9477,2.074,1.753,161.2475,161.2475,39.9939,52.9303,16.7855,185.4317,0.1293,0.5979,0.1042,3.9557,0.1641,4.444,0.1641,15,13.2891,9.4796,4.585,0.1441,3.4642,3.9197,0.5343,1,Act1
0.6862,44.186,11.6279,4.6512,1.6923,7.6603,6.2028,1.5374,0.1936,1.3497,0.528,1.6057,0.0565,-0.0745,0.0081,-0.0757,-0.1922,0.1545,1.0933,1.0365,0.844,1.1053,1.1324,1.0318,3.7824,3.9162,2.0952,1.6827,138.4713,138.4713,23.2292,72.2338,18.0108,168.1032,0.1796,0.5598,0.1112,3.9707,0.0,4.7534,0.0,8,8.3302,8.3751,4.5236,0.2118,2.882,3.9552,0.5617,1,Act1
0.6817,43.75,10.4167,6.25,1.9834,7.8276,6.2752,1.5385,0.1796,1.3204,0.5683,1.5898,0.097,-0.0691,0.0123,-0.0451,-0.0484,0.0833,1.137,0.9398,0.8739,1.0799,1.2168,1.0043,3.8474,3.9439,2.0966,1.6891,147.2191,147.2191,31.1194,113.4904,50.9079,155.3609,0.188,0.5488,0.1094,3.971,-0.4652,4.845,-0.4652,11,8.9605,9.1918,4.585,0.2665,2.8461,4.018,0.4908,1,Act1
0.6766,43.75,8.3333,6.25,1.7577,7.6548,6.248,1.5395,0.191,1.3408,0.5312,1.5841,0.0933,-0.1089,-0.0254,0.0198,-0.1626,0.071,1.1343,1.1068,0.8023,1.0405,1.2459,1.0498,3.8226,3.9264,2.096,1.6877,155.4554,155.4554,28.4726,66.4482,18.0108,157.4187,0.171,0.5574,0.1044,3.9721,0.0,5.3471,0.0,10,9.7125,9.2186,4.5236,0.1857,3.6147,3.9,0.5241,1,Act1
0.6845,42.8571,14.2857,4.7619,1.7692,7.6987,6.1936,1.5465,0.1925,1.3502,0.52,1.6067,0.0807,-0.1127,-0.1477,0.0413,-0.2668,-0.0143,1.2107,1.1739,0.8079,1.1058,1.0378,0.9112,3.7477,3.9068,2.0913,1.6426,128.1374,128.1374,22.3715,89.0194,18.0108,174.5548,0.1968,0.5452,0.1108,3.8193,0.0,4.1429,0.0,7,9.3551,9.0478,4.5236,0.2482,2.8706,4.1553,0.5254,1,Act1
0.6766,43.75,8.3333,6.25,1.898,7.6548,6.2495,1.5302,0.1834,1.3405,0.555,1.5839,0.0933,-0.0284,-0.0043,-0.014,-0.1626,0.1232,1.1339,0.9717,0.8023,1.0405,1.2299,1.0654,3.8225,3.9262,2.0959,1.6878,155.4554,155.4554,28.4726,66.4482,18.0108,157.4187,0.171,0.5574,0.1041,3.9709,0.0,5.5368,0.0,10,8.4707,8.7382,4.5236,0.1857,3.6147,3.9076,0.5241,1,Act1
0.653,41.0256,5.1282,7.6923,1.7143,7.7143,5.6992,1.3309,0.2523,1.3054,0.5183,1.4899,-0.0132,-0.16,-0.0188,0.0728,-0.115,-0.0646,0.9154,1.2259,0.8833,0.9492,1.2924,1.1348,3.6972,3.8322,2.0471,1.4552,88.7885,88.7885,30.9531,81.4686,60.6941,98.9928,0.1525,0.5506,0.1485,3.6492,0.0,4.9137,0.0,8,8.4481,5.0536,3.7004,0.2221,2.1549,3.6741,0.8723,1,Act1
0.6793,44.4444,8.8889,2.2222,1.8144,7.5267,5.9929,1.4107,0.2041,1.3298,0.5023,1.5492,0.0566,-0.0283,0.0215,0.0043,-0.2225,-0.1692,0.9459,1.1423,0.8023,0.9341,1.1959,1.0414,3.758,3.9126,2.0659,1.6685,130.561,130.561,29.7685,44.5709,18.0108,158.3392,0.1299,0.6007,0.1222,3.7139,0.0,7.1537,0.0,10,8.6236,9.5657,4.2479,0.1512,3.3442,3.774,0.7921,1,Act1
0.6708,44.0,6.0,4.0,1.9259,7.5309,6.0449,1.4084,0.1957,1.321,0.5195,1.5308,0.0856,-0.0245,0.0271,-0.0641,-0.1939,-0.098,0.966,1.1196,0.7703,0.8836,1.2571,1.0217,3.8193,3.9277,2.0676,1.6805,147.5451,147.5451,35.0119,38.7853,18.0108,147.6547,0.1267,0.5948,0.1141,3.7344,0.0,7.9456,0.0,12,9.2926,10.59,4.2479,0.129,4.074,3.7365,0.738,1,Act1
0.6867,45.8333,8.3333,4.1667,2.107,7.8908,6.3022,1.5377,0.1751,1.3155,0.5883,1.5851,-0.015,-0.0318,0.1326,-0.1421,-0.1684,0.0793,1.0232,0.9585,0.8675,0.9864,1.0143,0.9858,3.8452,3.9353,2.1066,1.6944,151.1446,151.1446,37.3093,84.676,18.0108,163.7163,0.1869,0.5521,0.1112,3.8514,-0.1535,3.1562,-0.1535,11,10.5428,8.3093,4.585,0.1755,3.1415,4.1033,0.5296,1,Act1
0.7164,50.0,10.5263,2.6316,1.648,7.9933,6.2809,1.5588,0.1998,1.3162,0.5177,1.6296,0.0009,-0.0172,0.1184,-0.1119,-0.064,0.0806,1.1141,0.989,0.9531,1.0125,1.017,0.9272,3.8441,3.9318,2.1062,1.6933,133.5634,133.5634,30.6112,106.5733,32.8972,163.7163,0.2098,0.5586,0.125,3.8494,-0.4749,2.9834,-0.4749,11,8.4057,8.3093,4.585,0.2205,3.0605,4.1421,0.6196,1,Act1
0.6856,45.098,9.8039,3.9216,2.36,7.9839,6.3076,1.5363,0.164,1.3016,0.6201,1.5776,0.0302,-0.0443,0.0835,-0.0625,-0.1479,0.0577,1.073,0.9481,0.9806,1.0691,1.0103,0.9317,3.8453,3.9362,2.1066,1.6946,151.3047,151.3047,39.5273,98.821,36.0215,163.7163,0.1917,0.5485,0.1046,3.8514,-0.3576,2.9989,-0.2199,12,12.7168,10.2569,4.6439,0.2117,2.6754,4.0945,0.4894,1,Act-1
0.6867,45.8333,8.3333,4.1667,2.107,7.9598,6.3022,1.5377,0.1751,1.3155,0.5883,1.5895,-0.0394,-0.0709,0.0918,-0.1063,-0.1157,0.0337,1.0471,0.9139,0.9942,1.0641,0.9478,0.9584,3.8454,3.9359,2.1066,1.6948,138.2037,138.2037,35.2514,116.3594,60.6941,163.7163,0.1869,0.5521,0.1111,3.8514,-0.1847,3.0796,-0.1847,12,12.06,11.237,4.585,0.2037,2.9382,4.1042,0.512,1,Act1
0.6819,44.8276,8.6207,3.4483,2.5234,7.7071,6.2969,1.5146,0.1335,1.3449,0.6119,1.5927,-0.0176,-0.0403,0.0528,-0.017,-0.2102,0.1445,1.1405,0.9334,1.0023,1.1394,0.954,1.014,3.8458,3.9486,2.1064,1.6978,152.544,152.544,40.1155,83.8609,18.0108,179.0753,0.1435,0.5882,0.1008,3.8108,0.1046,4.2303,-0.1131,15,14.9871,14.5893,4.6439,0.1811,3.1103,4.0949,0.453,1,Act1
0.7083,45.098,7.8431,5.8824,2.0708,7.8737,6.3322,1.5244,0.1511,1.3282,0.566,1.6215,-0.1222,0.0026,0.085,-0.0859,-0.2145,0.1084,0.9383,0.9999,1.1121,1.1423,0.9305,1.0499,4.0008,4.0405,2.1087,1.8683,145.9754,139.9295,27.501,103.0289,0.0,179.2526,0.179,0.5773,0.1465,4.4749,-0.1482,4.0453,-0.1482,12,13.4079,8.1837,4.7004,0.2151,2.6928,4.2379,0.4507,1,Act1
0.6819,44.8276,8.6207,3.4483,2.2865,7.7172,6.325,1.5051,0.1435,1.3539,0.5958,1.6062,0.0101,-0.1233,0.0972,-0.1155,-0.2102,0.2026,1.1876,0.8916,0.9369,1.0637,1.0181,1.0358,3.8505,3.9784,2.1086,1.7803,156.3002,156.3002,35.4753,83.8609,18.0108,176.4763,0.1435,0.5882,0.1006,3.8265,0.0597,4.2817,0.0004,15,12.6834,12.8812,4.6439,0.1811,3.1189,4.0756,0.5071,1,Act1
0.7011,47.0588,11.7647,1.9608,2.3789,7.8438,6.3441,1.5799,0.1409,1.3346,0.5936,1.6163,-0.0427,-0.0675,0.1006,-0.1196,-0.1585,0.057,1.0848,0.9454,0.9741,1.0337,0.9533,0.9162,3.8458,3.9942,2.1066,1.6953,158.6264,158.6264,38.0082,90.4616,34.7963,217.7101,0.1895,0.5629,0.0988,3.8514,-0.1374,4.1332,-0.1374,12,12.2261,11.237,4.858,0.2063,3.1746,4.5599,0.4381,1,Act-1
0.6468,40.2778,5.5556,4.1667,1.9275,7.537,5.9645,1.3113,0.161,1.322,0.5353,1.4908,0.01,0.0541,0.1347,-0.0243,-0.2162,0.0282,1.0087,1.1206,1.007,1.1115,1.1635,1.1565,3.8596,3.9581,2.0409,1.7827,153.9375,153.9375,51.0009,63.9302,18.0108,178.3029,0.1102,0.5876,0.0941,3.6808,0.0393,5.2069,0.0393,17,12.318,11.5544,4.2479,0.1404,4.6583,3.9357,0.5054,1,Act1
0.6693,44.2623,4.918,3.2787,1.8789,7.6068,5.7806,1.265,0.1587,1.3209,0.6449,1.5172,-0.0615,0.1615,0.1806,-0.0838,-0.0957,-0.0556,1.0727,0.9625,1.0293,1.1279,1.0052,1.0767,3.8456,3.9434,2.0933,1.8564,159.1342,159.1342,26.4668,67.8283,60.6941,156.038,0.1092,0.6114,0.1062,3.6298,0.1624,3.5357,0.1624,18,10.8272,11.307,4.3219,0.1305,3.7401,4.2174,0.6638,1,Act1
0.6673,44.0678,5.0847,1.6949,1.7067,7.4583,5.7283,1.2723,0.1617,1.3288,0.6198,1.5097,-0.0815,0.0627,0.1195,-0.0505,-0.0993,-0.2179,1.0239,1.0655,1.0038,1.1095,0.9461,0.9663,3.8339,3.9373,2.0934,1.856,154.0008,154.0008,21.3333,42.6833,60.6941,156.038,0.0904,0.6328,0.109,3.6167,0.0,4.1219,0.0,17,8.8024,10.3674,4.2479,0.097,4.1768,4.1156,0.6776,1,Act1
0.6628,41.6667,8.3333,5.0,2.3269,7.654,6.1127,1.3679,0.1624,1.3192,0.5348,1.5295,0.1029,-0.0139,0.0099,-0.0046,-0.2886,-0.0379,1.088,0.9709,0.807,0.9586,1.1343,0.9775,3.8228,3.9474,2.0701,1.7381,152.418,152.418,40.7424,80.7158,18.0108,179.4483,0.1466,0.5657,0.1137,3.7486,0.0325,5.5144,0.0325,10,11.6314,9.3314,4.3219,0.1791,2.8538,4.2239,0.597,1,Act1
0.7011,47.5,10.0,2.5,1.4444,7.5972,6.2703,1.5597,0.2133,1.3431,0.4819,1.6095,0.098,0.0512,0.0434,-0.018,-0.016,0.1455,0.9904,1.2309,0.8406,1.0359,1.2033,1.0788,3.8539,3.9384,2.0636,1.6412,128.7388,128.7388,24.1731,61.234,16.663,175.9276,0.1537,0.5965,0.1209,3.8719,0.0,5.5559,0.0,12,8.2372,9.4218,4.5236,0.2013,3.5708,4.456,0.6254,1,Act-1
0.6936,46.3415,9.7561,4.878,1.6834,7.9423,6.2996,1.5413,0.196,1.332,0.529,1.5999,0.0179,-0.0145,0.1191,-0.0802,-0.0027,0.0062,1.0597,1.0678,0.8629,1.0013,1.2175,0.9559,3.8531,3.94,2.0635,1.6406,119.5583,119.5583,33.2941,118.8774,59.3464,175.5723,0.2128,0.5369,0.1132,3.9079,0.0,3.254,0.0,10,8.2942,7.5569,4.5236,0.2395,2.9202,4.4765,0.5744,1,Act1
0.6532,41.3043,6.5217,6.5217,1.2015,8.2649,6.0048,1.324,0.2273,1.2815,0.4855,1.5008,0.1581,0.0964,-0.036,-0.1609,-0.1939,-0.2184,0.8633,1.2101,0.6928,0.5441,0.8583,1.019,3.738,3.8669,2.0671,1.5677,105.6863,105.6863,40.0914,108.8106,0.0,121.5066,0.2486,0.4749,0.1432,3.7871,-0.1784,1.7895,-0.1784,8,7.6859,6.3756,3.8074,0.1396,3.353,3.7908,0.7873,1,Act1
0.6721,43.8596,7.0175,3.5088,2.102,7.7312,5.9537,1.3884,0.1746,1.3041,0.5763,1.5444,0.0613,0.0818,0.0697,0.1028,-0.1487,-0.0369,1.0255,0.9689,1.0096,1.152,1.0673,1.0746,3.8564,3.9667,2.0937,1.7743,148.072,148.072,36.9456,83.8609,18.0108,155.1731,0.13,0.5946,0.1115,3.6916,-0.2542,4.8621,-0.2726,16,13.0174,13.9933,4.3923,0.1814,3.3739,4.0791,0.6751,1,Act1
0.6821,46.0317,4.7619,6.3492,2.1019,7.6157,6.2805,1.4946,0.1464,1.3465,0.4781,1.5505,0.0363,-0.0668,0.001,0.0068,-0.1119,0.0498,1.0406,0.9796,0.9294,1.0594,1.1374,1.0842,3.8639,3.968,2.0543,1.8554,181.3252,181.3252,58.785,74.8076,0.0,204.2321,0.1494,0.5781,0.0929,3.929,0.0265,7.7591,0.0265,19,13.0991,13.1737,4.6439,0.1367,4.6414,4.0099,0.368,1,Act1
0.6744,45.098,5.8824,0.0,1.1923,7.3205,6.0629,1.4355,0.2051,1.3634,0.4475,1.5479,0.0066,-0.1631,-0.1487,-0.1171,-0.0482,0.0005,0.9819,1.0824,1.0009,1.1386,0.9371,1.1307,3.8353,3.9767,2.0702,1.6866,125.8591,125.8591,31.7477,16.663,0.0,136.4921,0.0789,0.6546,0.116,3.9034,0.0,7.6769,0.0,18,6.525,9.9697,4.1699,0.0613,4.8834,3.8881,0.6412,1,Act1
0.6592,42.8571,5.3571,0.0,1.3306,7.3457,6.0536,1.4391,0.2244,1.3189,0.4753,1.5081,0.0844,-0.0528,0.0298,-0.1005,-0.0709,0.0043,0.9289,1.1144,0.9594,1.1022,0.9923,1.2443,3.8021,3.9601,2.074,1.7175,140.975,140.975,29.2131,16.663,0.0,131.423,0.0703,0.6567,0.1158,3.9032,0.0,7.5767,0.0,19,6.527,10.8593,4.1699,0.0586,5.4192,3.7922,0.567,1,Act1
0.684,46.4286,5.3571,3.5714,1.6337,7.5591,6.1794,1.5241,0.1823,1.3369,0.4657,1.5557,0.0409,-0.0636,-0.0014,-0.0707,-0.049,-0.003,1.0741,1.0586,1.0162,1.1587,1.0343,1.1119,3.8385,3.9352,2.0646,1.8163,165.9963,165.9963,33.9799,70.3462,42.6833,176.6293,0.1244,0.6085,0.1,3.7833,0.0,7.0097,0.0,18,9.753,12.4593,4.585,0.1228,5.1395,3.7008,0.4519,1,Act1
0.7072,46.2963,5.5556,3.7037,1.6233,7.6559,6.2111,1.5114,0.1831,1.3281,0.4794,1.5784,0.0934,-0.1238,-0.1061,-0.0758,0.0023,0.0156,0.8863,1.15,0.8488,1.0112,1.0412,1.1284,3.9323,3.9636,2.0702,1.6962,174.6469,143.3692,61.583,84.4913,42.6833,184.37,0.1393,0.6154,0.1024,3.9071,-0.8674,8.2827,-0.8674,18,11.6298,10.5561,4.585,0.2016,5.1646,4.0139,0.4344,1,Act1
0.6881,47.2727,5.4545,1.8182,1.5667,7.5111,6.2499,1.526,0.1867,1.3468,0.4629,1.57,0.0293,-0.0881,-0.069,-0.0892,-0.0136,0.0225,1.0143,1.0816,0.9544,1.0934,1.0244,1.1613,3.8565,3.9679,2.078,1.7555,161.8806,161.8806,29.8642,59.3464,42.6833,172.5136,0.1076,0.6328,0.1025,3.9044,0.0,8.6184,0.0,20,10.1649,10.9402,4.585,0.1044,5.1677,3.9193,0.4883,1,Act1
0.6503,40.5405,6.7568,2.7027,2.4543,7.536,6.0194,1.3316,0.1442,1.3442,0.603,1.5234,-0.0038,0.0869,0.1222,-0.1153,-0.1771,-0.1246,1.0322,1.1062,1.0833,1.1964,1.1211,1.0245,3.8104,3.9551,2.1434,1.8341,153.5779,153.5779,42.0227,86.5014,18.0108,172.9366,0.1041,0.6002,0.088,3.4693,-0.0735,4.8532,-0.0735,18,14.3273,15.639,4.3219,0.1606,4.1996,4.9747,0.4595,1,Act1
0.6645,43.6364,5.4545,1.8182,2.2212,7.6494,5.9169,1.4246,0.1702,1.3106,0.6397,1.5239,0.0735,-0.0809,-0.1117,-0.0065,-0.0215,0.0365,1.1334,0.9906,0.989,1.1095,0.9714,0.7568,3.8466,3.9647,2.0219,1.7117,156.942,156.942,33.6461,42.623,18.0108,144.7424,0.1237,0.591,0.11,3.6243,0.0,6.2815,0.0,16,9.0095,11.7643,4.2479,0.0998,4.5686,4.4365,0.657,1,Act1
0.7157,42.8571,10.7143,3.5714,0.9086,8.386,5.5346,1.3184,0.2957,1.2547,0.4585,1.5301,0.1279,0.0447,-0.1147,0.1609,0.0341,-0.1358,1.2132,0.8458,0.9995,0.9337,0.9419,0.9825,3.7408,3.8399,2.0333,1.2718,92.5603,61.2826,64.1315,104.7479,50.9079,127.3566,0.2874,0.5032,0.1769,3.8429,-0.2578,0.3325,-0.2578,7,4.8264,4.635,3.7004,0.3421,2.545,4.3594,0.8428,1,Act-1
0.735,41.9355,9.6774,3.2258,1.0748,7.8041,5.5152,1.3099,0.2835,1.2981,0.4712,1.5443,0.1105,0.023,-0.1284,0.1534,-0.0297,-0.0756,1.3457,0.8538,0.8329,0.9523,1.0479,1.0515,3.7592,3.8326,2.0227,1.3751,134.8401,64.4138,49.3901,81.0791,36.0215,122.0914,0.1959,0.5907,0.1762,3.6279,0.0004,4.3604,0.0004,9,5.5906,5.4227,3.7004,0.28,3.0914,4.3059,0.8973,1,Act1
0.7053,41.9355,9.6774,3.2258,0.9086,8.0088,5.5122,1.3161,0.2965,1.2988,0.4533,1.5555,0.1423,0.0274,-0.1644,0.1303,-0.0385,-0.0165,1.5606,0.9095,0.9205,0.9156,1.1464,0.9684,3.7449,3.8392,2.0324,1.3751,101.3119,70.0342,55.0105,56.8906,36.0215,127.7118,0.2098,0.5498,0.1769,3.7629,-0.1308,2.4157,-0.1308,8,5.7783,5.2569,3.7004,0.2966,2.7234,4.2641,0.8936,1,Act1
0.6528,39.5833,10.4167,2.0833,1.4944,7.6333,5.9649,1.4259,0.1949,1.2778,0.5565,1.4879,0.1008,-0.0272,-0.0925,0.0449,-0.0974,0.1187,1.0693,0.9118,0.9805,1.0359,1.094,1.0637,3.8549,4.0212,2.088,1.6668,89.4208,89.4208,24.818,109.1516,92.3661,120.4501,0.121,0.5839,0.119,3.8993,0.0,4.442,0.0,11,10.8247,9.947,4.0875,0.2698,2.7686,4.2671,0.6871,1,Act1
0.7027,42.2222,11.1111,4.4444,1.9698,7.8241,5.912,1.3783,0.1741,1.3102,0.5906,1.5656,0.0121,0.0034,-0.0411,-0.0438,-0.0646,0.0207,0.7522,1.4612,0.8799,1.1862,0.9732,0.9094,3.7875,3.9485,2.0006,1.6246,143.4056,143.4056,31.5466,83.7384,34.6738,141.3425,0.176,0.6,0.1288,3.4451,-0.1939,2.4356,-0.1071,11,10.4243,14.1947,4.2479,0.2124,2.1813,4.4507,0.6515,1,Act1
0.676,43.6364,9.0909,5.4545,2.1488,7.8838,6.2956,1.4394,0.1333,1.3466,0.5301,1.5799,0.0253,-0.1418,-0.06,0.1249,-0.043,-0.0651,1.1272,1.0861,1.0484,1.088,0.8916,0.8351,3.9754,4.1117,2.0558,1.762,115.9957,115.9957,49.662,111.2437,16.663,180.1964,0.1901,0.5361,0.1028,4.4954,-0.0713,1.053,-0.0817,14,11.7707,14.8709,4.5236,0.213,3.1345,4.4376,0.4677,1,Act1
0.7109,42.8571,11.9048,4.7619,1.7515,7.8622,5.9631,1.3916,0.1914,1.2879,0.5545,1.5573,0.0316,-0.0114,0.0479,-0.0839,-0.0654,-0.0593,0.7137,1.3624,0.813,1.1025,1.0307,0.9441,3.7987,3.9614,2.0057,1.5976,140.8711,140.8711,29.6632,83.7384,34.6738,134.623,0.1889,0.5963,0.1333,3.6672,-0.3193,2.9879,-0.2069,11,8.9518,12.2547,4.2479,0.2196,2.8474,4.5119,0.6818,1,Act1
0.6722,38.2979,8.5106,6.383,1.8462,7.7853,5.751,1.2793,0.1841,1.3204,0.5692,1.5175,0.0107,0.0548,0.1156,-0.0095,-0.065,-0.0946,0.6637,1.1522,0.8745,1.154,0.983,0.9559,3.7357,3.9315,2.0113,1.6031,114.892,114.892,40.5092,77.9527,34.6738,109.5778,0.1612,0.5835,0.1332,3.3846,-0.1088,1.5375,-0.0625,10,10.2903,10.951,3.7004,0.2072,1.9546,4.2995,0.7882,1,Act1
0.6889,47.5,5.0,2.5,1.2562,7.5833,5.9395,1.4119,0.2165,1.3582,0.4161,1.6035,-0.0337,-0.0821,-0.017,0.0803,0.0538,0.0424,1.1481,0.9294,1.0926,1.2016,1.0912,1.022,3.8463,3.9407,2.0378,1.7731,111.4395,111.4395,26.1532,25.1449,34.7963,123.5204,0.1125,0.6267,0.1442,3.6754,-0.0027,3.2525,-0.0027,15,6.6787,10.1646,4.1699,0.1546,3.5789,4.1236,0.6508,1,Act1
0.6664,43.75,4.1667,6.25,1.4793,7.6603,6.0655,1.404,0.1971,1.3366,0.478,1.5593,0.0466,-0.1138,-0.0292,0.1033,-0.0445,0.1109,1.1514,1.0177,0.9191,1.0512,1.1867,1.1038,3.8489,3.9503,2.0407,1.7738,124.7399,124.7399,36.6401,47.1447,34.7963,115.0547,0.1368,0.5775,0.1245,3.9707,-0.1088,4.1772,-0.1088,13,10.352,9.4061,4.1699,0.1808,3.3707,4.2549,0.7772,1,Act1
0.6843,43.75,4.1667,6.25,1.5309,7.7202,6.1263,1.4004,0.1971,1.3203,0.4757,1.5385,0.06,-0.0641,0.003,0.1166,-0.0434,0.1005,1.0928,0.7741,0.8338,1.0447,1.1824,1.1104,3.8493,3.9502,2.0403,1.7741,157.913,118.7643,40.1407,86.2933,34.7963,109.0791,0.1599,0.5737,0.1205,3.9709,-0.1402,4.668,-0.1402,13,10.2322,9.5673,4.1699,0.1646,3.9723,4.3841,0.7362,1,Act1
0.6962,45.4545,4.5455,4.5455,1.296,7.6911,6.0629,1.4124,0.2109,1.3286,0.4319,1.5557,0.034,-0.0723,-0.0614,0.0353,0.0037,0.0502,1.0654,0.7287,0.906,1.1151,1.1202,0.963,3.8481,3.9459,2.039,1.7737,151.2627,112.1141,34.8973,75.2935,34.7963,113.3119,0.151,0.5936,0.1299,3.9376,-0.125,4.1624,-0.125,14,8.5038,10.519,4.1699,0.1525,4.0752,4.279,0.7581,1,Act1
0.6578,42.3077,3.8462,7.6923,1.4643,7.6905,6.1369,1.4,0.1975,1.3282,0.4941,1.542,0.0758,-0.1376,-0.0238,0.1704,-0.0869,0.1463,1.0776,0.8987,0.852,0.9915,1.2287,1.1851,3.8503,3.9549,2.0424,1.7741,131.3902,131.3902,41.8835,58.1446,34.7963,110.8219,0.1462,0.5597,0.1168,4.1414,-0.1706,4.2676,-0.1706,12,10.0261,8.6959,4.1699,0.1908,3.2731,4.2023,0.728,1,Act1
0.6743,42.3077,3.8462,7.6923,1.503,7.7452,6.1936,1.3968,0.1971,1.3133,0.4912,1.5237,0.0823,-0.0946,0.0038,0.1842,-0.086,0.1404,1.0447,0.699,0.7726,0.984,1.2244,1.1921,3.8506,3.9549,2.0421,1.7744,164.5632,125.4145,45.3841,97.2932,34.7963,104.8463,0.1674,0.5572,0.1133,4.1415,-0.202,4.7275,-0.202,12,9.9553,8.73,4.1699,0.1749,3.784,4.328,0.6825,1,Act1
0.7052,46.5116,4.6512,6.9767,1.4497,7.7094,6.149,1.3955,0.1781,1.3445,0.3959,1.5461,0.0124,0.0242,0.0176,0.1038,-0.0136,0.0723,1.1078,0.6813,0.8952,1.0946,1.1166,1.0693,3.8625,3.9709,2.0322,1.7707,142.7971,103.6484,46.7909,86.2933,34.7963,137.7291,0.1813,0.5692,0.1205,3.9822,-0.1195,4.8728,-0.1195,13,10.2322,9.5673,4.1699,0.1718,3.8721,4.3825,0.7478,1,Act1
0.7016,44.4444,7.4074,5.5556,2.0273,7.8437,6.0944,1.3835,0.1564,1.3089,0.4914,1.5494,0.1564,-0.1717,0.1151,0.0545,-0.0704,-0.0255,1.2353,0.7874,0.9104,1.1259,1.1067,1.1649,3.8958,3.9949,2.0197,1.5802,156.6655,125.3878,72.6813,92.2203,36.0215,172.231,0.1687,0.5809,0.1084,4.0535,-0.62,5.4542,-0.2755,15,12.935,14.5677,4.3923,0.2679,3.1996,4.3227,0.5957,1,Act1
0.6735,43.75,8.3333,2.0833,1.7308,7.609,6.0852,1.4469,0.1875,1.2991,0.5216,1.5325,0.1051,-0.258,-0.2932,-0.0883,-0.1732,0.0303,0.8547,1.0591,0.898,0.9902,0.893,0.784,3.8904,3.976,2.1278,1.5075,116.4701,116.4701,33.3436,58.716,18.0108,130.8104,0.1215,0.6045,0.1234,3.9082,-0.1065,4.559,-0.1065,14,9.1925,11.584,4.2479,0.1677,4.1224,3.5538,0.781,1,Act1
0.6765,44.4444,8.8889,2.2222,1.8656,8.0309,6.0988,1.4404,0.1844,1.3068,0.5205,1.5516,0.019,-0.0158,0.047,0.0696,-0.128,-0.1613,0.841,1.0591,1.0188,0.9831,0.8277,0.7926,3.8362,3.9479,2.1414,1.7263,113.2251,113.2251,47.749,88.6362,18.0108,145.2158,0.1981,0.5322,0.1195,3.9082,-0.5851,-0.2734,-0.5851,11,8.8836,11.1994,4.2479,0.1578,4.1938,3.4642,0.7646,1,Act1
0.712,44.186,9.3023,4.6512,1.8373,7.7083,6.0601,1.4416,0.1865,1.3298,0.5124,1.5822,0.0027,0.0164,-0.0433,0.1039,-0.2259,0.0053,0.7178,1.3553,0.7443,0.9839,1.0386,1.0046,3.8679,3.9293,2.1375,1.6173,155.0497,155.0497,34.1433,69.7159,18.0108,152.0862,0.1718,0.6121,0.1234,3.7946,-0.1592,3.0694,-0.1592,10,11.5265,8.2635,4.2479,0.163,3.379,3.5761,0.7174,1,Act1
0.6248,34.2857,4.2857,4.2857,2.1561,7.6801,5.1793,1.1437,0.1786,1.2769,0.7164,1.4381,0.0647,-0.0662,0.0279,-0.0325,-0.2048,-0.0154,1.2502,0.8655,1.0342,1.1587,1.1026,0.918,3.7737,3.964,2.0882,1.7987,101.6086,95.8011,40.6746,69.4579,18.0108,66.113,0.0916,0.5903,0.1438,3.4252,0.0796,1.1784,0.0796,16,11.6048,15.0499,3.3219,0.1737,3.5597,3.7402,0.6688,0,Act1
0.7088,47.5,5.0,2.5,1.3542,7.8727,6.0665,1.4066,0.2185,1.3172,0.4324,1.5597,0.0599,-0.0819,-0.1921,-0.0395,-0.1389,0.1335,0.9343,1.4753,0.7265,0.8702,0.9518,0.7332,3.8606,3.9479,2.0472,1.6223,151.796,112.6473,38.346,79.2537,0.0,104.5697,0.1787,0.5769,0.1376,3.9524,-0.1218,2.2795,-0.1218,12,6.6278,8.916,4.1699,0.0736,4.1125,3.6965,0.6749,1,Act1
0.6992,48.0,8.0,4.0,1.8481,7.9086,6.2545,1.4685,0.1948,1.3069,0.6044,1.5889,0.066,0.0054,0.0246,-0.1166,-0.1139,0.0347,1.0079,0.9579,0.8823,0.9735,0.9431,0.8427,3.8457,3.9484,2.0793,1.8149,171.7896,171.7896,39.6528,101.4615,18.0108,197.7332,0.1904,0.5608,0.1063,3.9069,-0.3737,4.2109,-0.3737,14,9.4323,11.4264,4.7004,0.1858,3.9825,3.9588,0.5003,1,Act1
0.7072,48.9796,8.1633,6.1224,1.793,8.0521,6.2581,1.4702,0.1863,1.3173,0.6257,1.617,0.0022,-0.0608,-0.0189,-0.1029,-0.1129,0.0774,1.0734,0.9484,0.9003,0.9817,0.8882,0.8905,3.8445,3.9445,2.0787,1.8148,174.3885,174.3885,41.6007,126.6064,18.0108,201.9661,0.2213,0.543,0.1044,3.8088,-0.9629,2.6024,-0.5087,14,11.1847,11.2105,4.7549,0.2196,3.5956,3.813,0.4539,1,Act1
0.6714,44.898,6.1224,2.0408,1.7122,8.1552,6.0082,1.4042,0.1981,1.29,0.5084,1.5135,0.1325,0.0258,0.1516,-0.0116,0.0,-0.2014,1.0043,0.9934,1.0235,1.0164,0.8961,0.8445,3.8447,3.963,2.0685,1.7837,132.0062,132.0062,57.9271,86.6883,18.0108,128.0907,0.2019,0.5229,0.1163,4.2086,-0.9752,0.229,-0.9752,14,7.1152,11.9195,4.2479,0.1175,4.9268,4.2319,0.6938,1,Act1
0.697,45.283,3.7736,3.7736,2.1522,7.6897,5.8063,1.3628,0.1712,1.3095,0.6081,1.5612,0.1057,0.039,0.0523,-0.1538,-0.0341,0.1812,1.246,1.2988,0.8583,0.9656,1.1767,0.9455,3.8686,3.9548,2.037,1.7382,175.3049,144.0272,62.892,50.2899,18.0108,151.3695,0.1247,0.6245,0.116,3.783,-0.0114,5.9294,-0.0582,18,10.3089,14.7567,4.3219,0.1919,4.365,4.2822,0.6999,1,Act1
0.668,40.0,4.0,6.0,1.9763,7.8814,5.7285,1.3303,0.2086,1.2589,0.6256,1.5078,0.0233,0.0739,0.0779,0.2255,-0.1284,0.0332,1.062,0.855,1.093,1.1582,1.1441,1.145,3.8778,3.9717,2.0456,1.7465,120.1754,114.368,32.0187,69.4579,18.0108,87.5627,0.1348,0.5858,0.1567,3.9517,-0.2412,3.9987,-0.2412,15,12.517,12.0971,4.0,0.201,3.6034,3.7343,0.8615,1,Act1
0.6724,41.6667,12.5,4.1667,2.2245,7.7381,6.1111,1.4997,0.1699,1.3261,0.5783,1.5803,0.0845,0.0443,-0.1094,-0.0648,-0.009,-0.0879,1.0805,0.9958,0.9178,1.1526,1.0597,0.8997,3.7828,3.9863,2.0772,1.5293,131.7125,131.7125,27.5757,86.1338,18.0108,156.5078,0.1717,0.5552,0.1169,3.8275,-0.2037,3.3666,-0.2037,11,12.5715,8.8175,4.5236,0.2307,2.8739,3.9989,0.4986,1,Act1
0.6456,39.3443,8.1967,1.6393,1.6333,7.5056,5.8486,1.2673,0.1722,1.3513,0.502,1.5103,0.0091,-0.0733,0.0458,-0.0174,-0.1517,-0.1105,1.0708,0.9645,1.0826,1.1819,0.8385,1.0189,3.7841,3.9567,2.0878,1.7316,92.0342,92.0342,44.6529,91.6132,32.8972,127.1492,0.0957,0.6031,0.1125,3.5904,0.3061,5.4222,0.3061,15,8.7233,11.2464,3.8074,0.1858,3.0393,4.0057,0.8508,1,Act-1
0.7159,50.0,9.375,6.25,1.2645,8.2121,5.9596,1.474,0.2564,1.3058,0.582,1.6223,-0.0437,-0.0021,-0.0235,-0.1807,-0.0935,-0.0217,1.0528,1.2444,0.9619,0.9997,0.876,0.794,3.7826,3.89,2.0695,1.5645,108.672,108.672,24.6723,133.145,42.6833,158.1187,0.2533,0.5275,0.1505,3.7386,-1.1135,1.4909,-1.1135,9,7.2412,6.5467,4.3219,0.2573,2.6759,3.7088,0.7802,1,Act1
0.655,42.0,4.0,6.0,1.6154,7.7885,5.5826,1.3019,0.2239,1.2572,0.6191,1.4903,0.1139,-0.2216,-0.1655,0.2362,-0.1336,-0.0626,1.0028,0.8733,0.9816,1.1152,1.0724,1.0832,3.8459,3.9412,2.0303,1.5373,129.0082,129.0082,36.1988,61.2897,18.0108,96.3598,0.1295,0.5775,0.1391,3.878,-0.3547,4.1036,-0.2827,14,9.3206,12.0094,3.9069,0.1664,3.1213,3.8686,0.915,1,Act1
0.6509,36.9565,4.3478,4.3478,1.281,7.7424,5.458,1.2343,0.3298,1.2597,0.597,1.4708,0.2019,-0.0181,0.0444,-0.2977,-0.222,0.0888,0.8857,1.427,0.7705,0.8877,1.148,1.3121,3.5612,3.7987,1.9799,1.5611,114.9856,83.7079,61.5899,50.2899,0.0,66.7183,0.1103,0.6,0.1665,3.2693,-0.0838,3.0117,-0.0454,10,6.8432,10.5321,3.1699,0.2201,3.0231,3.5425,0.8247,0,Act1
0.6262,37.5,5.3571,1.7857,1.787,7.6346,5.1772,1.151,0.1855,1.2895,0.643,1.4171,0.008,-0.0927,-0.0938,0.0702,-0.151,-0.0085,1.018,0.9916,1.1103,1.1693,0.9695,0.8049,3.8602,3.9889,2.0764,1.6344,84.4081,84.4081,38.3289,40.105,18.0108,68.3017,0.0963,0.5789,0.1225,3.1835,0.101,2.0238,0.101,12,8.5557,10.8436,3.0,0.099,2.9996,4.0367,0.9132,0,Act1
0.6572,39.2157,3.9216,9.8039,1.1837,7.9147,5.7139,1.2583,0.2505,1.277,0.5304,1.4736,0.1116,-0.127,-0.1576,-0.1294,-0.2351,0.1845,0.8751,0.7868,0.829,1.067,1.1858,0.9809,3.8054,3.9181,2.0774,1.5243,149.8097,110.661,51.6409,122.4382,18.0108,73.897,0.1839,0.529,0.1266,4.0248,0.8259,1.5983,-0.378,9,8.6384,9.9805,3.4594,0.1936,2.4399,3.7523,0.7604,0,Act1
0.6296,37.7778,6.6667,0.0,1.6871,7.4921,4.9702,1.1429,0.1919,1.3458,0.5511,1.4494,-0.101,0.093,0.0786,0.1713,-0.176,-0.0461,0.9916,0.977,1.075,1.1021,0.8904,0.9994,3.8411,3.9816,2.0144,1.4919,67.0572,67.0572,29.1522,14.9601,18.0108,89.2109,0.0907,0.5869,0.1414,3.3612,0.0,1.0091,0.0,8,3.9373,7.3782,2.8074,0.064,2.159,3.798,0.8725,0,Act1
0.6249,36.0,8.0,4.0,1.7888,7.96,5.0503,1.156,0.2186,1.2903,0.6088,1.4587,0.0001,0.0416,-0.031,0.0392,-0.2325,0.0109,1.1855,1.0726,1.0688,1.082,0.8858,0.843,3.7421,3.9293,2.0446,1.5543,79.001,79.001,41.0961,98.1472,32.8972,79.3935,0.1441,0.5312,0.1418,3.2926,-0.3308,0.7361,-0.4483,8,9.8745,9.3598,3.1699,0.2005,1.6004,3.5196,0.87,0,Act1
0.6844,45.283,9.434,1.8868,2.204,7.7796,6.1807,1.4981,0.144,1.3401,0.5578,1.5859,-0.0276,-0.0255,-0.0059,-0.1088,-0.0294,0.049,1.0706,0.9476,1.0452,1.1016,0.9412,0.8497,3.9102,4.0599,2.1254,1.7669,143.089,143.089,39.2791,73.5536,34.6738,191.6202,0.1613,0.5715,0.1022,3.9937,-0.0772,2.9218,-0.0772,15,11.4632,14.0217,4.585,0.1779,4.0878,4.3261,0.5485,1,Act1
0.679,42.8571,12.2449,4.0816,1.912,7.7011,6.1757,1.4749,0.1648,1.3439,0.5383,1.584,0.0983,-0.1866,0.0095,-0.0861,-0.1652,-0.0951,1.024,0.9319,0.9051,1.1049,0.9365,0.9039,3.8356,4.027,2.0262,1.6605,119.0973,119.0973,26.9234,104.7097,0.0,181.6367,0.1702,0.5598,0.1134,3.9799,-0.0665,2.3582,-0.0665,11,10.8225,11.9647,4.5236,0.2315,2.6714,4.645,0.4488,1,Act1
0.679,42.8571,12.2449,4.0816,1.912,7.7011,6.1757,1.4749,0.1648,1.3439,0.5383,1.5837,0.0983,-0.1854,0.0412,-0.1098,-0.1652,-0.0898,1.0336,0.9199,0.9051,1.1049,1.0336,0.901,3.8383,4.0274,2.0262,1.6602,119.0973,119.0973,26.9234,104.7097,0.0,181.6367,0.1702,0.5598,0.1134,3.9799,-0.0648,2.438,-0.0648,11,10.7738,11.4326,4.5236,0.2315,2.6714,4.4994,0.4488,1,Act1
0.6731,43.4783,8.6957,4.3478,2.0082,7.8951,5.7337,1.3799,0.1766,1.3212,0.6315,1.5425,0.0409,-0.0663,0.1734,-0.2198,-0.1068,0.034,1.0479,0.9228,1.0488,1.0221,0.88,0.793,3.8227,3.9452,1.9982,1.662,125.0099,125.0099,30.8985,86.2213,18.0108,161.1495,0.1831,0.5423,0.1236,3.6342,-0.2234,2.1987,-0.2234,13,8.0352,11.51,4.2479,0.1945,3.8606,4.298,0.7419,1,Act1
0.6717,43.4783,8.6957,4.3478,2.0102,8.0833,5.78,1.3828,0.1769,1.3042,0.6284,1.5327,0.0562,-0.0357,0.1747,-0.218,-0.0961,0.0445,1.0275,0.9546,1.0491,0.9885,0.8539,0.8046,3.822,3.9508,1.9999,1.662,124.6547,124.6547,40.0195,101.1814,18.0108,160.7942,0.2165,0.5143,0.1198,3.8898,-0.4559,0.2383,-0.4559,12,8.1342,11.4387,4.2479,0.1854,4.1018,4.4032,0.7224,1,Act1
0.7011,46.3415,12.1951,4.878,1.5917,7.8205,6.0779,1.4138,0.1761,1.3621,0.3949,1.6225,0.017,-0.2601,-0.031,0.042,-0.1305,0.0024,1.2136,0.9543,0.9201,1.1367,1.0232,0.9105,3.827,4.0183,2.1297,1.4817,107.2805,107.2805,32.3282,83.8609,17.8882,160.1612,0.1913,0.5598,0.1277,3.9749,1.782,0.6189,-0.0844,10,8.9446,9.8322,4.0875,0.2414,1.3241,3.7754,0.8058,1,Act-1
0.6931,45.8333,10.4167,4.1667,1.931,7.7759,5.9996,1.3651,0.167,1.3409,0.4673,1.5904,0.0802,-0.071,0.0869,-0.2806,-0.1157,0.19,1.1395,1.0955,0.9347,1.1608,1.0926,1.0014,3.8229,3.9518,2.0663,1.7871,129.9927,129.9927,36.3101,83.8609,17.8882,174.0483,0.1684,0.5734,0.1163,3.7887,2.5129,2.3965,-0.1007,13,11.3255,14.5249,4.1699,0.2163,2.0712,4.1718,0.815,1,Act-1
0.6469,39.6552,6.8966,5.1724,1.7956,7.6611,5.7246,1.2424,0.1688,1.335,0.5598,1.5005,0.0504,-0.0729,-0.0581,-0.1341,-0.1435,-0.0486,1.0223,1.0337,1.14,1.2616,0.8901,1.0009,3.7741,3.932,2.0445,1.5803,94.5684,94.5684,47.8382,79.6206,18.0108,112.4065,0.1278,0.5663,0.1159,3.7089,-0.097,3.7958,-0.1789,14,11.2145,11.3874,3.8074,0.2009,3.5844,3.8042,0.7418,1,Act1
0.6926,45.9016,9.8361,4.918,2.2454,7.7072,6.3984,1.4401,0.1245,1.3659,0.4157,1.5981,0.068,-0.1261,0.0617,0.0046,0.0014,-0.0207,1.1225,0.9922,0.8964,1.1048,1.2401,0.9513,3.9073,4.0494,2.0669,1.8355,151.9198,151.9198,55.7505,94.7383,34.5512,210.458,0.1702,0.5686,0.0893,4.0208,2.4394,6.2702,-0.1135,17,13.6677,15.4399,4.5236,0.22,3.1164,4.4726,0.5322,1,Act1
0.6845,44.8276,8.6207,6.8966,2.3739,7.7714,6.1016,1.4197,0.1324,1.3409,0.5079,1.5773,0.1545,-0.0048,0.1042,-0.0156,-0.0688,-0.1064,1.1965,0.8222,0.9902,1.1857,1.1831,0.894,3.8523,3.9994,2.0496,1.7078,148.6515,148.6515,55.1911,105.9134,17.8882,203.3998,0.1814,0.5524,0.096,4.022,2.2468,4.4067,-0.2206,15,13.9284,16.8927,4.4594,0.2335,2.7935,4.1995,0.5245,1,Act-1
0.6837,44.2623,9.8361,6.5574,2.4003,7.9144,6.1495,1.3507,0.1272,1.3378,0.489,1.5812,0.0395,0.0036,0.0203,-0.0823,-0.1358,0.0533,1.1567,1.0725,1.0292,1.2418,1.1337,0.9631,3.8674,4.0127,2.0757,1.838,147.2278,147.2278,52.4654,117.3652,35.899,194.6844,0.1857,0.5494,0.0916,3.9199,1.5512,2.1501,-0.2853,15,14.6553,17.1539,4.3219,0.2414,1.7171,4.0093,0.5604,1,Act-1
0.66,38.7755,8.1633,4.0816,1.8957,7.8436,5.5122,1.2329,0.1893,1.3162,0.4923,1.4753,0.0152,0.099,0.0695,0.0045,-0.2481,-0.101,0.9266,1.0531,0.8631,0.9639,1.0677,1.0306,3.7835,3.9262,2.031,1.6069,120.713,81.5644,53.1356,107.0391,18.0108,131.5035,0.1771,0.5357,0.1239,3.8818,2.1287,0.8415,-0.072,8,11.532,7.5222,3.3219,0.1564,2.6136,3.5764,0.8567,0,Act1
0.66,38.7755,8.1633,4.0816,1.8656,7.8436,5.503,1.2318,0.1874,1.3105,0.4982,1.4693,0.0152,0.1041,0.158,0.0045,-0.2481,-0.0922,0.8942,1.0531,0.8631,0.9639,1.0818,1.0475,3.7836,3.9263,2.031,1.6069,120.713,81.5644,53.1356,107.0391,18.0108,131.5035,0.1771,0.5357,0.1239,3.8804,2.1441,0.7102,-0.0685,8,11.4395,8.093,3.3219,0.1564,2.6136,3.674,0.8567,0,Act1
0.6685,43.1373,7.8431,1.9608,1.7311,7.5926,6.2402,1.5138,0.1697,1.3111,0.5378,1.5554,0.1521,-0.0061,-0.1542,0.076,-0.1305,0.0346,1.2272,1.044,0.9351,1.1076,0.9715,1.0164,3.9744,4.1549,2.0814,1.657,125.3337,125.3337,33.382,41.9305,34.7963,121.8362,0.1142,0.6082,0.121,4.5673,-0.0014,5.6731,-0.0014,14,10.7271,13.0991,4.4594,0.1725,3.4212,4.5902,0.5913,1,Act1
0.6669,41.3793,5.1724,3.4483,1.44,7.5259,6.2505,1.4351,0.2054,1.2959,0.5257,1.4869,0.0782,0.0397,0.0747,-0.1818,-0.2684,0.0845,0.7839,0.9939,0.655,0.8721,1.0002,1.0851,3.8163,3.9403,2.1427,1.6019,180.7254,141.5767,36.6841,77.9339,0.0,120.822,0.123,0.5971,0.1002,3.8953,0.0,5.2766,0.0,12,8.8238,8.3705,4.1699,0.0888,4.1839,4.1274,0.5928,1,Act1
0.6703,41.6667,10.4167,8.3333,2.1807,7.7586,5.8414,1.3723,0.1401,1.3585,0.5891,1.5498,0.0062,0.0096,0.1037,-0.1494,-0.2736,0.0187,1.043,1.1781,0.9776,1.102,1.0023,0.9334,3.7671,3.9588,2.055,1.702,102.518,102.518,46.947,126.832,0.0,200.0902,0.2004,0.5256,0.1121,3.9547,0.018,3.5567,0.018,8,10.8245,6.813,4.2479,0.263,1.9092,3.9268,0.518,1,Act1
0.6549,41.1765,7.8431,0.0,2.128,7.5367,5.6218,1.3401,0.1957,1.2962,0.6892,1.5183,0.066,0.1018,0.1103,-0.1146,-0.2409,0.022,1.0186,1.1834,0.7804,0.9021,0.9426,1.0351,3.7545,3.9289,2.0816,1.6638,131.3954,131.3954,22.842,47.8449,0.0,109.6754,0.0866,0.6335,0.1622,3.7178,0.0,4.3547,0.0,12,11.66,7.681,3.8074,0.129,3.0276,3.9929,0.8804,1,Act1
0.6497,40.3226,6.4516,4.8387,2.4082,7.7031,5.7466,1.297,0.1611,1.3109,0.6669,1.5039,0.0603,-0.1074,0.0475,0.0327,-0.1252,-0.1593,1.0497,1.0112,1.0439,1.1089,1.0946,1.0531,3.847,3.9551,2.0616,1.7572,138.082,138.082,44.6216,77.9527,17.8882,146.8654,0.1271,0.5741,0.1102,3.7957,0.5321,3.4095,-0.2328,17,12.5908,15.9133,4.0,0.1846,4.4241,3.8902,0.6621,1,Act1
0.6769,43.2432,10.8108,2.7027,1.542,7.7381,5.4809,1.4137,0.223,1.3098,0.635,1.5828,0.0325,-0.0242,-0.0157,0.0003,0.0789,-0.0288,0.9742,1.329,1.1207,1.3247,1.0296,0.9498,3.8424,3.9619,2.0248,1.4498,105.6581,105.6581,21.4517,41.8079,51.4593,139.7053,0.1486,0.582,0.1556,3.6846,-0.2004,3.9927,-0.2004,10,6.9823,10.6051,4.1699,0.2624,2.7362,4.5156,0.7083,1,Act1
0.6655,41.0256,10.2564,7.6923,1.5879,7.8551,5.5804,1.4032,0.2165,1.3033,0.6609,1.5645,0.0525,-0.1644,-0.0234,0.0851,-0.0423,0.0996,1.0345,1.0958,0.915,1.195,1.0796,1.0493,3.8126,3.9396,2.008,1.4398,113.8895,113.8895,26.2185,63.8077,51.4593,137.5303,0.1944,0.53,0.1432,3.9085,-0.2893,3.6204,-0.2893,6,8.5161,8.3199,4.1699,0.2946,1.7191,4.5409,0.6753,1,Act1
0.6923,45.1613,12.9032,3.2258,1.475,8.075,5.4427,1.4175,0.2287,1.2899,0.6255,1.5895,-0.0544,-0.1298,0.0328,0.1417,0.0424,-0.0267,0.9432,1.2581,1.1872,1.2508,0.8414,0.9341,3.8097,3.9378,1.9982,1.437,100.2338,100.2338,24.8527,56.768,51.4593,145.6407,0.2275,0.5274,0.1627,3.6658,-0.3742,1.7452,-0.3742,7,6.1075,10.0707,4.1699,0.2722,2.224,4.4994,0.7021,1,Act1
0.6903,45.1613,12.9032,3.2258,1.4921,8.3175,5.5222,1.4163,0.2273,1.2883,0.6324,1.5753,-0.0384,0.0783,0.0315,0.1181,0.013,-0.0158,1.0634,0.9321,1.1857,1.1799,0.8976,0.8777,3.809,3.945,1.9998,1.4367,99.8786,99.8786,33.9737,71.7282,51.4593,145.2855,0.2768,0.4926,0.156,3.8801,-0.5641,-0.1692,-0.5641,6,5.744,8.3199,4.1699,0.2552,2.3812,4.5881,0.7103,1,Act1
0.6729,42.8571,11.4286,5.7143,1.6944,8.5104,5.5356,1.4021,0.2103,1.2377,0.6682,1.5377,0.1091,-0.1989,0.0029,0.0864,-0.0386,-0.0487,0.8135,0.9157,0.9955,0.733,0.901,0.9002,3.8114,3.9377,2.0032,1.4381,106.1736,106.1736,20.9751,97.6882,51.4593,141.7631,0.3181,0.4564,0.1706,3.7049,-0.5375,1.1821,-0.5375,7,7.7336,10.0707,4.1699,0.2462,3.0243,4.5341,0.7064,1,Act1
0.683,44.1176,11.7647,2.9412,1.542,8.0317,5.5132,1.4122,0.2238,1.2914,0.6404,1.5732,0.0608,0.0386,0.0697,0.138,0.04,-0.0258,1.1267,1.3114,1.0928,1.1958,0.9796,0.9288,3.8344,3.9586,2.0164,1.4434,102.7683,102.7683,28.0382,56.768,51.4593,139.35,0.2071,0.5346,0.1556,3.8704,-0.3717,2.333,-0.3717,8,6.8716,10.529,4.1699,0.2588,2.5731,4.8353,0.7108,1,Act1
0.7234,45.0,12.5,2.5,1.7792,7.7133,5.9841,1.498,0.1798,1.3421,0.561,1.6151,-0.0191,0.0368,-0.0002,0.0154,0.0675,-0.1617,0.845,0.8694,1.0491,1.1916,1.0537,1.0525,3.9094,3.8967,2.0918,1.62,144.9018,113.6241,51.9665,75.1339,18.0108,186.7099,0.1809,0.5925,0.1293,3.7088,-0.0431,3.491,-0.0431,12,8.7848,11.3921,4.5236,0.2874,3.1081,4.0432,0.5659,1,Act1
0.6521,41.0714,5.3571,5.3571,1.629,7.6207,5.7675,1.3526,0.1848,1.3148,0.6107,1.5146,-0.0627,-0.0677,0.05,0.0491,-0.1547,-0.0461,0.9851,1.0452,1.0026,1.1303,1.0618,1.056,3.8287,3.9784,2.0409,1.6077,136.5115,136.5115,31.2948,47.1447,34.7963,132.0298,0.1264,0.5756,0.1185,3.4616,0.0314,2.0267,0.0314,12,10.0899,10.6019,4.1699,0.1692,2.3061,4.381,0.6362,1,Act1
0.6583,37.5,7.1429,7.1429,1.8756,7.75,6.1434,1.3371,0.1793,1.3062,0.4671,1.5176,0.1884,-0.0996,0.0063,0.1845,-0.1312,-0.0264,1.4399,0.7928,0.8488,1.0994,1.1487,1.0845,4.0283,4.0654,2.0921,1.7696,102.3495,96.5421,39.5799,84.6436,34.7963,133.6542,0.156,0.5501,0.1402,4.6321,0.0,4.2987,0.0,10,10.7036,9.3672,4.1699,0.2528,1.7398,4.7294,0.6165,1,Act1
0.6528,38.6364,11.3636,6.8182,1.3856,7.8467,5.8965,1.3603,0.2127,1.3202,0.5348,1.534,0.1114,-0.1688,-0.0437,0.0537,-0.1554,-0.0193,1.0933,0.752,0.9304,1.161,1.0031,0.9507,3.7849,3.9983,2.0262,1.5261,78.8644,78.8644,23.7378,130.6075,42.6833,124.6183,0.1801,0.5275,0.1337,3.7837,-0.1445,1.4464,-0.1445,8,8.9624,10.3085,4.0875,0.2849,1.1793,4.4407,0.6177,1,Act1
0.6528,38.6364,11.3636,6.8182,1.3856,7.7667,5.8031,1.3569,0.2104,1.3204,0.5505,1.5294,0.0747,-0.183,0.0112,0.0048,-0.1266,0.0643,1.022,0.9198,0.9127,1.1145,0.9302,1.0525,3.7864,3.9981,2.0156,1.5108,85.9435,85.9435,28.3302,98.9241,16.663,139.5047,0.1801,0.5275,0.1335,3.7836,-0.0997,1.5881,-0.0997,8,9.0035,10.3085,4.0875,0.2845,1.3008,4.6675,0.6638,1,Act1
0.6486,38.2979,10.6383,6.383,1.3905,7.7372,5.9047,1.3528,0.2107,1.3136,0.5476,1.5174,0.1227,-0.1705,-0.0863,0.0464,-0.2194,0.0267,1.0425,0.8596,0.8389,1.0812,0.9737,0.9691,3.7869,3.9998,2.0262,1.5271,94.3398,94.3398,28.3302,98.9241,0.0,124.6183,0.1683,0.5333,0.1291,3.7838,-0.0818,1.6287,-0.0818,8,8.9624,10.3085,4.0875,0.2427,1.6127,4.4357,0.5925,1,Act1
0.6441,39.2857,7.1429,3.5714,2.148,7.6667,5.4604,1.2182,0.1608,1.3084,0.6872,1.493,0.0398,0.077,0.0331,-0.0062,-0.1035,0.0216,1.0739,0.9498,1.0714,1.246,1.0167,1.0253,3.8256,3.9782,2.0705,1.6282,102.7808,102.7808,38.178,66.9529,18.0108,101.1092,0.1124,0.5836,0.1171,3.5833,0.8578,3.0397,-0.0189,14,12.2638,14.9618,3.4594,0.1767,2.6892,3.816,0.8526,0,Act1
0.6476,41.2698,3.1746,4.7619,2.3767,7.6398,5.491,1.2373,0.161,1.324,0.6533,1.5095,-0.0409,-0.0623,0.0484,0.1031,-0.0873,-0.0786,1.064,0.9423,1.0886,1.1492,0.9765,1.0853,3.8534,3.9609,2.0697,1.7564,136.6118,136.6118,40.4425,61.2897,18.0108,116.9092,0.1035,0.5968,0.1132,3.4571,0.1015,2.7001,-0.1167,19,13.192,14.6693,3.9069,0.1394,3.9557,4.0344,0.8077,1,Act1
0.6858,38.0,6.0,6.0,1.7449,7.9105,5.7917,1.3244,0.2417,1.2395,0.5586,1.5166,0.1444,-0.1949,0.0103,-0.0075,-0.1576,-0.0188,0.8338,0.7761,0.8781,1.0612,0.9961,1.1465,3.9059,3.876,2.1047,1.5564,141.221,104.1359,53.9077,84.6377,18.0108,121.1701,0.1564,0.5828,0.1629,3.7328,0.3216,1.7631,-0.2569,12,8.4189,9.205,4.0,0.2847,4.0398,3.6996,0.7316,1,Act1
0.6619,38.0,6.0,8.0,1.7449,7.9722,5.7917,1.3244,0.2417,1.2395,0.5586,1.5054,0.174,-0.2402,-0.0292,0.0196,-0.2313,-0.0688,0.9247,0.8382,0.93,1.1355,1.0394,1.1858,3.74,3.9075,2.1052,1.549,118.1242,112.3167,26.7204,94.145,18.0108,107.5806,0.1664,0.5491,0.1629,3.7328,0.1197,1.2197,-0.4421,11,9.5733,8.9405,4.0,0.2577,3.4445,3.705,0.7575,1,Act1
0.6528,41.5385,4.6154,6.1538,1.9592,7.8905,5.9716,1.3583,0.1788,1.2759,0.594,1.4912,0.0886,-0.0584,0.0551,-0.0967,-0.1391,-0.1011,0.92,0.9861,1.0179,1.0682,0.9557,0.9233,3.7732,3.9257,2.1143,1.6841,159.5289,159.5289,54.9801,102.5427,18.0108,143.8286,0.1568,0.5461,0.1013,3.8544,-0.2282,3.6756,-0.3013,16,12.5009,11.7677,4.3219,0.1765,4.0855,4.3568,0.5179,1,Act1
0.6499,41.1765,4.4118,5.8824,1.9444,7.8657,5.9824,1.3609,0.1761,1.2841,0.602,1.5012,0.1191,-0.0379,-0.0411,-0.0918,-0.1968,-0.1227,1.0707,1.0114,0.9642,1.0479,0.9803,0.9143,3.7733,3.94,2.1145,1.6401,167.9253,167.9253,54.5512,102.5427,0.0,143.8286,0.1497,0.55,0.0999,3.8774,-0.1638,3.4816,-0.1837,16,12.8671,12.6826,4.3219,0.1537,4.3683,4.2904,0.4378,1,Act1
0.6504,37.7358,7.5472,1.8868,1.7988,7.5363,5.3209,1.1863,0.1837,1.3225,0.5838,1.4542,0.009,0.0669,0.0608,0.0339,-0.1158,-0.1079,0.7926,0.8254,1.08,1.2476,0.9173,0.9355,3.7985,3.9433,2.0738,1.7518,113.9736,74.8249,36.9199,80.9566,18.0108,113.5191,0.1094,0.5951,0.1306,3.4025,0.6435,1.4027,-0.1743,14,9.0103,12.962,3.1699,0.1438,4.5881,3.8348,0.8601,0,Act1
0.6566,40.7407,7.4074,7.4074,2.0578,7.8167,5.749,1.2995,0.1744,1.3322,0.6278,1.5434,0.0573,-0.052,-0.0169,0.0098,-0.1796,-0.1622,1.1218,1.1065,0.9281,1.0519,1.053,0.9335,3.8282,3.9463,2.0554,1.7597,134.5941,134.5941,37.018,88.9526,18.0108,148.9232,0.1658,0.5429,0.1148,3.7837,0.2742,2.7002,-0.2974,12,9.8286,10.6662,4.0,0.219,2.908,4.0927,0.74,1,Act1
0.6592,41.5094,7.5472,5.6604,2.1289,7.95,5.7042,1.2945,0.1707,1.32,0.6318,1.5268,0.0392,0.0605,0.0583,-0.0973,-0.1202,0.0591,1.0612,0.918,1.0276,1.0596,0.9585,0.8983,3.8327,3.9515,2.0513,1.7764,130.1232,130.1232,43.4302,92.9129,18.0108,152.8008,0.1782,0.5338,0.115,3.6337,0.253,1.8008,-0.3149,13,10.7971,11.7049,4.0,0.1954,3.2988,4.1419,0.7906,1,Act1
0.6434,38.2979,8.5106,6.383,1.7728,7.78,5.3342,1.206,0.1919,1.3415,0.6175,1.5129,0.027,-0.0886,-0.0904,0.0364,-0.1751,-0.1047,1.1659,1.0312,1.0856,1.1937,0.9542,0.8998,3.81,3.9562,2.028,1.3497,82.4462,82.4462,33.6581,77.9527,18.0108,107.6583,0.1508,0.5421,0.1373,3.4291,0.6681,1.4205,-0.2585,10,8.9958,9.782,3.3219,0.2343,2.2444,4.0001,0.8489,0,Act1
0.6731,43.4783,8.6957,4.3478,1.9698,7.9753,5.633,1.3014,0.1754,1.3299,0.6298,1.5632,0.006,-0.1466,0.0813,-0.0798,-0.0904,-0.0173,1.0991,0.8373,1.0862,1.0855,0.9652,0.8188,3.8277,3.9477,2.0539,1.7615,120.9384,120.9384,35.6522,81.913,18.0108,157.0336,0.1831,0.5423,0.1262,3.7158,0.287,0.8366,-0.3478,13,8.3045,10.9393,4.0,0.1937,3.3756,3.5751,0.8929,1,Act1
0.6648,42.0,8.0,6.0,2.0816,7.7976,5.6569,1.3003,0.1714,1.3408,0.6423,1.5595,0.0262,-0.1214,0.0531,-0.1042,-0.1425,-0.028,1.1232,0.8919,1.0009,1.1071,1.1349,0.9506,3.8289,3.9461,2.054,1.7616,127.9439,127.9439,31.7746,77.9527,18.0108,153.1561,0.1584,0.5574,0.1222,3.7159,0.4647,2.1168,-0.2611,13,10.203,10.9393,4.0,0.212,3.0421,3.6133,0.8372,1,Act1
0.6651,38.8889,7.4074,7.4074,2.2259,8.3939,5.8322,1.2964,0.1682,1.2741,0.672,1.5162,0.1393,-0.0244,-0.0631,-0.065,-0.1153,-0.1369,1.2762,0.9833,0.8816,0.7729,0.9837,0.7105,3.8419,3.975,2.0505,1.7689,129.2973,123.0733,28.6207,143.9305,18.0108,143.6248,0.2542,0.482,0.1314,3.7872,0.0149,-0.2242,-0.4221,12,9.0913,9.5878,4.0,0.214,3.3909,4.3184,0.6169,1,Act1
0.6566,35.8491,9.434,9.434,2.1667,7.9806,5.6314,1.274,0.1762,1.2884,0.6536,1.4999,0.1951,-0.2281,0.0706,0.0218,-0.1939,0.0222,1.508,0.6624,0.8955,1.1071,1.2001,1.0044,3.8382,3.9698,2.0269,1.6576,106.3032,100.0791,33.6407,128.3809,18.0108,140.0705,0.1969,0.5166,0.1445,3.7872,0.2279,2.1006,-0.3325,9,10.7657,7.4979,3.9069,0.2983,1.7798,4.4948,0.5482,1,Act1
0.6434,38.2979,8.5106,6.383,1.9232,7.78,5.3147,1.206,0.1821,1.3419,0.6514,1.5127,0.027,-0.1276,-0.0372,-0.1857,-0.1751,0.0579,1.2042,0.9722,1.0856,1.1937,1.1019,0.8833,3.8103,3.9583,2.0281,1.3648,82.4462,82.4462,33.6581,77.9527,18.0108,107.6583,0.1508,0.5421,0.1371,3.4211,0.7701,1.4397,-0.2392,10,8.5033,8.8514,3.3219,0.2343,2.1994,3.6467,0.8489,0,Act1
0.6592,41.5094,7.5472,5.6604,2.2844,7.95,5.6908,1.2945,0.1606,1.3203,0.6713,1.5266,0.0392,0.0299,0.1058,-0.1327,-0.1202,0.0274,1.0933,0.9315,1.0276,1.0596,1.0572,0.8664,3.8333,3.9527,2.051,1.7783,130.1232,130.1232,43.4302,92.9129,18.0108,152.8008,0.1782,0.5338,0.1148,3.6335,0.3785,1.858,-0.2871,13,10.5661,11.344,4.0,0.1954,3.2538,3.7914,0.7906,1,Act1
0.6286,36.8421,7.0175,3.5088,1.8957,7.5123,5.3533,1.187,0.1791,1.334,0.5979,1.4638,0.0021,0.0482,0.034,-0.0062,-0.1557,-0.0811,0.9277,1.0216,1.1154,1.2004,0.9652,0.9476,3.7928,3.9448,2.0739,1.7519,87.4508,87.4508,38.6628,52.8078,18.0108,115.2619,0.1004,0.5794,0.1262,3.4194,0.6562,1.5337,-0.1671,13,10.9157,11.4409,3.1699,0.1704,3.8889,3.88,0.8534,0,Act1
0.6586,40.3846,9.6154,5.7692,2.0071,7.8046,5.6463,1.2942,0.1745,1.3268,0.6211,1.5353,0.0305,0.0593,0.0267,-0.0801,-0.2023,0.0025,1.0687,0.9946,1.0327,1.1748,1.0132,0.9333,3.7891,3.9362,2.0474,1.7624,120.1445,120.1445,33.8803,94.7383,18.0108,159.6077,0.1626,0.5488,0.1186,3.4931,0.3691,2.1397,-0.2897,11,11.4016,12.925,4.0,0.2366,2.2939,4.1769,0.75,1,Act1
0.6566,40.7407,7.4074,7.4074,1.9778,7.8167,5.7561,1.3016,0.1774,1.3319,0.6139,1.5432,0.0573,-0.0298,-0.0039,-0.1052,-0.1796,-0.0317,1.0885,1.0445,0.9281,1.0519,1.0533,1.018,3.8282,3.9464,2.0555,1.7596,134.5941,134.5941,37.018,88.9526,18.0108,148.9232,0.1658,0.5429,0.1149,3.7863,0.2508,2.6057,-0.2996,12,10.7636,11.7005,4.0,0.219,2.908,4.0154,0.74,1,Act1
0.6586,40.3846,9.6154,5.7692,2.0071,7.8046,5.6463,1.2942,0.1745,1.3268,0.6211,1.5402,0.0281,-0.0011,0.0644,-0.1033,-0.1699,0.0084,1.0714,0.9595,1.0297,1.1159,1.046,0.8706,3.8171,3.9395,2.0454,1.777,127.0862,127.0862,30.917,77.9527,36.0215,152.7272,0.1626,0.5488,0.1184,3.4931,0.1638,2.1338,-0.2953,12,10.9544,10.4063,4.0,0.2344,3.073,3.9098,0.7841,1,Act1
0.6651,38.8889,7.4074,7.4074,2.0441,8.3939,5.8468,1.2964,0.1796,1.2739,0.6309,1.5164,0.1393,-0.0048,-0.1465,0.0396,-0.1153,-0.1744,1.2248,0.9829,0.8816,0.7729,0.9144,0.688,3.8409,3.9726,2.0505,1.7667,129.2973,123.0733,28.6207,143.9305,18.0108,143.6248,0.2542,0.482,0.1314,3.7874,-0.1595,-0.3261,-0.4787,12,9.4209,10.1096,4.0,0.214,3.4359,4.6773,0.6169,1,Act1
0.6604,41.5094,7.5472,5.6604,1.9405,7.7759,5.7273,1.3001,0.1785,1.3206,0.616,1.5347,0.0785,-0.0312,0.0322,-0.1217,-0.1379,-0.0319,1.0802,1.0324,0.9597,1.0706,1.0159,1.0239,3.8356,3.9557,2.0594,1.7659,130.4784,130.4784,34.9602,77.9527,18.0108,146.8654,0.1492,0.562,0.1184,3.7805,0.3528,3.1991,-0.285,14,11.6261,12.6774,4.0,0.2044,3.4249,4.2655,0.8212,1,Act1
0.6635,42.0,8.0,6.0,1.9144,7.9828,5.715,1.3051,0.1821,1.321,0.6019,1.5444,0.0425,-0.0786,-0.0054,-0.0276,-0.1238,-0.0977,1.0613,0.9631,1.0018,1.0439,0.9498,1.0156,3.8279,3.9488,2.0548,1.758,127.5887,127.5887,40.8956,92.9129,18.0108,152.8008,0.1891,0.5288,0.1185,3.7871,-0.1627,0.8359,-0.3447,12,10.3829,11.5982,4.0,0.2023,3.2386,4.0452,0.8187,1,Act1
0.6752,45.283,5.6604,1.8868,1.7455,7.6782,6.0561,1.3903,0.1715,1.3398,0.4928,1.5359,-0.0141,0.0396,0.0366,0.0877,-0.0755,-0.1408,1.111,0.9552,1.0543,1.0741,0.8862,0.9816,3.8461,3.9556,2.0557,1.7068,118.7844,118.7844,42.9744,91.2145,42.6833,153.374,0.1302,0.591,0.1017,3.62,0.0,6.601,0.0,16,8.9415,10.3583,4.2479,0.1264,4.5302,3.9491,0.7309,1,Act1
0.6463,40.678,5.0847,1.6949,1.6684,7.381,5.859,1.2846,0.1768,1.3536,0.4775,1.4868,-0.0333,0.068,0.0832,0.0392,-0.0921,-0.1198,1.0486,0.9148,1.1418,1.2276,0.9551,1.1512,3.7843,3.9489,2.056,1.7068,81.2455,81.2455,43.3405,76.2544,42.6833,115.8351,0.0758,0.6275,0.1048,3.5765,0.0,6.1716,0.0,17,9.9466,11.259,3.7004,0.1304,4.6974,3.7762,0.8542,1,Act1
0.671,40.5797,5.7971,8.6957,1.7291,7.9295,6.4313,1.4996,0.1681,1.2775,0.51,1.5315,0.1654,-0.1164,-0.0802,-0.0456,-0.0535,-0.0053,1.0584,0.9891,0.8252,0.9551,1.0736,1.0401,4.0008,4.0871,2.0971,1.8558,164.7475,158.94,36.724,167.3445,42.6833,169.766,0.1767,0.5459,0.1105,4.6139,-0.9602,4.1689,-0.9602,17,11.5006,11.0946,4.7004,0.2401,3.7854,4.7235,0.2721,1,Act1
0.6756,39.2857,10.7143,5.3571,1.8108,7.9975,6.1385,1.5109,0.1848,1.2758,0.6197,1.5071,0.1976,-0.0462,-0.1155,0.0807,0.0436,-0.1636,1.612,1.032,0.9363,1.0961,1.1056,1.0135,3.8841,3.9962,2.0503,1.6315,153.6655,122.3878,62.1427,211.1209,118.2639,195.741,0.2024,0.5318,0.1048,4.1123,0.0,3.6876,0.0,10,11.2899,11.4827,4.5236,0.3409,2.4224,4.7893,0.2893,1,Act1
0.6257,38.2979,0.0,10.6383,0.9792,8.0435,5.263,1.2648,0.3097,1.2084,0.3664,1.4075,0.0186,-0.1338,0.0318,-0.0656,0.0804,-0.1344,0.8164,0.9417,1.2575,1.2673,1.044,1.0422,3.6688,3.8394,2.0338,1.6201,75.4999,75.4999,28.7697,164.1948,128.05,77.6745,0.14,0.5351,0.1554,3.0275,-0.6044,0.1046,-0.6044,13,7.5637,7.6053,3.1699,0.2715,3.2761,4.2013,0.6785,0,Act1
0.6366,40.0,1.3333,6.6667,1.5093,7.8333,5.6575,1.2026,0.2423,1.2437,0.3618,1.4422,0.0886,-0.029,-0.0322,-0.0743,0.0513,-0.0682,0.9301,1.2419,1.1079,1.1432,1.0881,0.9681,3.8325,3.9229,2.0738,1.7996,162.2247,162.2247,25.8707,162.4233,103.3774,119.4418,0.1073,0.5798,0.1096,3.4532,-0.0844,1.0869,-0.5192,24,9.232,11.1024,3.585,0.1942,3.5858,5.6709,0.5351,0,Act1
0.6646,41.8182,9.0909,3.6364,2.1778,7.6556,5.8491,1.4123,0.1646,1.3245,0.6233,1.5443,0.0499,-0.1049,0.0686,-0.0906,-0.3004,0.1449,1.1554,0.9151,0.8797,0.9712,1.0729,1.2845,3.8361,3.9557,2.0741,1.7303,145.7677,145.7677,31.7258,69.7159,18.0108,161.1745,0.1396,0.5774,0.112,3.787,0.0714,4.8218,0.0714,12,13.0663,11.7498,4.3219,0.1749,3.7125,3.7373,0.6825,1,Act1
0.6678,42.3077,9.6154,3.8462,2.1778,7.8556,5.8491,1.4123,0.1646,1.3245,0.6233,1.5533,0.0135,-0.1451,0.0326,0.0146,-0.261,0.0017,1.1782,0.9545,0.9174,0.9688,0.9692,1.0132,3.83,3.9489,2.0721,1.7263,142.878,142.878,37.6612,84.676,18.0108,167.1099,0.1773,0.544,0.112,3.787,-0.0952,2.9466,-0.0952,10,11.7092,10.6051,4.3219,0.1732,3.5268,3.5395,0.6805,1,Act1
0.6591,38.0,10.0,2.0,1.9231,7.6998,5.4675,1.323,0.209,1.2718,0.6492,1.469,0.1215,-0.1572,-0.1282,-0.0383,-0.3508,0.2934,1.0592,0.786,0.8309,1.0197,0.7123,1.1592,3.7304,3.9174,2.0673,1.682,145.6647,106.5161,23.6118,97.8646,18.0108,115.1555,0.1365,0.5795,0.1434,3.6663,0.1872,2.7941,0.1872,10,10.1449,9.5306,3.8074,0.1641,3.8708,3.3641,0.8848,1,Act1
0.6855,42.3077,9.6154,3.8462,2.1289,7.7259,5.8383,1.4173,0.1675,1.3249,0.6094,1.5497,0.0215,-0.1162,0.0611,0.0536,-0.3114,0.0635,1.0976,0.6341,0.8323,0.9938,1.0759,1.2209,3.8345,3.9449,2.0699,1.727,176.4062,137.2575,32.0408,108.8645,18.0108,161.4895,0.169,0.5702,0.113,3.8532,-0.0484,3.8873,-0.0484,11,12.0423,11.1853,4.3219,0.1665,3.8869,3.5237,0.6582,1,Act1
0.7101,48.8889,8.8889,6.6667,1.0987,7.8994,6.3881,1.3875,0.2106,1.3483,0.3006,1.6266,0.0618,-0.0552,0.03,-0.1101,-0.1229,-0.0461,1.0366,1.3324,0.8117,0.9801,1.1384,1.0603,3.8929,4.024,2.0236,1.6712,133.4457,133.4457,30.7157,75.4348,34.7963,166.0943,0.1938,0.562,0.1262,4.1409,-1.7621,2.7965,-0.8198,13,7.4187,7.8172,4.3923,0.2312,1.8844,4.8705,0.5659,1,Act1
0.7208,47.7273,6.8182,4.5455,1.7067,8.3778,6.3819,1.5168,0.1971,1.2793,0.5365,1.6117,0.0064,0.0287,-0.1558,-0.1287,-0.0562,0.0317,1.1768,1.0068,0.9025,0.7218,0.9756,0.7,3.9847,4.0138,2.151,1.7293,154.053,148.2456,18.5813,122.7644,16.405,174.0571,0.274,0.5141,0.1421,4.5525,0.0,0.2543,0.0,14,8.9062,10.7775,4.7004,0.1871,4.0615,3.8115,0.4966,1,Act1
0.6809,41.1765,5.8824,9.8039,2.0541,8.1371,5.8816,1.4328,0.159,1.2847,0.6561,1.5442,-0.0527,0.0728,0.0207,0.106,-0.1122,-0.1037,1.0238,1.0573,1.1415,1.0691,0.7748,0.8694,3.9122,4.0148,2.0579,1.7951,127.7818,121.7358,47.0057,141.5341,0.0,158.9001,0.2264,0.5152,0.1508,4.1943,-0.2616,2.8777,-0.2616,10,12.1569,9.4914,4.3923,0.2491,2.5755,4.11,0.5019,1,Act1
0.699,45.7143,14.2857,2.8571,1.5388,8.0181,5.9444,1.4044,0.2337,1.3134,0.4697,1.5939,0.0616,-0.2065,-0.0677,-0.1143,-0.0198,0.0178,0.9642,1.0548,0.8302,0.9389,1.0882,0.9623,3.7142,3.9345,2.0249,1.3887,102.3395,102.3395,29.3247,90.3391,34.6738,178.4221,0.2277,0.5315,0.1578,3.8925,-0.2585,2.5248,-0.2585,8,6.7248,4.6427,4.2479,0.2701,1.6122,4.677,0.7492,1,Act1
0.6691,43.4783,6.5217,4.3478,1.488,7.74,5.6095,1.3177,0.1973,1.3456,0.5986,1.5507,-0.0568,-0.2671,-0.0092,0.1479,-0.124,-0.1741,1.0068,0.9663,1.1361,1.2758,1.0059,0.9732,3.7827,3.9655,2.0543,1.5841,106.1622,106.1622,30.781,67.0754,18.0108,116.6627,0.1319,0.5865,0.1384,3.5396,-0.0829,2.3477,-0.0776,13,8.3635,11.4827,3.9069,0.1857,2.4173,3.7985,0.9411,1,Act1
0.6604,40.3846,11.5385,1.9231,1.9592,7.5774,5.9932,1.376,0.151,1.3443,0.572,1.5413,0.0435,-0.1826,0.0885,-0.1161,-0.0682,-0.0735,1.1221,1.0028,1.1242,1.2671,1.0743,1.0358,3.8792,3.9904,2.0978,1.6837,97.4792,97.4792,31.7965,75.1339,18.0108,138.2266,0.1289,0.5813,0.1125,3.9177,0.0228,3.7109,0.0228,14,11.635,13.895,4.1699,0.2003,3.4588,4.0184,0.7177,1,Act1
0.7036,41.4634,12.1951,7.3171,2.0769,7.9391,6.1052,1.4928,0.189,1.2992,0.5558,1.5944,-0.0725,0.0515,0.0651,-0.1136,-0.1508,-0.0931,1.0469,0.9124,1.0384,0.9083,1.1313,0.9996,3.8827,4.003,2.1096,1.5541,118.5901,112.5442,19.0908,103.9318,18.0108,164.1535,0.2206,0.5417,0.1786,4.5921,0.0,3.1957,0.0,8,8.7792,7.0392,4.585,0.2998,2.3194,4.3528,0.4929,1,Act1
0.6759,39.6552,10.3448,3.4483,1.4609,7.7214,6.444,1.4731,0.1872,1.2876,0.4871,1.5473,0.1595,0.0197,0.0023,-0.0818,-0.234,-0.0953,0.9529,1.1841,0.812,1.0475,1.059,1.084,3.9715,4.0541,2.0578,1.7135,139.8947,134.0873,25.1206,77.7615,16.405,139.8926,0.1476,0.5789,0.1302,4.6664,0.0,5.0002,0.0,12,9.6197,9.4948,4.585,0.2073,3.3513,4.297,0.4527,1,Act1
0.6779,40.8163,10.2041,6.1224,1.9834,8.2213,5.9138,1.357,0.1741,1.2747,0.6801,1.5093,0.1471,-0.1035,-0.0533,0.0757,-0.0855,0.0413,0.6928,0.92,1.0442,0.913,0.8049,0.9558,3.8111,3.9356,2.0419,1.506,149.2045,110.0559,30.9066,181.3456,77.3571,154.3901,0.2578,0.4941,0.1309,3.6795,-0.4328,2.5272,-0.4328,10,11.6674,11.3037,4.2479,0.2298,3.115,4.5517,0.5253,1,Act1
0.6354,39.2857,3.5714,3.5714,2.0888,7.5673,5.3172,1.196,0.169,1.2823,0.6413,1.4315,-0.0273,-0.1016,-0.1832,0.0942,0.0578,-0.1061,0.7968,0.7885,1.0299,1.0185,0.826,0.7741,3.8908,3.9759,2.1832,1.5332,95.7483,95.7483,30.4944,67.9506,57.2784,59.4833,0.0829,0.6071,0.1312,3.4562,-0.5098,2.2658,-0.5098,18,10.5656,10.3916,3.1699,0.1483,3.6705,4.4228,0.6384,0,Act1
