LOGPcons,MACCSFP125,PCR,Psi_e_A,P_VSA_ppp_D,Mp,SpMin1_Bh(p),SHED_AL,SM12_AEA(ri),P_VSA_s_3,MATS5m,Actividad
4.8347,1,1.5385,7.5345,18.0108,0.6771,2.0792,11.9866,3.9029,22.2606,-0.0681,Act1
6.1425,0,1.1563,7.4397,85.3667,0.6118,2.0637,12.6711,3.5623,34.902,-0.0493,Act1
4.9651,0,1.1828,7.5611,128.05,0.6097,2.0634,12.7355,3.3275,26.6474,-0.0229,Act-1
3.8784,0,1.1546,7.6389,128.05,0.6084,2.0599,11.7609,3.5623,34.4254,-0.0246,Act-1
-7.2543,1,1.1107,8.3892,735.3297,0.6162,2.0389,6.8846,3.4932,188.2536,0.0432,Act-1
-2.2527,0,1.2483,8.6786,85.3667,0.6252,2.0328,4.5488,3.0433,12.4348,0.0142,Act-1
-1.4625,0,1.2536,8.1515,85.3667,0.6131,2.0236,2.971,2.8487,5.2913,0.0125,Act-1
-0.3646,1,1.3874,7.4583,16.7855,0.648,2.0224,0.0,2.7665,12.5429,-0.2275,Act-1
1.6982,0,1.2483,7.918,42.6833,0.6364,2.0364,9.543,2.9935,24.7704,0.0278,Act-1
1.6402,1,1.3725,8.0294,0.0,0.9014,1.9936,6.4474,3.7647,2.2438,-0.7114,Act1
2.901,1,1.3873,8.0625,0.0,0.7708,2.0033,6.4474,3.7429,62.6073,-0.6063,Act1
1.0608,1,1.4494,7.9091,16.7855,0.708,2.1507,4.7107,2.9813,9.4839,0.122,Act-1
2.6525,1,1.4262,7.8077,0.0,0.7219,2.0476,4.6955,3.1701,11.1379,-0.1714,Act-1
1.9037,0,1.1569,8.4943,121.3882,0.6718,1.9778,13.4788,3.7279,38.3165,0.083,Act-1
2.9268,0,1.1932,7.6574,93.5913,0.6951,2.0468,4.5858,2.7675,24.2964,0.0008,Act-1
1.5714,1,1.4087,7.6225,36.0215,0.7283,2.0967,3.7091,3.3263,16.2106,-0.0542,Act-1
5.025,1,1.458,7.8864,42.6833,0.7764,2.0132,7.4023,4.0894,33.0074,-0.036,Act-1
4.8115,0,1.0654,7.381,42.6833,0.635,2.137,7.2618,3.394,25.9964,-0.0143,Act-1
3.98,0,1.1217,7.6377,42.6833,0.6491,2.1327,9.0153,3.499,26.0608,-0.0985,Act-1
4.296,0,1.0861,7.5903,85.489,0.6335,2.1362,10.0659,3.5384,28.7531,-0.0727,Act1
4.3047,0,1.0829,7.6389,42.6833,0.6456,2.1343,8.9985,3.5351,31.7809,-0.0825,Act1
3.8315,0,1.0789,7.6212,42.6833,0.6418,2.1348,8.7841,3.4982,28.5953,0.0026,Act-1
4.1879,0,1.0767,7.5942,42.6833,0.6386,2.1365,9.0153,3.4984,31.1298,-0.0843,Act1
3.9093,0,1.1869,7.6667,42.6833,0.6605,2.1183,9.0153,3.847,32.4319,-0.111,Act1
5.2825,0,1.0708,7.4203,42.6833,0.6392,2.1364,7.3335,3.4623,29.1819,-0.0854,Act-1
4.1593,0,1.1804,7.6364,85.3667,0.6532,2.1335,8.7841,3.9112,21.5783,0.0063,Act1
4.4183,0,1.1783,7.5217,42.6833,0.6491,2.1343,8.7841,3.9147,26.8218,0.0075,Act1
5.6074,0,1.1666,7.4198,42.6833,0.6456,2.1347,9.9794,3.9156,36.9599,-0.0295,Act1
3.8039,0,1.077,7.6136,42.6833,0.6418,2.1332,8.7841,3.7055,34.3154,0.0101,Act1
4.6611,0,1.0753,7.7024,0.0,0.6333,2.1379,11.3492,3.4419,37.8445,-0.0507,Act-1
4.2574,0,1.079,7.6933,0.0,0.6419,2.135,9.5666,3.5002,35.7866,-0.0392,Act1
2.9872,0,1.276,8.3565,42.6833,0.6609,2.0121,5.681,3.4235,17.0069,0.0562,Act-1
1.9326,0,1.1445,8.3179,42.6833,0.6733,1.8844,2.7495,1.7015,2.5345,0.0011,Act-1
1.7726,1,1.4442,8.281,169.1718,0.6621,2.1193,12.1761,3.8017,33.8769,-0.0452,Act1
2.5313,0,1.2813,7.5972,0.0,0.663,2.0121,3.7467,2.4437,7.397,-0.2952,Act-1
2.6812,0,1.2599,7.5128,18.0108,0.6759,1.9742,0.0,2.421,13.5459,-0.0187,Act1
2.9554,0,1.2748,7.8532,18.0108,0.8001,1.9461,3.0,3.0587,11.4043,0.1121,Act-1
2.7116,1,1.4706,7.9369,18.0108,0.7388,2.0755,7.0079,3.6704,20.2965,-0.0752,Act1
2.0322,1,1.4757,7.873,18.0108,0.7128,2.0766,6.6636,3.5669,17.2247,-0.1368,Act1
5.0573,1,1.3567,7.3512,0.0,0.677,2.092,8.0125,3.5089,20.0852,-0.0007,Act1
-0.2549,0,1.0496,7.2278,195.4072,0.5955,1.9735,10.6874,2.9021,42.1132,0.021,Act1
5.1996,1,1.3556,7.7593,0.0,0.7352,2.0043,9.819,3.69,36.1158,0.0207,Act1
2.9509,1,1.3372,7.9653,65.7944,0.644,2.0187,14.2707,3.8883,117.5092,-0.0598,Act1
4.1498,1,1.3444,7.9259,65.7944,0.6772,2.0195,14.9272,3.8883,123.8803,-0.0783,Act1
3.3659,0,1.1513,7.8476,85.3667,0.6264,2.0287,10.8445,3.7108,63.1471,0.0679,Act1
-0.1578,0,1.3101,8.5111,60.5716,0.6527,1.985,5.8419,3.3694,11.5568,0.2078,Act-1
1.0788,0,1.0609,7.8816,121.6328,0.5759,2.0098,8.2201,3.1587,9.7249,0.0749,Act-1
2.2489,0,1.2661,9.057,60.6941,0.6621,2.0184,5.681,3.7652,13.8325,-0.4456,Act1
6.5501,1,1.623,8.0812,718.818,0.6353,2.1346,14.8925,3.6397,62.1895,0.0419,Act-1
2.7171,0,1.2236,7.6898,0.0,0.6449,1.9471,4.9209,3.6329,27.7426,-0.1545,Act1
2.3318,0,1.1158,7.9704,128.05,0.6257,1.9503,7.7381,3.8061,24.4161,-0.099,Act1
3.0072,0,1.2681,7.7333,0.0,0.6422,2.0339,4.4313,3.0776,12.7527,-0.3116,Act-1
2.8541,0,1.0317,7.9922,114.7263,0.5948,2.0522,18.1626,3.4531,69.064,-0.0465,Act-1
1.2367,0,1.2399,8.5833,42.6833,0.6222,1.8538,5.0,2.1783,0.9099,0.0117,Act-1
0.7414,0,1.2096,8.2593,136.2746,0.6745,2.062,11.4956,3.7061,52.5663,0.0567,Act-1
4.3818,0,1.2067,8.5633,0.0,0.6278,2.0214,8.9384,3.8727,59.2313,-0.1208,Act1
2.8949,0,1.1651,7.49,0.0,0.6482,2.1532,5.5347,3.4878,25.5997,-0.0508,Act1
1.7651,0,1.1951,7.6898,50.9079,0.6544,2.1315,6.4474,3.3429,22.0872,-0.3005,Act-1
1.5135,0,1.2653,7.5641,36.0215,0.6281,2.0077,3.7798,3.0232,7.1904,0.0438,Act-1
0.2791,0,1.2291,8.5573,178.7129,0.6133,2.0275,5.0491,3.5602,6.63,0.1107,Act-1
1.6122,1,1.4044,8.0181,34.6738,0.699,2.0249,6.7248,3.8925,29.3247,-0.2065,Act1
3.8867,1,1.4583,7.9949,136.2746,0.6751,2.0914,14.6472,4.0339,57.4086,0.158,Act1
4.3867,0,1.0549,7.325,0.0,0.6274,2.1504,7.8622,3.5011,25.4097,0.0356,Act-1
3.2334,1,1.3426,7.3382,18.0108,0.698,2.0544,0.0,3.6812,15.2768,-0.1718,Act1
3.0393,0,1.1797,8.0139,39.0961,0.6586,2.133,9.6071,3.7614,31.9552,0.0762,Act1
5.4305,0,1.112,7.7523,0.0,0.6352,2.1978,10.1118,3.9475,41.5712,-0.05,Act1
1.6389,0,1.0621,7.9679,128.05,0.6195,2.1447,8.3222,3.8259,33.7288,0.0213,Act1
3.242,0,1.1817,7.4954,75.5805,0.6301,2.1384,6.7432,3.236,21.5783,-0.0463,Act-1
3.014,1,1.3177,8.4962,36.0215,0.6541,2.0291,11.7393,3.8998,52.2903,0.1304,Act1
4.1194,1,1.4376,8.5332,36.0215,0.6507,2.0986,7.5746,4.1185,45.7754,0.1908,Act1
4.339,1,1.4054,7.6543,93.5913,0.6806,2.0049,9.097,3.5474,75.2002,0.0365,Act1
1.8624,1,1.594,7.6282,0.0,0.6911,2.1014,7.7667,4.3661,14.2738,0.0345,Act1
2.6434,1,1.3202,8.3967,42.6833,0.6632,2.0679,6.2702,3.8111,35.4111,-0.0597,Act1
2.3659,1,1.4208,8.0635,34.6738,0.6971,1.9822,13.0373,3.9315,30.0858,-0.1263,Act1
-1.8572,0,1.0647,8.3684,36.0215,0.6117,2.0435,3.7798,3.1274,29.3471,-0.0978,Act-1
1.3023,1,1.3272,7.6875,77.4796,0.6498,2.1227,9.0899,3.5328,23.6187,-0.0248,Act-1
3.72,1,1.2419,7.9655,42.6833,0.7018,1.9772,10.6733,3.472,83.8285,-0.0739,Act1
1.077,0,1.2496,7.8939,75.5805,0.6262,2.0158,3.586,2.5058,3.1856,-0.1261,Act1
-1.8682,0,1.048,9.1667,118.2639,0.5538,1.8957,1.8899,1.9705,0.9099,-0.1354,Act-1
-1.2147,0,1.0861,8.3488,151.0739,0.6404,2.0166,8.7289,4.0368,48.8875,-0.0965,Act-1
-0.3326,0,1.0972,8.325,135.0494,0.6436,2.0103,4.6066,3.2816,47.6815,-0.1512,Act-1
2.2121,0,1.0865,7.9268,42.6833,0.6515,2.0171,11.8857,3.5052,102.394,-0.0507,Act-1
6.1342,0,1.1776,8.6622,0.0,0.6227,2.0856,10.6677,3.5353,35.1024,0.0924,Act-1
1.9036,0,1.2993,8.0946,188.7441,0.6298,2.0853,15.0644,3.8173,61.5848,0.0767,Act1
0.0711,0,1.2553,8.0981,104.9402,0.6222,2.1002,16.5103,4.1074,116.623,-0.1519,Act1
3.8666,0,1.0243,7.7991,93.5913,0.615,2.1228,11.1356,3.4655,64.9271,0.0416,Act1
5.303,1,1.1633,7.875,0.0,0.614,2.0644,16.4481,3.6998,101.4681,0.0156,Act-1
2.2894,0,1.0378,7.878,85.3667,0.6209,2.1624,12.7107,3.6913,44.9714,0.0245,Act1
1.8481,0,1.0336,7.8509,128.05,0.6195,2.1623,11.6942,3.6892,37.7801,0.003,Act-1
4.2468,0,1.0992,8.0376,42.6833,0.6362,2.1293,10.7536,3.7245,32.8398,-0.0991,Act1
1.7617,0,1.1004,8.3506,128.05,0.624,2.1411,8.0859,4.0198,21.0561,-0.076,Act-1
3.2614,0,1.0979,8.2452,85.3667,0.6207,2.1412,10.5468,4.0206,32.8398,-0.0724,Act1
4.2187,0,1.1468,7.9683,42.6833,0.6712,2.1286,9.8022,4.0403,39.0804,-0.0586,Act1
1.7974,0,1.1018,8.1726,128.05,0.6251,2.1405,8.096,4.0114,23.5907,-0.1047,Act-1
2.6651,0,1.1705,8.1019,85.3667,0.6449,2.1405,11.9518,4.0121,38.5599,-0.061,Act1
2.5776,0,1.1036,8.0525,85.3667,0.6282,2.1406,7.8246,3.7188,23.5907,-0.1524,Act1
2.6037,1,1.321,7.6553,36.0215,0.6439,2.0198,6.8578,3.7995,19.1238,-0.197,Act1
2.7343,0,1.0141,7.9568,42.6833,0.6054,2.106,9.2396,3.2099,23.3084,-0.0241,Act-1
3.9556,1,1.3992,7.9412,52.807,0.7364,2.0326,4.3645,4.2124,39.9632,0.0281,Act1
4.1361,0,1.1426,8.3063,42.6833,0.6571,2.1406,9.7479,4.0514,71.1161,-0.1356,Act1
1.4033,1,1.3147,7.8188,16.7855,0.6469,2.0813,7.7922,3.2179,20.6013,-0.0065,Act-1
0.985,0,1.2272,8.3889,60.6941,0.6534,2.0946,9.2753,3.8794,53.251,-0.0171,Act-1
2.9302,1,1.2493,7.6284,18.0108,0.6309,2.0744,12.7262,3.6313,50.0638,0.0596,Act1
4.7444,1,1.231,7.8817,42.6833,0.6586,2.123,10.5563,3.9369,33.2861,-0.1079,Act1
3.7854,1,1.4996,7.9295,42.6833,0.671,2.0971,11.5006,4.6139,36.724,-0.1164,Act1
2.3352,1,1.4153,7.7069,46.4181,0.6687,2.0801,7.1281,4.5125,31.246,0.1583,Act1
2.9557,1,1.3977,7.6176,42.6833,0.6422,2.1537,9.9087,3.9823,45.4676,-0.0156,Act1
2.3566,1,1.4661,7.5536,16.663,0.6699,2.1454,7.4464,3.9463,29.7913,0.0691,Act1
-6.6658,0,1.0757,8.3478,308.5719,0.5965,2.0392,12.5063,3.2888,55.7205,0.0968,Act-1
-5.3984,1,1.0925,8.3465,495.3401,0.6549,2.0342,16.9204,3.6247,282.4978,0.0983,Act-1
2.603,0,1.0976,7.8224,170.7334,0.6203,2.1489,14.2894,3.7718,33.8387,0.0367,Act1
-2.1574,1,1.2562,8.4767,426.8334,0.6259,2.0711,13.6691,3.9641,31.8273,0.0062,Act-1
-1.5253,0,1.0426,9.2465,0.0,0.6757,1.6252,1.7548,2.5616,0.0,-0.6822,Act-1
0.0925,0,1.363,8.1705,502.414,0.5993,2.0541,18.3448,3.1477,33.4465,-0.0682,Act-1
0.7936,1,1.2195,7.9603,128.05,0.6364,2.1059,10.0246,4.0602,53.5568,0.0326,Act-1
5.0192,1,1.319,8.9714,18.0108,0.6953,2.0239,9.979,3.7919,57.8675,-0.1747,Act1
0.5195,0,1.2382,8.5944,160.9472,0.6211,2.0243,5.0491,3.5201,6.63,0.058,Act-1
0.88,0,1.2417,8.4107,118.2639,0.6273,2.0241,5.2718,3.4496,6.63,0.1586,Act-1
2.6483,1,1.3062,8.9799,60.6941,0.6818,2.0351,8.6643,4.0989,25.404,0.0505,Act-1
-1.6575,0,1.1293,8.4769,160.9472,0.6018,1.9741,5.3288,3.3986,6.6037,0.0078,Act1
-1.5505,0,1.1499,8.6083,0.0,0.6648,1.994,4.8839,3.4926,16.0596,-0.0115,Act-1
2.8784,1,1.5087,7.7323,103.3774,0.6979,2.0807,7.0461,4.711,34.5844,0.0446,Act1
0.614,0,1.1018,8.3155,170.7334,0.6241,2.1405,7.9647,4.0114,23.5907,-0.0892,Act-1
1.6492,0,1.0605,8.1667,128.05,0.6184,2.1458,7.9999,3.9517,31.1943,-0.0588,Act-1
1.3917,0,1.1039,8.2006,128.05,0.6272,2.14,8.0542,3.9261,23.5907,-0.0354,Act1
1.4264,0,1.1054,8.0032,128.05,0.6284,2.1394,8.0531,3.8953,26.1252,-0.0407,Act1
2.0832,0,1.2035,8.25,85.3667,0.66,2.1394,13.9299,4.0306,42.6452,0.0687,Act-1
0.575,0,1.1052,8.313,85.3667,0.6487,2.1393,10.3079,3.8961,30.7176,0.0861,Act-1
1.5389,0,1.0619,7.9647,128.05,0.6195,2.1447,8.0531,3.835,31.1943,-0.0417,Act1
1.0799,0,1.0649,8.1944,85.3667,0.6242,2.1447,12.8537,3.8352,54.7617,0.0533,Act-1
0.686,0,1.0633,8.2796,85.3667,0.6396,2.1446,10.3079,3.8358,35.7866,0.0808,Act-1
1.6408,0,1.1058,8.1944,128.05,0.628,2.1394,12.8537,3.8956,43.8878,0.0554,Act-1
1.4063,0,1.1135,8.0545,85.3667,0.6379,2.1358,8.0531,3.9028,31.2587,-0.0262,Act-1
5.1619,0,1.0548,7.5806,42.6833,0.6218,2.1347,11.5009,3.632,50.9938,0.0172,Act1
6.0062,0,1.0541,7.4417,0.0,0.6227,2.135,11.2027,3.4678,53.5284,0.0495,Act-1
5.4531,0,1.1464,7.5361,0.0,0.6454,2.1349,11.2027,3.4684,44.0413,0.0488,Act-1
4.5984,0,1.1196,7.5891,0.0,0.6394,2.1349,11.6851,3.4823,46.3045,0.0614,Act1
2.7416,0,1.1615,7.7103,128.05,0.6333,2.1333,7.3277,3.6447,19.0438,0.0042,Act1
3.6855,0,1.1644,7.5292,85.3667,0.6374,2.1333,7.7426,3.6072,21.5783,0.0347,Act-1
5.9848,0,1.1479,7.4684,42.6833,0.6318,2.1336,10.7833,3.6243,43.9769,0.0341,Act1
3.7116,0,1.1781,7.5958,42.6833,0.6496,2.1328,7.7426,3.7405,26.7118,0.0195,Act1
4.936,0,1.1584,7.6715,42.6833,0.6545,2.1345,10.0508,3.61,43.4948,0.0874,Act1
2.6648,0,1.115,7.875,42.6833,0.6338,2.1392,9.5844,3.8248,35.31,0.1352,Act-1
2.7187,0,1.069,7.6771,85.3667,0.6327,2.1172,7.6388,3.6292,20.9273,0.0824,Act1
4.4483,0,1.0,7.1984,42.6833,0.6377,2.1367,7.2934,3.5271,52.4958,0.0115,Act-1
3.5911,0,1.0686,7.5079,42.6833,0.6238,2.146,7.7188,3.6964,28.5953,0.0327,Act-1
3.0541,0,1.0811,7.9633,0.0,0.6384,2.1471,9.4367,3.8552,28.5953,0.0544,Act1
5.7179,0,1.1439,7.5323,0.0,0.6428,2.1444,11.1248,3.607,44.0413,0.0671,Act-1
3.6601,0,1.0722,7.5714,0.0,0.6342,2.1437,7.7188,3.7148,33.7288,0.0389,Act1
4.0732,0,1.0572,7.4846,0.0,0.6453,2.1117,9.0426,3.9125,35.7866,-0.0274,Act1
5.9626,0,1.1702,8.473,36.0215,0.6342,2.1451,9.5076,3.7702,33.7444,0.0754,Act-1
3.2148,0,1.133,7.7101,42.6833,0.6469,2.124,8.7365,3.8085,37.501,0.0661,Act1
3.242,0,1.1817,7.4954,75.5805,0.6301,2.1384,6.7432,3.236,21.5783,-0.0463,Act1
1.9871,1,1.3155,7.8447,34.6738,0.6752,2.0238,5.7248,3.7912,39.7079,0.2059,Act1
4.5612,1,1.3233,8.93,36.0215,0.6462,2.0418,5.7649,3.5493,11.9546,-0.0745,Act1
3.0872,1,1.3994,8.572,68.9187,0.7257,1.9855,12.4805,4.0528,60.5743,-0.0298,Act1
2.2297,1,1.5104,7.8922,0.0,0.6684,2.0976,9.8377,4.0833,44.6106,0.0473,Act1
2.969,1,1.2987,8.1929,93.5913,0.6243,2.0395,14.4499,3.8038,50.6105,-0.0405,Act1
3.5297,0,1.0077,7.7083,85.3667,0.6069,2.156,10.5525,3.5486,32.06,0.0131,Act1
4.178,0,1.0078,7.6726,128.05,0.6036,2.1559,10.4818,3.53,26.2552,0.0141,Act1
3.1324,0,1.0326,7.9368,42.6833,0.6225,2.1484,10.1965,3.6026,39.1211,0.063,Act-1
3.2051,0,1.0075,7.7989,170.7334,0.6015,2.1556,10.1965,3.555,23.7207,0.0268,Act1
3.588,0,1.1904,8.4042,0.0,0.6286,2.0328,5.5249,3.4622,22.8908,-0.1244,Act-1
3.5875,1,1.5005,7.7599,95.2453,0.656,2.0749,15.3468,3.9117,42.2368,-0.0286,Act-1
0.6723,0,1.0457,8.3016,42.6833,0.6326,1.9081,4.7568,2.8857,13.689,-0.1781,Act-1
0.3333,0,1.2378,8.3974,160.9472,0.613,2.0164,3.8982,3.0523,3.1856,0.0147,Act-1
0.7005,0,1.2437,8.1667,118.2639,0.6193,2.0161,4.1542,2.8108,3.1856,-0.0849,Act1
1.8902,1,1.294,8.4167,111.602,0.6508,2.0932,12.8304,3.9048,60.8109,0.062,Act1
1.3869,0,1.161,8.2067,103.3774,0.6257,2.0248,10.7758,3.3958,21.9538,-0.1288,Act-1
2.5179,1,1.3475,8.0303,50.9079,0.6515,2.0326,9.5868,3.6177,32.1383,0.1443,Act-1
2.3704,1,1.3122,7.9206,146.0608,0.6425,2.0359,9.7175,3.6141,11.0114,0.0657,Act1
-1.899,0,1.1314,8.3039,172.2961,0.6,2.0577,2.8284,2.8957,13.7941,-0.1182,Act-1
-0.6974,0,1.208,8.4632,267.449,0.7548,1.987,7.4905,3.425,28.2208,-0.0479,Act-1
4.1325,1,1.4087,7.8407,50.9079,0.6875,2.0403,7.4558,4.0655,42.5308,-0.087,Act-1
1.2937,1,1.5369,8.1253,636.7138,0.6518,2.103,15.908,4.1615,114.661,0.0713,Act1
-0.7843,0,1.1733,8.7024,132.6874,0.6562,2.0673,9.6058,3.9507,47.6111,-0.0005,Act-1
3.9531,0,1.1384,7.7645,0.0,0.6512,2.1116,7.3723,3.4837,61.7047,0.0529,Act1
4.0595,1,1.2266,7.7903,16.405,0.6784,2.0937,11.3082,4.0677,54.7738,-0.1291,Act1
3.4213,1,1.2822,7.677,36.0215,0.6589,2.0179,10.0752,3.4637,29.3225,0.1164,Act1
-0.7843,0,1.1733,8.7024,132.6874,0.6562,2.0673,9.6058,3.9507,47.6111,-0.0005,Act-1
0.8978,1,1.3147,8.0804,139.3989,0.6401,2.0757,14.4302,3.7025,58.584,0.002,Act1
3.5858,0,1.2026,7.8333,103.3774,0.6366,2.0738,9.232,3.4532,25.8707,-0.029,Act1
1.8955,0,1.2893,8.0714,111.602,0.6221,2.0472,11.557,3.4603,43.9791,-0.0439,Act1
1.3763,0,1.2789,8.0114,111.602,0.6131,2.0497,11.1914,3.4602,46.0848,-0.0264,Act1
4.554,0,1.055,7.4357,34.4157,0.6209,2.1232,13.3262,3.8102,33.8222,-0.023,Act1
1.8749,0,1.1045,8.1691,128.05,0.6262,2.145,12.9247,3.9265,41.3533,0.0204,Act-1
2.0106,0,1.1018,8.0337,128.05,0.6413,2.1285,8.1731,4.0114,23.5907,-0.0937,Act1
1.6676,0,1.1111,8.0278,85.3667,0.6351,2.1358,8.1417,3.9151,28.7241,-0.0885,Act1
3.5681,0,1.1705,8.0741,85.3667,0.6465,2.1409,9.6574,4.0399,33.9676,-0.1044,Act-1
-0.73,0,1.259,8.4245,246.3139,0.6433,2.1498,8.5426,4.1257,27.7139,-0.1305,Act-1
3.9668,1,1.3839,7.5833,85.5817,0.6382,2.1022,11.4456,3.9647,41.7664,0.0625,Act1
0.1983,0,1.0349,7.847,384.1501,0.5988,2.1507,17.3931,3.6937,28.1021,0.0161,Act-1
-0.2445,0,1.2994,8.1578,288.9972,0.6109,2.0513,13.6071,3.1965,20.7739,-0.1339,Act-1
2.8725,0,1.1513,7.819,103.3774,0.6254,2.0322,11.1474,3.7108,60.6604,0.0596,Act-1
3.9865,1,1.2311,7.47,42.6833,0.6386,2.0788,7.1889,3.2977,20.7207,-0.0271,Act-1
1.8765,0,1.199,8.1528,49.1797,0.6604,2.0592,6.678,3.55,20.5452,0.1068,Act-1
3.2761,0,1.2648,8.0435,128.05,0.6257,2.0338,7.5637,3.0275,28.7697,-0.1338,Act1
4.1018,1,1.3828,8.0833,18.0108,0.6717,1.9999,8.1342,3.8898,40.0195,-0.0357,Act1
3.8606,1,1.3799,7.8951,18.0108,0.6731,1.9982,8.0352,3.6342,30.8985,-0.0663,Act1
2.6714,1,1.4749,7.7011,0.0,0.679,2.0262,10.7738,3.9799,26.9234,-0.1854,Act1
2.6714,1,1.4749,7.7011,0.0,0.679,2.0262,10.8225,3.9799,26.9234,-0.1866,Act1
3.1759,1,1.2355,7.879,103.3774,0.6389,2.1052,12.2643,3.4713,25.4776,0.1378,Act1
2.4536,0,1.2295,8.4107,60.6941,0.6418,2.1022,5.7787,3.7275,54.5715,0.0041,Act-1
1.2238,0,1.1729,8.0929,159.679,0.625,2.1064,10.192,3.7512,33.9964,-0.0656,Act-1
1.2625,1,1.3455,8.0644,18.0108,0.6651,2.1247,4.182,3.9237,24.6693,-0.1363,Act-1
1.308,0,1.2455,8.279,75.5805,0.6604,2.1101,6.6994,3.8311,42.3827,-0.2442,Act-1
3.4939,1,1.347,8.1828,60.6941,0.6729,2.0942,9.8773,3.9912,40.3317,0.1006,Act1
-1.0829,0,1.0921,8.8137,103.3774,0.6082,1.9662,4.7622,3.1407,18.1015,0.2075,Act-1
1.7247,0,1.027,7.8379,256.1001,0.6028,2.1565,17.7265,3.5865,42.8491,0.0068,Act1
2.6703,0,1.0278,7.7731,213.4167,0.604,2.1568,17.8451,3.5855,45.3837,0.0078,Act-1
-0.2719,0,1.0248,7.9508,384.1501,0.5986,2.1565,14.0951,3.5865,42.8491,-0.0018,Act-1
1.4058,0,1.0,7.2115,0.0,0.64,2.0985,3.2165,2.4228,44.5054,-0.0117,Act-1
-7.1918,0,1.0297,8.5341,572.8942,0.5767,2.0675,15.3789,3.2376,3.1856,-0.0238,Act-1
3.2876,1,1.2211,7.2121,0.0,0.6969,2.1635,3.8639,3.4563,88.5274,0.0148,Act-1
-0.3356,0,1.0,8.2469,0.0,0.6372,2.0017,2.0,1.247,9.9105,-0.2019,Act-1
0.6032,0,1.0,7.1111,0.0,0.5816,2.1367,6.6445,3.3119,22.8108,-0.0029,Act1
-1.7041,0,1.048,8.4583,42.6833,0.5551,2.0341,0.0,2.4824,3.0156,-1.2549,Act-1
-1.9713,0,1.0331,8.4545,85.3667,0.5585,2.0498,1.7548,2.7521,5.5501,-0.4527,Act-1
-1.1729,0,1.0,7.2143,0.0,0.5607,2.0709,4.0,3.0965,14.3495,-0.0013,Act1
0.3025,0,1.0,7.1667,0.0,0.5664,2.0622,8.0,3.098,24.4877,-0.0007,Act1
-1.7482,0,1.0,7.8571,42.6833,0.5433,2.0382,0.0,1.1169,2.1057,-0.2035,Act-1
-1.8571,0,1.037,8.1667,32.8972,0.5548,2.0405,0.0,2.7013,13.4606,0.0665,Act-1
-3.635,0,1.111,8.5735,155.3957,0.6232,2.0377,7.172,3.5451,17.8942,0.0441,Act-1
-2.1953,1,1.338,8.2083,121.3882,0.6314,2.1236,9.1154,4.0098,36.9456,0.0973,Act1
-0.907,0,1.1256,7.9493,42.6833,0.6339,2.0638,9.4004,3.6181,15.446,0.1105,Act-1
-0.4984,0,1.1256,7.7319,42.6833,0.6294,2.0865,8.8211,3.6181,15.446,0.1529,Act1
0.4545,1,1.123,7.6955,42.6833,0.6899,2.0838,6.204,3.7244,77.5326,0.1583,Act-1
0.4009,0,1.1396,7.6894,42.6833,0.6226,2.0804,7.0752,3.5549,20.515,0.263,Act-1
2.6316,1,1.3074,7.3175,0.0,0.6614,2.13,6.1688,3.2977,22.0228,0.1011,Act1
0.9688,0,1.1399,7.663,42.6833,0.6206,2.0271,6.6071,3.2573,27.261,-0.1006,Act-1
1.2626,1,1.2354,7.7233,42.6833,0.6448,2.1146,6.8292,3.2977,22.843,-0.0204,Act-1
1.6176,1,1.2296,7.6955,42.6833,0.6416,2.1247,7.0412,3.3785,27.8642,0.1084,Act-1
1.3979,0,1.1302,7.3587,42.6833,0.6119,2.1273,7.2794,3.206,26.3868,0.0717,Act-1
0.5138,1,1.2435,7.0303,0.0,0.7155,2.1092,5.1962,3.33,78.3893,-0.0596,Act-1
0.0978,0,1.1541,7.6859,85.3667,0.6412,2.19,6.9102,3.7548,36.1667,-0.1095,Act-1
2.3928,1,1.2043,7.3767,0.0,0.6452,2.1182,6.5315,3.2977,24.8842,-0.0354,Act1
3.2433,1,1.4554,7.6577,0.0,0.6238,2.1671,13.127,4.1407,128.8833,-0.0781,Act-1
-1.3173,0,1.1468,8.0365,93.5913,0.6638,2.0765,10.2742,3.9304,98.0588,0.1696,Act-1
3.3306,1,1.5688,7.5833,0.0,0.6885,2.2717,7.3795,4.3957,42.6329,-0.1918,Act1
1.5383,1,1.4857,7.4265,131.5887,0.7035,2.2419,2.8888,4.5984,29.8954,-0.0099,Act-1
0.8323,1,1.4765,7.1667,0.0,0.7385,2.0496,6.7141,3.8078,49.2863,-0.0143,Act-1
1.3048,1,1.1988,7.6699,42.6833,0.6517,2.1781,6.8478,3.3578,24.9487,0.1199,Act-1
2.0261,1,1.5329,7.6176,65.7944,0.684,2.2419,2.8888,3.9065,14.9477,-0.0737,Act-1
0.616,0,1.3313,7.9667,42.8057,0.6385,2.0666,4.8603,2.2732,2.7567,0.0989,Act-1
2.3465,1,1.401,7.3095,3.1243,0.6614,2.0524,0.0,3.6647,28.7615,-0.0614,Act1
1.3909,1,1.3229,7.8021,3.1243,0.6608,2.0577,5.9169,3.6847,36.7548,-0.033,Act-1
2.4302,1,1.3455,7.3914,3.1243,0.6658,2.0516,2.9253,3.7264,30.3246,0.0215,Act-1
2.2468,1,1.3515,7.4259,3.1243,0.7012,2.0679,2.971,3.6595,54.2054,0.0697,Act-1
1.639,1,1.3571,7.3333,3.1243,0.6803,2.0718,2.8001,3.5799,50.7048,-0.1459,Act-1
1.8515,0,1.153,7.2659,3.1243,0.6087,2.041,4.5378,3.1987,33.2842,0.0534,Act-1
1.2638,1,1.3152,7.5139,3.1243,0.6612,2.0603,5.5072,3.5196,18.4555,0.071,Act-1
0.518,1,1.2844,7.4074,3.1243,0.6615,2.0426,4.559,3.437,44.4054,0.0751,Act-1
1.1132,1,1.3189,7.4386,3.1243,0.6452,2.0577,3.7798,3.2977,16.1936,-0.0271,Act-1
2.1139,0,1.194,7.3981,36.0215,0.6849,2.1074,0.0,2.8369,29.9552,0.006,Act-1
-0.2675,0,1.1445,7.7063,45.8077,0.625,2.0599,5.336,3.1009,23.6393,0.169,Act-1
0.3392,1,1.318,7.6795,3.1243,0.6633,2.1027,7.1849,4.1292,64.5548,-0.0105,Act-1
1.3244,1,1.382,7.4686,21.1351,0.6826,2.0963,4.5146,3.7698,28.8315,0.1081,Act-1
-0.9123,1,1.3257,7.7564,21.1351,0.6544,2.0962,5.4207,3.7049,34.0891,0.1293,Act-1
2.2695,1,1.3113,7.9137,3.1243,0.6603,2.1001,5.5058,3.7697,62.3132,0.0714,Act-1
1.9462,1,1.3207,7.3578,3.1243,0.6856,2.0987,5.8419,3.6595,62.6282,0.1361,Act-1
1.9796,1,1.4403,7.4206,18.0108,0.6912,2.1259,3.5461,3.5815,47.6657,-0.0402,Act-1
2.2183,1,1.402,7.3167,18.0108,0.6667,2.0442,0.0,3.6647,25.6372,-0.091,Act-1
-0.5787,0,1.2536,7.7121,60.6941,0.6164,2.0343,3.7798,2.708,7.8258,0.114,Act-1
1.6959,1,1.3554,7.3083,18.0108,0.6513,2.0468,2.752,3.6647,23.6996,-0.1129,Act-1
0.0426,0,1.2035,8.5722,93.5913,0.6734,2.0315,7.0905,3.4723,23.3304,0.0397,Act-1
3.8574,1,1.4601,8.1286,18.0108,0.7578,2.0504,9.6202,4.0756,25.1412,0.0343,Act1
2.5467,1,1.3755,8.0871,0.0,0.7165,2.0321,8.3137,4.0585,26.0767,-0.0153,Act-1
1.0282,1,1.2618,8.2315,32.8972,0.6545,2.0621,11.986,3.94,38.7083,0.0068,Act1
0.994,1,1.3763,8.2917,34.4157,0.6989,2.0636,9.3799,3.7548,29.5628,0.0162,Act1
1.7265,1,1.4214,7.9599,0.0,0.6864,2.0835,8.278,4.1295,30.0659,-0.0246,Act1
2.2739,1,1.4685,8.1167,18.0108,0.7149,2.0795,8.4592,4.1293,18.7755,-0.0593,Act1
2.2681,1,1.5116,7.9684,18.0108,0.7099,2.0808,10.7461,4.1293,21.961,-0.0296,Act1
0.8144,1,1.4214,7.9969,0.0,0.6849,2.0755,7.1091,4.1295,30.0659,0.0002,Act-1
1.3564,1,1.4685,8.1567,18.0108,0.7139,2.0711,7.1128,4.1293,18.7755,-0.0302,Act-1
-1.8933,1,1.2853,8.1872,193.8444,0.6285,2.0078,5.6696,3.3265,11.4312,0.0306,Act-1
-0.7666,0,1.0419,8.4167,75.5805,0.6432,1.8726,1.0,1.6763,3.4444,0.0507,Act-1
3.2836,0,1.0,7.4295,0.0,0.7356,1.6094,0.0,3.0644,0.0,-0.36,Act1
5.6062,0,1.2412,7.6159,85.3667,0.6289,2.0912,5.9971,3.2935,27.9495,-0.0239,Act1
0.346,0,1.0622,8.5333,103.3774,0.6051,1.9335,4.559,2.876,9.6456,-0.0606,Act-1
2.7477,0,1.2526,8.0,60.6941,0.6365,2.0358,5.7435,3.0919,12.1435,0.098,Act1
-2.3158,1,1.4232,8.155,444.4322,0.6666,2.0972,16.7692,4.1114,266.3116,0.0091,Act-1
3.5248,0,1.1708,7.9907,0.0,0.6351,1.8949,11.4525,3.8418,34.1419,-0.0958,Act-1
4.2322,0,1.1517,7.7951,0.0,0.6351,1.8948,8.1782,3.8392,26.9506,-0.0772,Act-1
2.9135,1,1.2623,8.0479,52.4265,0.6455,2.1127,13.5797,4.0007,51.8248,-0.0721,Act1
2.6607,1,1.2671,7.9306,52.4265,0.6396,2.1206,14.5037,4.0007,65.4305,-0.0284,Act-1
4.5847,0,1.0161,7.5856,42.6833,0.6263,2.1228,9.8678,3.4654,68.2548,0.0435,Act1
4.4299,0,1.0223,7.6495,42.6833,0.6171,2.1227,10.1409,3.4654,65.3335,0.0037,Act-1
3.6287,1,1.3045,7.6609,0.0,0.6443,2.1576,8.8801,3.3007,36.2681,0.0972,Act-1
2.6997,1,1.3195,7.5625,42.6833,0.652,2.1566,8.338,3.2682,22.4266,0.0902,Act1
5.7458,0,1.2494,7.5808,128.05,0.6187,2.0616,14.2963,3.5633,32.3675,-0.013,Act1
4.7172,0,1.1978,7.5694,128.05,0.6227,2.0613,12.6574,3.5633,32.3675,-0.0181,Act1
5.1311,0,1.1546,7.5694,128.05,0.6097,2.0637,12.6574,3.5623,32.3675,-0.0122,Act1
4.3608,0,1.1521,7.6714,170.7334,0.6036,2.0651,15.6948,3.5951,39.4944,-0.0537,Act-1
5.1185,0,1.1546,7.5722,128.05,0.6097,2.0636,12.5837,3.5623,34.902,-0.0461,Act1
-0.5499,0,1.2311,8.1917,136.2746,0.6343,1.9625,5.4607,3.4128,17.4085,-0.0509,Act-1
2.7659,0,1.089,7.6806,0.0,0.631,1.9707,5.8281,3.4589,23.7006,0.0113,Act1
6.1666,0,1.1948,7.4694,85.3667,0.617,2.0627,14.1674,3.4155,27.2984,0.0279,Act-1
3.6687,0,1.1262,7.6667,0.0,0.6532,2.1361,7.637,3.738,29.3108,0.0243,Act1
1.583,0,1.0095,7.6106,75.5805,0.6134,2.0563,12.6534,3.3167,46.5592,0.0505,Act-1
3.9898,0,1.1225,7.8017,0.0,0.6394,2.144,9.1467,3.9767,39.6877,-0.1326,Act-1
-0.2505,0,1.2637,8.4907,246.3139,0.6689,2.1394,8.6867,4.183,34.4001,-0.1097,Act-1
7.1668,0,1.1955,7.3362,42.6833,0.6193,2.0625,12.9053,3.4995,29.833,0.0251,Act-1
5.2048,0,1.1531,7.5722,128.05,0.6097,2.0637,13.1796,3.4985,34.902,0.0122,Act-1
7.1878,0,1.1566,7.3006,42.6833,0.614,2.0637,12.741,3.4985,37.4366,-0.0272,Act-1
2.1425,0,1.11,8.2204,85.3667,0.6348,2.1405,9.9815,4.0579,38.5599,-0.052,Act1
2.9969,1,1.2246,8.05,42.6833,0.6376,2.078,7.8998,3.5117,35.9994,0.0918,Act-1
4.0903,1,1.498,7.7172,32.8972,0.6806,2.0759,12.8058,3.7066,37.0305,-0.1166,Act1
3.7412,1,1.5385,7.6667,36.0215,0.655,2.0677,13.4187,4.1121,34.9882,0.0556,Act1
-0.4657,0,1.0821,8.6111,75.5805,0.5861,1.9225,4.0,2.4009,5.9789,0.3524,Act-1
3.8567,0,1.1771,7.6014,42.6833,0.6491,2.1176,9.3503,3.8084,32.4319,0.0021,Act1
5.1154,0,1.0529,7.2955,42.6833,0.6229,2.1381,7.2902,3.3892,28.5309,-0.0126,Act1
1.5279,1,1.2826,7.3967,85.3667,0.6644,2.1437,11.0764,4.2353,47.3993,-0.0393,Act-1
2.467,0,1.0089,7.4298,42.6833,0.6071,2.1626,11.0368,3.6075,49.7154,0.0284,Act1
1.5817,0,1.0259,8.0162,85.3667,0.6029,2.1604,7.8794,3.5406,31.76,-0.01,Act-1
0.033,0,1.1795,8.4103,136.397,0.7088,2.0489,9.2451,3.9306,86.6727,-0.0002,Act-1
-0.1991,0,1.1811,8.4778,136.2746,0.6958,2.0492,11.6801,3.9326,92.1749,0.0172,Act-1
-0.1991,0,1.1811,8.4778,136.2746,0.6958,2.0492,11.6801,3.9326,92.1749,0.0172,Act-1
0.033,0,1.1795,8.4103,136.397,0.7088,2.0489,9.2451,3.9306,86.6727,-0.0002,Act-1
-0.1991,0,1.1811,8.4778,136.2746,0.6958,2.0492,11.6801,3.9326,92.1749,0.0172,Act-1
3.582,1,1.247,7.6458,0.0,0.6499,2.0766,14.9162,3.551,40.8807,-0.0435,Act1
4.5675,1,1.6352,7.9048,33.5711,0.6824,1.9799,12.2515,4.4309,68.6557,0.0782,Act1
4.0684,1,1.5902,8.1603,222.3152,0.654,1.9829,13.5699,4.4273,62.9194,0.0606,Act-1
5.3215,1,1.6141,7.923,76.2544,0.6645,2.0283,12.4908,4.5057,77.7101,0.1045,Act1
0.4791,1,1.3195,7.5486,45.8077,0.6465,2.1933,8.7802,3.2682,25.5509,0.0846,Act-1
2.5209,0,1.3392,7.5833,0.0,0.6903,1.9891,0.0,2.1576,3.1856,0.0588,Act-1
3.4546,1,1.4204,7.9722,77.0991,0.7123,2.0578,12.0023,3.9988,47.0973,0.0551,Act1
2.2645,0,1.277,7.9167,42.6833,0.6449,2.008,5.5317,2.8502,10.9635,-0.235,Act-1
2.3877,0,1.2365,7.6944,60.6941,0.6168,2.016,6.1612,2.4304,17.6616,0.0119,Act-1
3.3128,0,1.0532,7.9359,42.6833,0.5916,1.9677,10.0,1.968,21.1861,0.0058,Act1
6.9406,0,1.1009,7.5101,0.0,0.6249,2.139,13.4582,3.6158,50.9938,0.0184,Act-1
3.8358,0,1.2044,7.5679,0.0,0.6828,2.0542,5.9023,2.8111,22.821,-0.0106,Act-1
2.5905,1,1.2648,7.6212,34.7963,0.6303,2.1369,9.5619,3.435,38.2008,-0.0717,Act1
1.408,0,1.169,7.8333,85.3667,0.6542,2.1472,6.476,3.6991,31.0976,-0.0816,Act-1
3.8179,0,1.1726,7.4008,42.6833,0.6434,2.18,6.2083,3.3083,25.7897,-0.0219,Act-1
0.2527,0,1.11,8.119,50.9079,0.6629,1.8234,0.0,1.7125,2.3902,0.0792,Act-1
3.0585,0,1.3352,8.0238,196.9687,0.6166,2.0619,11.557,3.4599,33.7121,-0.0459,Act-1
3.541,1,1.2994,7.7661,0.0,0.7125,2.0043,6.9866,3.4828,16.8849,-0.022,Act1
3.0089,0,1.2338,7.7989,18.0108,0.6399,2.0061,6.9918,3.0129,29.6495,0.0898,Act1
2.0173,0,1.2322,7.7632,60.6941,0.613,1.9967,6.9866,2.4301,21.7773,-0.0088,Act-1
3.9738,0,1.2925,8.0222,81.7794,0.6746,1.9982,8.3007,3.1438,33.5624,0.0833,Act-1
3.7997,1,1.401,7.4206,0.0,0.6684,2.0353,6.6826,3.6647,27.2183,-0.07,Act-1
3.545,1,1.382,7.4831,18.0108,0.6898,2.045,7.3522,3.7698,25.7072,0.1154,Act-1
3.6052,1,1.2705,7.7168,0.0,0.679,2.063,14.8313,3.6926,42.6049,0.0495,Act-1
-0.1111,0,1.2185,8.2821,16.7855,0.6407,1.9708,0.0,3.0664,14.0651,-0.6138,Act-1
-0.3019,0,1.1444,8.1889,75.5805,0.6567,1.9624,4.7451,2.8097,39.723,0.0127,Act-1
-0.1986,0,1.2739,8.466,203.6306,0.6654,2.1384,8.297,4.1163,35.3175,-0.2887,Act-1
-0.2982,0,1.2197,8.5792,68.9187,0.6606,2.0661,5.5249,3.4501,33.7697,0.1796,Act-1
1.3201,0,1.2434,8.4111,118.2639,0.745,1.9833,3.8763,3.0557,12.7402,-0.2194,Act-1
5.3416,1,1.3728,8.2164,85.3667,0.8718,1.9339,2.8888,4.0047,49.3234,-0.038,Act1
-1.6563,0,1.2278,8.4792,182.0823,0.6133,2.0449,6.7348,3.2321,29.9878,0.0501,Act-1
-0.472,0,1.3324,8.9792,50.7854,0.6389,1.9583,5.3288,3.3075,19.8781,-0.0821,Act1
2.4081,1,1.4001,8.0764,65.7944,0.7507,2.0224,4.4544,3.6781,17.1705,-0.1741,Act1
3.1826,1,1.414,8.0744,77.0991,0.7462,2.0477,10.4125,3.9798,44.8778,0.0168,Act1
2.1382,1,1.4508,8.6019,82.1994,0.6914,2.0311,7.8602,4.2385,34.2379,-0.0328,Act-1
2.4225,1,1.4608,8.4613,100.2101,0.7113,2.0352,6.8496,4.1077,29.389,0.1082,Act1
2.8179,1,1.414,8.23,77.0991,0.7226,2.0509,10.364,3.9798,50.4982,0.0755,Act-1
2.1914,1,1.414,8.07,109.9963,0.7134,2.0535,10.364,3.9798,44.1339,0.1019,Act-1
5.2246,1,1.5623,8.1571,18.0108,0.7791,2.0301,9.7078,4.0226,45.1407,0.0419,Act-1
4.8688,1,1.2707,7.6345,52.807,0.7215,2.0296,12.6632,3.6712,34.6375,-0.0069,Act1
3.3426,1,1.4883,8.1429,18.0108,0.7079,2.0515,6.5886,3.8533,28.8402,-0.0819,Act1
3.3102,1,1.4883,8.1429,18.0108,0.7079,2.052,5.3226,3.8533,28.8402,-0.0038,Act1
-0.1582,1,1.338,8.1458,242.7764,0.6314,2.1196,10.2346,4.0098,41.157,0.0605,Act1
4.0469,1,1.4771,8.4599,50.9079,0.6828,2.0642,8.8521,3.6864,24.1606,0.0183,Act1
2.2191,1,1.5041,7.8246,0.0,0.734,2.0533,7.052,3.7423,11.027,-0.1032,Act1
5.7592,1,1.6453,7.6004,0.0,0.7285,2.1169,13.3518,4.0314,37.7459,-0.1247,Act1
4.6138,1,1.5987,7.8093,18.0108,0.7456,2.0143,13.2404,4.0331,40.2311,-0.0254,Act1
3.4268,1,1.4082,7.9456,34.4157,0.7539,2.0312,9.4025,3.6504,44.8778,0.0071,Act1
3.0605,1,1.5588,7.9933,32.8972,0.7164,2.1062,8.4057,3.8494,30.6112,-0.0172,Act1
3.1746,1,1.5799,7.8438,34.7963,0.7011,2.1066,12.2261,3.8514,38.0082,-0.0675,Act-1
3.5133,1,1.5742,7.8131,18.0108,0.6948,2.1067,14.2252,3.8514,37.3571,-0.0611,Act1
2.9382,1,1.5377,7.9598,60.6941,0.6867,2.1066,12.06,3.8514,35.2514,-0.0709,Act1
2.224,1,1.4175,8.075,51.4593,0.6923,1.9982,6.1075,3.6658,24.8527,-0.1298,Act1
3.5005,1,1.4972,7.95,60.6941,0.6961,2.1299,7.1019,3.6479,21.8861,-0.1039,Act1
4.6657,1,1.5486,8.2161,32.8972,0.7153,2.1689,8.4101,3.9203,30.0055,0.0416,Act1
3.5268,1,1.5049,8.1418,60.6941,0.727,2.0327,10.4029,3.8722,27.6035,-0.067,Act-1
3.0243,1,1.4021,8.5104,51.4593,0.6729,2.0032,7.7336,3.7049,20.9751,-0.1989,Act-1
3.3417,1,1.5175,8.4688,34.6738,0.7059,2.0804,12.296,4.3797,23.7568,0.1175,Act1
4.0615,1,1.5168,8.3778,16.405,0.7208,2.151,8.9062,4.5525,18.5813,0.0287,Act1
5.1398,1,1.5867,8.112,60.6941,0.7335,2.021,14.1445,3.9258,44.639,0.0493,Act1
2.7966,1,1.4721,8.1078,128.05,0.6873,2.0281,7.3116,3.6376,6.3711,-0.0632,Act-1
4.8132,1,1.292,8.1556,85.3667,0.6788,2.1215,9.0497,3.6682,37.1436,0.048,Act-1
1.2268,0,1.238,8.7111,103.3774,0.674,2.0939,6.8837,3.3892,10.647,0.0056,Act-1
1.5101,0,1.2153,8.0819,75.5805,0.6619,2.0428,5.6838,3.0648,19.2973,0.055,Act1
1.6895,1,1.3847,8.4286,170.7334,0.6946,2.0623,6.9519,3.8522,21.9915,-0.2275,Act1
-0.4001,1,1.3222,8.5859,298.7834,0.6531,2.0693,11.6072,3.8049,28.1448,0.0111,Act-1
2.2729,1,1.4097,8.1404,85.3667,0.7112,2.0652,6.7042,3.7436,19.9336,0.0023,Act-1
3.6251,1,1.5447,8.3047,34.4157,0.7418,2.0516,10.1669,3.9915,68.1605,0.0423,Act1
4.172,1,1.5004,8.0446,34.4157,0.7712,2.0288,9.5319,3.9806,82.9277,-0.0507,Act-1
2.6759,1,1.474,8.2121,42.6833,0.7159,2.0695,7.2412,3.7386,24.6723,-0.0021,Act-1
1.6952,1,1.3731,8.2556,60.6941,0.711,2.0215,9.2407,3.6271,20.7776,0.001,Act-1
0.1356,1,1.4113,8.0802,188.7441,0.6441,2.04,11.0171,3.6157,11.4786,0.0402,Act-1
1.7168,1,1.4078,8.1285,34.4157,0.7424,2.0447,9.3868,3.6987,43.9761,0.0375,Act-1
0.9661,1,1.3737,8.1775,51.0788,0.7345,2.0093,7.9259,3.7165,43.5473,0.015,Act-1
0.7792,1,1.3737,8.221,51.0788,0.7338,2.0088,6.6787,3.7165,43.1185,0.0068,Act-1
3.0606,1,1.4224,8.1538,34.4157,0.7457,2.0547,13.2242,3.8749,24.4902,-0.1019,Act-1
3.3064,1,1.395,8.1718,34.4157,0.7745,2.0416,13.015,3.8749,53.5119,-0.0494,Act-1
3.6025,1,1.395,8.1965,34.4157,0.7442,2.0435,13.015,3.8749,24.0614,-0.0952,Act-1
3.1933,1,1.4222,8.3688,34.4157,0.763,2.0431,12.5322,3.8749,60.4907,-0.074,Act-1
2.8198,1,1.4868,8.0584,51.2013,0.7524,2.037,11.2269,4.4332,53.4419,-0.0356,Act-1
4.5981,1,1.3464,8.0439,36.0215,0.7802,2.0,3.5961,3.628,20.2911,-0.0154,Act1
3.1369,1,1.4068,8.2703,77.0991,0.7446,2.0318,9.9533,4.0652,53.9988,0.0068,Act1
3.1826,1,1.414,8.0744,77.0991,0.7462,2.0477,10.9252,3.8819,44.8778,0.0994,Act1
2.8179,1,1.414,8.23,77.0991,0.7226,2.0509,10.6445,3.8819,50.4982,0.1288,Act1
1.7168,1,1.4078,8.1285,34.4157,0.7424,2.0445,9.324,3.6987,43.9761,0.0278,Act-1
4.57,1,1.505,8.2639,18.0108,0.7208,2.0146,12.3064,3.8547,60.8304,-0.0368,Act1
3.077,1,1.519,7.7387,34.7963,0.7197,2.0595,11.9152,3.7783,29.8761,0.1623,Act1
2.1873,1,1.5014,7.7281,60.6941,0.6962,2.1295,7.1819,3.4469,12.7651,-0.0864,Act1
4.4289,1,1.4369,8.1111,60.6941,0.8033,1.986,7.027,4.0481,27.5199,-0.1215,Act1
4.4289,1,1.4345,8.1111,60.6941,0.8033,1.9858,7.502,4.0298,27.5199,-0.151,Act1
1.9487,1,1.3641,8.537,60.6941,0.7202,1.9935,8.5872,3.9083,40.5982,0.0788,Act-1
2.9276,1,1.5192,8.0,54.0323,0.6937,2.0487,12.1557,3.8994,39.0019,-0.0491,Act1
4.2698,1,1.6009,7.9971,42.6833,0.7918,2.0035,11.0479,4.1461,64.2612,-0.0061,Act1
4.6884,1,1.5385,8.1264,34.6738,0.6927,2.0646,10.7932,3.9029,31.3816,-0.0098,Act1
5.22,1,1.5667,8.0889,18.0108,0.7006,2.0725,11.9317,3.8892,31.8104,0.0093,Act1
4.3554,1,1.5385,8.1552,18.0108,0.6913,2.0669,10.7406,3.9029,28.196,-0.0254,Act1
3.0293,1,1.4816,7.7099,0.0,0.7468,2.0421,6.8087,3.7639,11.342,-0.1027,Act1
7.206,1,1.6159,8.4189,18.0108,0.7198,2.0761,12.4856,4.0565,59.6138,-0.0583,Act1
3.8656,1,1.5262,8.3333,18.0108,0.7101,2.0151,12.2842,4.0604,42.2371,-0.1372,Act1
6.1541,1,1.5619,8.2787,18.0108,0.7013,2.1405,6.4944,4.0523,30.1564,-0.1271,Act1
6.2597,1,1.6483,8.0074,18.0108,0.7111,2.1412,11.624,4.0523,27.4065,-0.0163,Act1
5.6701,1,1.5382,8.1204,18.0108,0.727,2.1376,5.6686,4.0523,50.4859,-0.0221,Act1
5.2224,1,1.4935,7.8013,0.0,0.7594,1.9933,5.7973,3.8517,63.095,-0.0826,Act1
2.4614,1,1.4169,7.941,67.3129,0.7199,2.0543,9.4769,3.7761,44.1339,0.1533,Act-1
2.6622,1,1.4169,8.0243,77.0991,0.7242,2.0506,10.5271,3.7761,41.3772,0.1303,Act-1
3.5402,1,1.4409,8.4772,18.0108,0.7332,2.0515,7.4101,3.919,36.7391,0.0952,Act1
3.4058,1,1.5037,7.7542,16.7855,0.8037,1.9901,8.1352,3.864,47.098,-0.0512,Act1
3.9694,1,1.5019,7.6875,60.6941,0.739,2.1291,6.8314,3.7738,15.8202,-0.1164,Act-1
3.5005,1,1.5019,7.95,60.6941,0.6961,2.1299,6.9185,3.7738,21.8861,-0.1565,Act1
3.9855,1,1.5497,8.1832,34.4157,0.7619,2.0442,9.966,3.9922,62.5401,-0.1218,Act1
3.4866,1,1.3044,8.0588,34.4157,0.7526,2.0392,6.4783,3.6633,45.4253,-0.0265,Act1
3.7461,1,1.4559,7.8671,60.6941,0.7299,2.1267,8.5781,3.7097,22.4791,0.0214,Act1
6.7567,1,1.4193,7.5726,74.3553,0.7011,2.0532,9.1969,3.5806,31.1663,0.0535,Act-1
5.1981,1,1.4247,7.6061,74.3553,0.6924,2.046,9.1406,3.5194,25.224,0.0149,Act1
1.8898,1,1.2949,7.9693,36.0215,0.7009,2.0521,4.3645,3.2977,15.3516,-0.1361,Act1
0.7898,0,1.3299,7.9405,50.9079,0.688,2.0409,4.7568,3.2233,13.8325,-0.0728,Act1
5.4013,1,1.5245,8.1065,42.6833,0.7191,2.0833,13.3658,4.0207,37.5247,-0.0668,Act1
4.9031,1,1.476,7.9753,18.0108,0.7187,2.0798,7.7222,3.8683,34.7825,0.0352,Act-1
4.563,1,1.639,7.5833,34.6738,0.7237,2.1323,11.0364,3.9526,20.8288,0.0111,Act1
5.742,1,1.5625,7.5417,18.0108,0.7192,2.0807,11.6655,3.8885,25.0173,-0.0075,Act1
5.0532,1,1.5922,7.9346,34.4157,0.7277,2.1243,16.2611,4.5655,38.1894,-0.088,Act1
4.1042,1,1.6003,7.7586,18.0108,0.7261,2.0146,13.0803,4.0075,36.7305,-0.053,Act1
4.9191,1,1.3871,7.6351,74.3553,0.7008,2.0201,10.7376,3.626,29.7337,0.0173,Act1
4.7927,1,1.484,7.9753,18.0108,0.7187,2.0816,8.604,3.8634,35.2113,-0.0372,Act-1
3.2749,1,1.5761,7.6458,18.0108,0.6959,2.1064,14.5215,3.8108,28.2361,-0.0784,Act-1
1.664,1,1.3987,7.5758,16.663,0.6998,1.9853,4.7107,3.0,6.3711,-0.0891,Act1
3.9855,1,1.5494,8.1832,34.4157,0.7619,2.0447,10.6801,3.9787,62.5401,-0.0649,Act1
3.6251,1,1.5494,8.3047,34.4157,0.7418,2.0523,10.9638,3.9787,68.1605,-0.0217,Act1
3.776,1,1.5505,8.452,34.4157,0.7405,2.0531,10.557,3.9817,77.2815,-0.0851,Act1
3.6251,1,1.546,8.3047,34.4157,0.7418,2.0522,11.2889,3.978,68.1605,0.0568,Act1
3.8347,1,1.5483,8.0224,34.4157,0.7632,2.0457,11.2472,3.9771,53.4191,0.0008,Act1
3.0402,1,1.5693,8.0807,34.4157,0.7552,2.0537,13.3836,3.977,53.104,-0.0027,Act1
4.156,1,1.5403,8.4216,34.4157,0.7311,2.059,11.1892,3.9774,53.104,-0.0707,Act1
3.8347,1,1.5471,8.0224,34.4157,0.7632,2.0462,11.289,3.9769,53.4191,0.0859,Act1
3.474,1,1.5471,8.1478,34.4157,0.7432,2.0516,11.0973,3.9769,59.0395,0.0387,Act1
2.6849,1,1.5471,8.0188,67.3129,0.7345,2.0556,11.0973,3.9769,52.6752,0.0695,Act1
3.3225,1,1.5488,7.9806,34.4157,0.7446,2.051,11.1892,3.9767,49.9185,-0.0315,Act1
3.8347,1,1.5522,8.0224,34.4157,0.7632,2.0442,10.8149,3.978,53.4191,-0.122,Act1
3.474,1,1.5522,8.1478,34.4157,0.7432,2.0518,11.0494,3.978,59.0395,-0.0918,Act1
4.2488,1,1.6602,7.9044,34.4157,0.7502,2.1401,11.5249,4.2408,55.0644,0.0534,Act1
2.4135,1,1.5488,8.0139,34.4157,0.7443,2.0459,12.7675,3.9767,49.9185,-0.0261,Act1
3.2998,1,1.5455,7.7933,18.0108,0.7411,2.0308,10.9892,3.9518,48.3677,-0.0337,Act-1
2.0802,1,1.352,8.1667,60.6941,0.7042,1.9811,10.1072,3.2896,48.4043,-0.0336,Act-1
5.1552,1,1.6257,7.875,34.4157,0.7503,2.1325,13.04,4.3521,55.0644,0.0599,Act-1
5.699,1,1.443,8.8086,0.0,0.7183,2.0296,6.0,3.8588,46.348,0.0643,Act1
2.3122,1,1.4838,7.6731,34.7963,0.6847,2.0739,12.1779,3.6834,24.8668,-0.0198,Act1
3.3225,1,1.5145,7.9806,34.4157,0.7446,2.0642,13.2642,3.9635,49.9185,0.0373,Act-1
4.3916,1,1.596,7.9044,34.4157,0.7502,2.1442,13.2185,4.5256,54.6356,0.0179,Act-1
4.5139,1,1.5602,7.9944,18.0108,0.7056,2.0841,14.6399,3.8371,33.207,-0.0466,Act1
4.8736,1,1.4324,7.7797,60.6941,0.735,2.1152,9.9263,3.6697,56.9987,0.125,Act1
2.9792,1,1.3902,8.0032,34.4157,0.7211,2.0435,11.8627,3.5085,49.0452,0.097,Act-1
4.7334,1,1.5617,7.7184,60.6941,0.6968,2.1356,12.8153,3.8725,29.3388,-0.0579,Act1
6.9889,1,1.4151,7.5583,74.3553,0.6963,2.0498,9.6441,3.5794,33.7008,0.0262,Act-1
6.3858,1,1.3965,7.5509,74.3553,0.6785,2.0476,11.8343,3.5653,37.69,0.0305,Act1
6.0402,1,1.4018,7.5667,74.3553,0.6827,2.0476,11.4474,3.5653,35.1555,0.0179,Act1
5.6526,1,1.4075,7.5833,74.3553,0.6873,2.0475,10.8037,3.5653,32.6209,0.0124,Act1
6.1403,1,1.5252,7.4949,31.672,0.7165,2.1721,7.7026,3.9645,35.3432,0.0945,Act1
2.2011,1,1.464,8.0064,60.6941,0.6909,2.0546,12.8342,3.6607,25.325,0.0697,Act-1
6.1505,1,1.4012,7.5667,74.3553,0.6827,2.051,10.9827,3.5669,35.1555,0.0657,Act1
5.8041,1,1.4067,7.5833,74.3553,0.6873,2.0509,10.6639,3.5669,32.6209,0.0516,Act1
6.0712,1,1.4238,7.5263,49.6827,0.7032,2.0511,11.6055,3.567,32.4143,0.0437,Act1
5.1987,1,1.4189,7.6198,74.3553,0.6981,2.0508,9.5179,3.5669,27.5519,0.0328,Act1
3.7141,1,1.5758,7.8305,32.8972,0.751,2.1331,7.0755,4.5414,48.5953,0.0109,Act-1
2.413,1,1.3776,7.875,159.722,0.6667,2.0348,10.3318,3.5857,19.5038,-0.0125,Act1
4.5735,1,1.3829,7.6034,74.3553,0.67,2.0297,11.0817,3.5173,29.2131,0.0104,Act1
4.2211,1,1.3887,7.625,74.3553,0.6748,2.0293,10.7211,3.5173,26.6786,-0.0048,Act1
3.4946,1,1.4019,7.5962,64.5692,0.6834,2.0283,6.9492,3.5173,23.7153,-0.0369,Act1
3.6023,1,1.4019,7.6731,74.3553,0.6863,2.0278,9.5523,3.5173,21.6095,-0.0223,Act1
5.9242,1,1.4752,8.4912,18.0108,0.6758,2.0366,11.903,3.9146,74.4177,0.0575,Act1
1.8073,1,1.3835,8.2628,103.3774,0.6813,2.0889,10.3643,3.4901,26.8441,-0.0098,Act-1
3.7533,1,1.5034,7.6597,18.0108,0.7356,2.0056,7.3347,3.6758,48.5743,0.1092,Act1
4.3844,1,1.5636,7.6867,18.0108,0.726,2.1281,7.0421,4.0116,26.4195,0.0429,Act1
3.0175,1,1.4141,7.8877,34.4157,0.7313,2.0506,9.5328,3.5061,41.3772,0.1318,Act1
5.0104,1,1.5474,7.5,36.0215,0.6981,2.1306,6.9419,3.4487,19.5267,0.0135,Act1
3.4096,1,1.3297,6.6667,36.0215,0.6691,2.0215,0.0,3.4437,14.794,0.0364,Act1
4.5949,1,1.4365,7.7731,118.2639,0.6924,2.0167,14.3883,3.6675,60.0976,0.0944,Act1
2.9759,1,1.4382,8.0402,75.5805,0.6693,2.0593,11.0508,3.6109,34.0158,0.0104,Act-1
4.7492,1,1.4291,8.5575,34.4157,0.6927,2.0505,7.0,4.1171,24.6621,-0.0275,Act1
3.8228,1,1.437,8.0203,77.0991,0.7203,2.0405,10.0211,3.8799,15.8561,0.0283,Act1
1.7655,1,1.3632,8.225,75.5805,0.7349,2.0247,6.3093,3.5672,49.7064,0.0081,Act-1
2.0547,0,1.2041,8.0789,75.2891,0.6212,2.0065,9.8659,2.8106,27.3732,-0.0444,Act1
4.4959,1,1.5725,7.7153,18.0108,0.7373,2.1281,6.6541,4.022,23.885,0.0368,Act1
5.0003,1,1.5304,7.28,36.0215,0.7063,2.1291,8.5899,3.4833,19.2554,-0.0194,Act1
2.4444,1,1.4379,8.1891,77.0991,0.7086,2.061,9.8913,3.8158,14.5256,-0.0316,Act1
4.0236,1,1.4412,8.0203,77.0991,0.7203,2.0626,10.4687,3.9798,15.8561,-0.0551,Act1
3.8684,1,1.2904,8.0188,18.0108,0.7354,2.0299,9.3727,3.5436,54.3336,0.0833,Act1
6.5327,1,1.4976,7.8413,42.6833,0.776,2.048,6.5897,3.6225,55.9972,0.0313,Act1
4.1269,1,1.4086,7.8111,18.0108,0.7602,1.9574,9.8888,3.6099,85.419,0.1889,Act1
3.9105,1,1.4435,8.0528,60.6941,0.7737,1.992,7.1612,4.0106,24.0193,-0.1378,Act1
2.7032,1,1.4611,8.1083,60.6941,0.7154,2.0194,8.0656,3.7863,21.1136,0.0516,Act-1
1.9194,1,1.4227,7.7708,34.7963,0.712,1.9667,4.5858,3.5235,16.5893,0.0985,Act1
3.2254,1,1.5792,7.6984,18.0108,0.7355,2.1243,7.2939,4.0801,21.7352,-0.0059,Act1
4.1184,1,1.4435,7.9167,60.6941,0.8078,1.9876,7.1612,4.0106,23.1283,-0.1203,Act1
3.1806,1,1.4435,8.4417,60.6941,0.7102,2.011,7.1674,4.0106,35.2602,-0.0474,Act1
2.9351,1,1.448,8.193,60.6941,0.7124,2.0099,7.6302,3.8575,26.1391,0.0656,Act1
3.1524,1,1.4701,8.175,18.0108,0.714,2.0876,9.1028,3.9408,19.7749,0.035,Act-1
2.7032,1,1.4565,8.1083,60.6941,0.7154,2.0191,9.0518,3.755,21.1136,0.0528,Act1
2.6891,1,1.4522,7.9167,60.6941,0.7145,2.0088,7.7542,3.6294,17.0181,0.1737,Act1
2.1198,1,1.531,7.9136,144.8356,0.6723,2.0129,10.804,4.1368,26.4854,0.0591,Act1
3.3277,1,1.5546,6.6961,32.8972,0.6964,2.1912,2.8717,3.7981,12.191,-0.1552,Act1
2.8207,1,1.5344,8.0149,34.4157,0.7497,2.1279,11.2838,4.4684,48.6932,-0.0105,Act-1
5.6403,1,1.6729,7.9195,18.0108,0.7318,2.1675,7.5098,4.3827,38.2744,-0.0961,Act1
4.4299,1,1.4088,8.4802,31.672,0.696,2.0735,4.2124,3.8321,14.2126,-0.3545,Act1
4.951,1,1.568,8.062,18.0108,0.7449,2.1366,7.534,3.9014,37.0579,-0.096,Act1
4.5896,1,1.568,8.2115,18.0108,0.7201,2.1388,7.8295,3.9014,42.6783,-0.1089,Act1
4.7167,1,1.564,8.2115,18.0108,0.7201,2.1387,7.4633,3.8698,42.2495,-0.0788,Act1
4.2371,1,1.564,8.0577,50.9079,0.7105,2.1394,7.4633,3.8698,35.8852,-0.0536,Act1
3.6175,1,1.5152,8.1538,36.0215,0.7147,2.1362,7.5013,3.8691,38.262,-0.085,Act1
6.0441,1,1.649,7.5242,18.0108,0.7493,2.136,11.5008,3.8981,27.2761,-0.0067,Act-1
5.9465,1,1.649,7.5681,18.0108,0.7394,2.1366,11.5008,3.8981,27.7216,-0.013,Act1
5.5887,1,1.649,7.6935,18.0108,0.721,2.1389,11.6681,3.8981,33.342,-0.0192,Act1
4.4374,1,1.5713,8.0133,18.0108,0.7218,2.1386,8.0512,3.9774,33.5573,-0.1236,Act1
4.4374,1,1.5713,8.0133,18.0108,0.7218,2.1386,8.0512,3.8805,33.5573,0.0145,Act1
4.4374,1,1.5748,8.0133,18.0108,0.7218,2.1386,7.9246,3.9835,33.5573,-0.0238,Act1
6.1525,1,1.6413,8.2121,18.0108,0.7256,2.1405,10.6389,4.2724,58.1705,-0.1114,Act1
6.3621,1,1.6439,7.9358,18.0108,0.7465,2.1401,11.066,4.1738,43.4291,-0.0773,Act1
6.0043,1,1.6439,8.0573,18.0108,0.7269,2.1405,10.9595,4.1738,49.0495,-0.0933,Act1
6.1525,1,1.6383,8.2121,18.0108,0.7256,2.1405,10.1969,4.197,58.1705,-0.1167,Act1
6.5277,1,1.6369,8.1887,18.0108,0.7173,2.1407,12.1997,4.1137,33.993,-0.1188,Act1
5.8557,1,1.6437,7.8925,18.0108,0.7282,2.1404,11.8743,4.0874,39.9285,-0.1167,Act1
6.6176,1,1.6343,8.2119,18.0108,0.7121,2.1405,12.1976,4.0913,36.0509,-0.1767,Act1
5.7567,1,1.6369,8.2181,18.0108,0.7165,2.1405,11.0887,4.1137,33.5642,-0.1136,Act1
5.8557,1,1.6424,7.8925,18.0108,0.7282,2.1404,11.3366,4.0771,39.9285,-0.0926,Act1
4.7905,1,1.6451,7.75,18.0108,0.729,2.1403,11.0887,4.0644,30.8074,-0.1009,Act1
4.323,1,1.6451,7.7833,18.0108,0.7284,2.1401,10.1657,4.0644,30.8074,-0.1175,Act1
4.1663,1,1.6195,7.7759,34.6738,0.7222,2.1389,10.0701,4.0723,30.8074,-0.1307,Act1
5.1605,1,1.5665,7.7022,18.0108,0.7715,2.1372,8.9573,3.8693,22.3165,-0.0796,Act1
4.1332,1,1.6195,7.8046,18.0108,0.7215,2.1398,9.9335,4.0723,27.193,-0.1301,Act1
3.835,1,1.5665,7.9333,60.6941,0.7164,2.1384,7.89,3.8693,24.4363,-0.0439,Act1
5.2134,1,1.5497,8.3822,18.0108,0.7023,2.1386,7.89,3.9033,29.6797,-0.0304,Act1
4.4374,1,1.5677,8.0133,18.0108,0.7218,2.1386,7.3459,3.8103,33.5573,-0.2234,Act1
5.0622,1,1.5574,8.2113,18.0108,0.7039,2.1385,8.2929,3.6991,20.5587,-0.19,Act1
4.2848,1,1.5753,7.7986,18.0108,0.7234,2.1385,8.4685,3.7762,24.4363,-0.0141,Act1
3.482,1,1.6487,7.5897,34.7963,0.727,2.1405,7.89,4.3622,19.6035,-0.0376,Act1
3.3216,1,1.5489,7.6061,18.0108,0.7564,2.1307,6.9776,3.6777,44.337,0.0663,Act1
3.1775,1,1.5489,7.6818,18.0108,0.7202,2.1322,7.2961,3.6777,14.8864,-0.0212,Act1
4.4152,1,1.5586,7.9744,18.0108,0.7117,2.1369,8.4685,3.8691,36.0918,-0.0909,Act1
4.457,1,1.5665,8.0533,0.0,0.7265,2.1297,7.1261,3.8693,38.5307,-0.0624,Act1
4.4861,1,1.5579,8.0128,36.0215,0.7105,2.1333,7.9187,3.8687,32.6996,-0.068,Act1
2.5281,1,1.4003,8.1751,36.0215,0.7341,2.018,8.138,3.6994,20.1319,-0.1178,Act-1
1.6138,0,1.2745,8.1833,85.3667,0.7189,2.0384,7.1,3.417,85.978,-0.2952,Act1
4.3905,1,1.4861,8.037,18.0108,0.7445,2.0665,6.3257,3.9929,29.6397,-0.1685,Act1
2.4486,1,1.3531,8.2116,75.5805,0.72,2.001,6.39,4.0526,27.3291,-0.376,Act-1
2.5174,1,1.4245,7.9561,0.0,0.7483,2.0429,5.0039,3.8788,24.0507,-0.2384,Act1
3.7473,1,1.3492,8.0111,60.6941,0.7484,2.0051,7.1612,3.9456,23.3683,-0.1318,Act-1
6.201,1,1.5516,8.0493,16.405,0.8089,2.117,8.9906,4.3395,33.5139,0.0167,Act1
4.2496,1,1.5391,7.998,60.6941,0.7489,2.0303,10.727,4.0731,56.4154,0.1051,Act1
4.4537,1,1.6216,7.7153,18.0108,0.7373,2.1288,7.8785,3.9015,24.3138,-0.001,Act1
5.5825,1,1.4885,7.6517,0.0,0.7824,1.9852,6.3297,3.8209,57.4746,-0.027,Act-1
2.6496,1,1.5518,8.1508,42.6833,0.7199,2.0177,8.4906,4.0256,40.1819,-0.1361,Act1
2.3741,1,1.5545,7.7889,42.6833,0.7283,2.1774,4.6603,3.9066,8.5765,-0.2922,Act1
2.767,1,1.5559,8.1597,145.9383,0.6947,2.1298,11.5635,3.8873,16.2217,0.0431,Act1
3.5919,1,1.5294,7.9792,34.4157,0.7499,2.1325,11.8003,4.3521,49.1221,0.0759,Act1
3.5648,1,1.5222,7.9454,34.4157,0.7393,2.1336,12.9915,4.3368,51.6566,0.0151,Act1
1.6588,1,1.4036,8.1285,34.4157,0.7424,2.0257,8.2359,3.6924,43.5473,-0.005,Act-1
2.5269,1,1.5217,7.8333,18.0108,0.7407,2.0284,11.0068,3.9407,47.9389,0.0599,Act1
3.2621,1,1.3894,7.8157,18.0108,0.7584,2.0199,8.4909,3.615,50.7166,0.2419,Act1
4.486,1,1.478,8.2146,36.0215,0.6793,2.0304,16.8217,3.7087,73.5949,-0.1827,Act1
3.7775,1,1.4195,8.1181,34.4157,0.7459,2.0313,11.397,3.8748,24.0614,-0.1145,Act1
2.5875,1,1.3779,8.1892,0.0,0.7694,2.049,4.8104,3.4755,6.1732,0.0239,Act1
2.317,1,1.514,7.8551,17.8882,0.7321,1.9827,11.265,3.6707,50.4945,-0.137,Act1
4.7957,1,1.4467,8.2351,60.6941,0.7205,2.1336,7.0453,3.8667,46.0523,-0.0027,Act1
3.2054,1,1.6335,7.5069,16.7855,0.7324,2.1325,8.288,4.4332,19.6035,-0.0244,Act1
2.7195,1,1.6335,7.5486,16.663,0.7317,2.1324,7.762,4.4332,19.6035,-0.0195,Act1
2.9939,1,1.5097,7.8365,51.2013,0.7332,2.0656,9.6113,4.4568,46.0943,0.069,Act-1
4.4289,1,1.4345,8.1111,60.6941,0.8033,1.9852,7.502,4.0306,27.5199,-0.0549,Act1
4.6659,1,1.4345,7.8867,60.6941,0.8995,1.9741,7.502,4.0306,24.788,-0.0671,Act1
1.6448,1,1.6203,7.7202,42.6833,0.6942,2.1315,11.9501,4.3337,21.487,-0.0001,Act1
4.4405,1,1.4785,8.5799,60.6941,0.6818,2.1304,6.9185,3.988,25.0717,-0.0024,Act1
3.745,1,1.4954,8.1984,60.6941,0.6942,2.13,6.1533,3.8789,31.0072,-0.0851,Act1
4.0401,1,1.5632,7.962,77.0991,0.7287,2.1344,12.1567,4.4071,21.002,-0.0083,Act1
4.5412,1,1.525,8.3561,18.0108,0.6771,2.1173,12.7567,4.134,45.1567,-0.0009,Act1
4.0048,1,1.569,8.1528,18.0108,0.7572,2.0301,10.2779,4.0214,41.2113,-0.0466,Act1
1.6642,1,1.4314,8.1515,78.7048,0.7295,2.0274,5.2504,3.7074,18.3929,0.1293,Act1
-1.0195,0,1.2145,8.7549,128.05,0.585,2.0104,0.0,2.9642,6.0627,-0.0819,Act-1
3.6485,1,1.5808,8.1422,34.7963,0.7118,2.0549,11.0499,3.913,51.1255,-0.1072,Act1
-1.1562,0,1.2209,8.3333,146.0608,0.628,1.9385,5.7423,3.2095,10.2181,-0.0491,Act1
-0.4693,0,1.2932,8.2833,50.6629,0.6467,1.9814,2.0,2.5391,7.8902,-0.1644,Act-1
0.5465,1,1.4705,8.2614,49.3022,0.7068,2.0368,8.2946,4.4248,13.4842,0.1148,Act1
1.3529,1,1.3479,8.1637,67.6935,0.6965,2.0132,5.201,3.5546,24.1435,0.0724,Act1
2.3812,1,1.4163,8.3175,51.4593,0.6903,1.9998,5.744,3.8801,33.9737,0.0783,Act1
1.5489,0,1.3433,8.8636,18.0108,0.68,2.1378,6.638,3.6388,25.8385,0.0783,Act1
-0.1618,0,1.3299,8.0119,50.9079,0.685,2.0342,3.9203,3.2233,13.8325,-0.0292,Act-1
1.3231,1,1.4774,7.6905,16.7855,0.714,1.9926,4.8603,3.6149,12.065,-0.1044,Act1
2.9438,1,1.416,8.0306,18.0108,0.733,1.9819,8.1321,3.7547,26.4508,0.0256,Act1
3.4225,1,1.4401,8.3981,18.0108,0.7147,2.0604,8.8081,3.7533,54.0232,0.1987,Act1
1.5301,1,1.2239,8.1667,18.0108,0.6826,1.901,9.78,3.4817,66.8815,0.0819,Act1
2.5183,1,1.4018,8.0877,0.0,0.8077,1.7921,4.436,3.7086,81.0526,0.0284,Act1
4.0203,1,1.5325,7.7879,0.0,0.7471,2.0387,5.2433,3.6579,53.8484,0.0192,Act-1
-1.5563,1,1.3118,8.1491,151.1611,0.6195,2.0103,0.0,3.3243,6.1874,-0.0583,Act-1
-1.8511,1,1.289,8.2372,193.8444,0.6366,2.0078,5.8652,3.3249,43.6507,0.0099,Act-1
-1.5554,1,1.3053,8.2197,188.7441,0.612,2.0195,0.0,3.3452,8.2931,-0.0753,Act-1
0.4185,1,1.3339,7.7632,93.5913,0.6107,2.0229,8.8126,3.1248,20.1081,-0.0957,Act-1
-0.3311,0,1.2982,8.2,34.7963,0.6769,1.9103,0.0,2.5964,9.7893,-0.5991,Act-1
-0.7334,0,1.2581,8.4271,246.3139,0.6433,2.1498,8.4966,4.1512,30.2484,-0.115,Act-1
4.0464,1,1.3505,7.3175,0.0,0.653,2.0393,5.4616,3.6647,23.6996,-0.1011,Act-1
1.1746,1,1.3889,8.2572,60.6941,0.7025,2.0956,7.4501,3.8054,14.5256,-0.2864,Act-1
-8.5866,1,1.2742,8.0473,60.6941,1.1932,2.0549,15.9567,3.9353,92.6543,0.1133,Act1
0.5987,1,1.2526,8.0476,18.0108,0.7213,2.0948,9.6552,3.5127,92.4619,0.0864,Act-1
3.694,1,1.4754,7.6566,0.0,0.7756,2.019,8.0447,3.7709,48.7687,-0.0125,Act1
3.0822,1,1.4796,7.5794,0.0,0.7488,2.0254,8.2178,3.7017,45.2681,-0.0454,Act-1
1.6064,1,1.2854,8.3782,18.0108,0.7279,2.0479,8.5439,3.8821,41.5773,0.0114,Act1
3.8065,1,1.3292,7.9511,60.6941,0.7562,1.9579,7.2284,4.0408,23.3683,0.0041,Act1
3.7401,1,1.265,7.6068,60.6941,0.6693,2.0933,10.8272,3.6298,26.4668,0.1615,Act1
4.1768,1,1.2723,7.4583,60.6941,0.6673,2.0934,8.8024,3.6167,21.3333,0.0627,Act1
3.2817,1,1.3197,7.9766,50.9079,0.7815,2.0117,5.7777,3.912,52.8907,-0.1093,Act1
2.545,1,1.3197,8.386,50.9079,0.7157,2.0334,5.8834,3.912,64.1315,-0.0496,Act-1
3.2817,1,1.3238,7.9766,50.9079,0.7815,2.009,4.721,3.9022,52.8907,-0.0401,Act1
2.545,1,1.3142,8.386,50.9079,0.7157,2.0331,4.6264,3.848,64.1315,-0.0313,Act1
2.7739,1,1.3168,7.8287,50.9079,0.7685,2.0199,5.5906,3.625,48.9446,0.0384,Act1
2.046,1,1.3207,7.8235,50.9079,0.7202,2.0311,5.5906,3.488,45.8895,0.0172,Act1
4.033,1,1.444,7.7927,50.9079,0.7324,2.0436,8.8676,3.8026,62.4115,0.0207,Act1
2.2473,1,1.4022,7.9167,85.5817,0.6749,2.052,11.2468,3.6492,35.5634,0.0948,Act1
2.9704,1,1.3921,7.85,34.6738,0.7213,2.0017,8.3473,3.5012,26.9064,-0.006,Act-1
2.1813,1,1.3783,7.8241,34.6738,0.7027,2.0006,10.4243,3.4451,31.5466,0.0034,Act-1
2.8366,1,1.5228,7.9368,42.6833,0.7,2.1096,10.9528,3.8586,34.8226,-0.1378,Act1
0.6175,0,1.1037,9.1548,0.0,0.6582,2.2099,2.8284,3.06,11.3201,-0.3452,Act-1
5.1738,1,1.5075,7.9948,42.6833,0.7126,2.0734,16.151,3.9395,75.843,-0.0224,Act1
2.6662,1,1.4722,7.7424,18.0108,0.7067,2.1281,9.0869,4.0134,30.313,-0.1252,Act1
2.3545,1,1.3509,7.6111,36.0215,0.6667,2.0705,10.2227,3.4762,21.3977,0.1021,Act1
0.3017,1,1.3255,7.9423,86.9294,0.6442,2.039,9.4188,3.2837,26.5312,-0.0092,Act-1
2.9232,1,1.3802,8.043,60.6941,0.6542,2.0694,10.7998,3.9461,46.4241,-0.026,Act-1
2.712,0,1.246,7.7011,60.6941,0.7047,2.0537,9.1644,3.3559,34.1512,0.1195,Act1
1.6217,1,1.2359,7.9921,144.4992,0.6517,2.0417,15.3301,3.4862,43.1537,0.0443,Act-1
2.0269,0,1.1381,8.0021,60.6941,0.6765,2.0215,11.3747,3.4517,59.2966,-0.0222,Act-1
1.1938,0,1.1168,7.8083,77.2346,0.6105,2.1106,6.2474,3.1131,20.5507,0.1105,Act-1
-0.069,0,1.182,8.4691,136.2746,0.7037,2.0434,9.3472,3.7645,87.3603,0.0553,Act1
1.6562,1,1.3298,8.0588,18.0108,0.7083,1.9896,5.5226,3.6908,26.9494,-0.1378,Act1
4.0622,0,1.1378,7.5172,18.0108,0.6673,2.1798,5.5516,3.445,29.1326,0.0981,Act1
4.9058,1,1.3341,7.6183,36.0215,0.6955,2.1784,11.5829,3.6773,62.6926,0.009,Act1
0.7094,0,1.1993,8.2755,93.5913,0.6756,2.1071,9.9968,3.6073,24.8312,-0.0468,Act-1
3.1263,1,1.537,7.9792,34.4157,0.7234,2.0583,14.9901,3.9771,64.5546,-0.0049,Act1
3.1103,1,1.5146,7.7071,18.0108,0.6819,2.1064,14.9871,3.8108,40.1155,-0.0403,Act1
1.6805,1,1.4262,7.82,52.807,0.6805,2.0733,10.8131,3.6834,30.0002,0.0391,Act1
3.037,1,1.3291,8.5567,34.4157,0.7235,2.0922,5.8486,3.8987,41.7662,-0.0005,Act1
2.7357,0,1.2443,7.4841,0.0,0.6409,2.079,10.2998,3.2839,26.0223,-0.0911,Act1
3.4893,1,1.3006,7.5049,54.0323,0.6338,2.0609,15.1777,3.677,52.98,-0.0947,Act1
3.8721,1,1.3955,7.7094,34.7963,0.7052,2.0322,10.2322,3.9822,46.7909,0.0242,Act1
3.2531,1,1.4046,7.7005,34.7963,0.7092,2.033,10.1567,3.6761,29.6539,0.0755,Act1
1.6869,1,1.3802,7.8807,52.807,0.6917,2.0237,9.4649,3.6708,36.0354,0.0745,Act1
4.1023,1,1.3989,8.0385,18.0108,0.6846,2.0533,7.3166,3.7523,42.4349,-0.0701,Act1
2.4836,1,1.398,7.7933,60.6941,0.6805,2.0505,9.9223,3.6776,23.7641,-0.1439,Act1
3.2593,1,1.3117,7.9253,75.5805,0.6501,2.0901,11.1883,3.7336,41.2557,-0.0561,Act-1
4.0886,1,1.3668,8.1398,59.4689,0.6761,2.0459,9.3946,3.8629,32.5572,0.0387,Act1
6.2816,1,1.3722,7.5417,74.3553,0.6875,2.0621,10.4631,3.5768,35.5843,0.0806,Act1
3.8208,1,1.5077,7.8594,60.6941,0.6815,2.1076,12.6846,3.8518,40.7493,0.0647,Act1
3.5824,1,1.5088,7.6882,60.6941,0.6827,2.1073,12.8793,3.8119,31.6283,0.0484,Act1
2.466,0,1.221,7.7183,54.0323,0.7016,1.9643,0.0,2.5272,13.9694,-0.0612,Act-1
1.6004,0,1.156,7.96,32.8972,0.6249,2.0446,9.8745,3.2926,41.0961,0.0416,Act1
3.0393,1,1.2673,7.5056,32.8972,0.6456,2.0878,8.7233,3.5904,44.6529,-0.0733,Act1
0.2306,0,1.1413,7.2593,108.0645,0.5951,2.0592,5.7435,2.8657,54.412,0.0169,Act-1
2.4173,1,1.3177,7.74,18.0108,0.6691,2.0543,8.3635,3.5396,30.781,-0.2671,Act-1
6.3244,1,1.3789,7.4769,31.672,0.6875,2.0475,10.0304,3.5662,39.7479,0.0655,Act1
4.6927,1,1.3545,7.5056,64.5692,0.6738,2.068,6.9818,3.5187,29.642,0.037,Act1
1.7638,1,1.4131,7.7989,101.8159,0.6507,2.074,10.8692,3.9084,27.7689,0.0697,Act1
3.3511,0,1.1332,7.537,0.0,0.663,2.0096,7.8404,3.4823,63.4979,0.012,Act-1
2.1686,0,1.2027,7.4028,50.9079,0.6346,2.0938,6.3144,3.6282,42.2283,-0.1009,Act1
1.8062,1,1.4614,8.003,93.5913,0.6895,2.0578,11.4557,3.9138,28.5106,0.1388,Act-1
1.4877,1,1.329,7.9458,75.2891,0.6688,2.0056,9.8365,3.7408,18.044,0.0072,Act-1
2.341,0,1.2215,8.2927,75.5805,0.6732,2.0622,8.6049,3.7449,42.3646,0.007,Act-1
2.4614,1,1.3422,8.0152,78.7048,0.6764,2.0352,9.5547,3.714,23.1774,0.1166,Act1
3.2417,1,1.2861,7.6615,85.3667,0.6733,2.1477,8.5773,3.7961,40.0033,-0.0512,Act-1
4.0639,1,1.5304,7.7667,0.0,0.7653,2.0082,7.6678,3.9148,88.7634,-0.3141,Act1
1.5879,0,1.2247,8.0467,60.6941,0.6607,2.0774,5.0427,3.6785,38.864,0.0309,Act-1
3.7487,1,1.3132,7.7196,18.0108,0.7165,1.9626,9.3909,3.7729,61.3765,-0.1971,Act1
1.1764,1,1.393,7.6429,69.47,0.6478,2.057,9.1044,3.9134,40.162,0.0092,Act1
3.0304,1,1.4077,8.3686,36.0215,0.6694,2.0767,8.0461,3.6879,22.0872,0.0522,Act1
4.4854,1,1.2537,7.4766,0.0,0.6687,2.1257,12.1587,3.7175,32.8223,-0.0374,Act-1
3.7144,1,1.2537,7.5078,0.0,0.6673,2.1253,12.2658,3.7175,32.3935,-0.0301,Act1
1.6431,1,1.3364,7.9568,36.0215,0.6849,2.0726,7.8026,4.4026,36.4839,-0.1761,Act1
3.3232,1,1.3919,7.8472,52.6845,0.7254,2.0708,7.9514,4.0432,41.908,-0.0119,Act1
2.9611,1,1.3897,7.9861,52.6845,0.7035,2.0708,7.9473,4.0431,47.5284,0.0426,Act1
1.6037,1,1.3646,7.9452,52.6845,0.6881,2.0708,11.3261,4.0842,53.3543,0.0313,Act1
2.9611,1,1.3897,7.9861,52.6845,0.7035,2.0708,7.9473,4.0431,47.5284,0.0505,Act1
3.4249,1,1.3919,7.7986,52.6845,0.7372,2.0708,7.9514,4.0432,41.4625,-0.0156,Act1
3.3232,1,1.3919,7.8472,52.6845,0.7254,2.0708,7.9514,4.0432,41.908,-0.0119,Act1
3.4895,1,1.4162,7.7173,36.0215,0.7241,2.0837,9.3255,4.0278,37.9619,-0.0148,Act1
3.3467,1,1.4162,7.7173,36.0215,0.7241,2.0852,8.9358,4.0278,38.3907,-0.0143,Act1
3.2457,1,1.4162,7.7659,36.0215,0.7128,2.0865,8.9358,4.0278,38.8362,-0.0284,Act1
2.8212,1,1.3931,7.7438,52.6845,0.7167,2.0704,8.1522,4.0429,37.9619,0.0273,Act1
2.7188,1,1.3931,7.7942,52.6845,0.705,2.0708,8.1522,4.0429,38.4074,0.0152,Act1
4.1568,1,1.4162,7.7302,36.0215,0.7138,2.0886,8.5321,4.0278,38.8362,-0.0307,Act1
3.2824,1,1.5332,7.9838,52.4265,0.7234,2.0631,13.7776,3.9786,68.169,0.0281,Act-1
2.2182,1,1.3414,7.4286,16.7855,0.7377,1.9616,3.8643,3.512,46.833,-0.0724,Act-1
2.8276,1,1.4045,7.5167,34.6738,0.7188,1.9666,7.673,3.6277,51.7674,-0.2009,Act1
4.0526,1,1.5357,7.8712,34.4157,0.7316,2.05,11.4179,3.9786,63.8932,0.0677,Act1
4.8198,0,1.2268,7.0238,31.672,0.6782,2.029,3.3113,3.4462,35.1399,-0.1568,Act-1
1.7649,0,1.2927,7.7262,0.0,0.688,2.042,3.6621,3.1191,20.1497,-0.5951,Act1
2.4157,0,1.2454,7.3571,0.0,0.7102,1.9957,4.6493,3.2549,41.2093,0.185,Act-1
3.9103,0,1.0855,7.4504,54.0323,0.655,2.099,7.6542,3.093,73.0743,-0.0172,Act1
5.2817,0,1.0,7.0167,18.0108,0.5991,2.1072,0.0,2.4541,37.5891,0.0628,Act1
3.71,1,1.459,7.7417,36.0215,0.6856,2.0523,13.635,3.9194,31.5899,-0.0806,Act1
3.2057,1,1.2841,7.6444,18.0108,0.668,2.0367,9.121,3.5317,35.4174,-0.001,Act1
6.0172,1,1.3848,8.1035,59.4689,0.6583,2.0578,13.1339,4.0947,48.7036,0.0295,Act1
5.2305,1,1.5239,7.6667,59.4689,0.6968,2.0753,10.6072,4.0375,34.4497,-0.0826,Act1
1.5687,0,1.1467,7.4444,18.0108,0.6097,2.0099,6.4375,2.7318,33.4168,-0.112,Act1
2.7453,1,1.5149,7.5625,49.6827,0.6792,2.0413,6.4926,4.3531,26.9849,-0.1969,Act1
3.4347,1,1.5086,7.5098,16.7855,0.7179,2.0222,4.3645,3.4728,11.8846,-0.1589,Act-1
4.8269,1,1.3394,8.3244,36.0215,0.6553,2.0623,7.6983,3.8525,33.9666,0.0246,Act-1
2.3173,1,1.3095,7.6739,60.6941,0.6313,2.0424,9.9744,3.1058,30.7394,-0.1338,Act1
3.6325,1,1.4155,7.5944,50.9079,0.6472,2.0461,10.705,3.7733,43.332,-0.1262,Act1
4.5076,0,1.2019,7.7427,42.6833,0.6679,2.0635,8.3199,3.3573,31.7089,-0.0407,Act1
3.926,0,1.1794,7.4487,18.0108,0.6317,2.0735,9.5134,3.3997,35.9539,0.1053,Act-1
4.6974,1,1.2846,7.381,42.6833,0.6463,2.056,9.9466,3.5765,43.3405,0.068,Act1
3.2301,1,1.3816,7.9167,34.7963,0.6536,2.0823,11.1147,3.8914,40.3924,0.1454,Act1
1.5238,0,1.2702,7.4444,18.0108,0.6591,1.9992,4.7107,3.0283,12.2594,0.2028,Act-1
3.3139,1,1.3581,7.3958,18.0108,0.6696,2.0287,0.0,3.4397,13.1171,0.0354,Act1
2.9507,1,1.2958,7.425,18.0108,0.6694,2.0455,6.5893,3.4123,16.6931,0.0944,Act-1
2.713,1,1.3309,7.4074,36.0215,0.6543,2.0215,0.0,3.4437,14.794,-0.0004,Act1
3.2724,0,1.0,7.0513,18.0108,0.5939,2.0701,0.0,2.2784,25.3453,0.0361,Act1
3.22,1,1.3338,7.6167,36.0215,0.6672,2.072,7.6774,4.1051,42.2881,-0.4244,Act1
6.3081,1,1.4078,8.4722,16.7855,0.6629,2.0874,9.1159,4.0781,37.3224,0.1319,Act-1
1.8813,1,1.4281,7.4815,16.7855,0.7056,2.0097,0.0,2.3342,4.7171,0.0632,Act-1
0.9886,1,1.4281,7.7037,16.663,0.6985,2.0064,2.6494,2.3342,4.2883,-0.0884,Act1
3.4281,0,1.2557,7.6406,18.0108,0.7279,2.0973,3.9203,3.5107,30.2114,0.0834,Act1
2.2209,0,1.2045,7.2619,0.0,0.6447,2.1101,2.8284,3.1412,31.3032,-0.3131,Act1
3.3395,1,1.3868,7.6818,18.0108,0.7065,1.9904,7.5267,3.7034,63.8656,-0.1679,Act1
2.4421,0,1.2381,7.3222,18.0108,0.6562,2.0855,4.5032,3.1793,20.5141,-0.1001,Act-1
3.4741,1,1.3967,7.4286,18.0108,0.7695,2.0392,0.0,3.5799,40.8345,-0.1831,Act1
3.9407,1,1.5313,7.3846,0.0,0.7949,2.037,0.0,3.4176,37.9152,-0.3321,Act-1
2.5242,1,1.4118,7.4167,18.0108,0.686,2.1312,6.6445,3.25,17.4054,0.0962,Act-1
2.9881,1,1.4652,7.4333,0.0,0.7248,2.1217,0.0,2.4271,5.1459,-0.0182,Act1
2.114,1,1.3265,7.4479,0.0,0.7346,1.9632,6.6787,2.9018,79.5448,-0.2297,Act1
3.6518,1,1.3202,7.3235,16.405,0.7163,2.0154,5.7435,2.8574,78.8213,-0.1187,Act1
3.6289,1,1.285,7.3467,36.0215,0.6464,1.9999,10.7532,3.1023,66.934,0.063,Act1
4.706,1,1.3572,7.9435,0.0,0.6852,2.0214,5.547,3.9826,39.3688,0.0368,Act1
4.1334,1,1.4516,7.4275,0.0,0.6771,2.1375,6.4765,3.6779,26.4792,0.1183,Act1
2.355,1,1.3685,7.9151,52.6845,0.6922,2.0708,10.4569,4.0847,49.2386,-0.0514,Act1
3.1834,1,1.3265,7.5708,16.7855,0.6661,2.0751,10.4776,4.0163,40.3506,-0.0229,Act1
3.1057,1,1.33,8.0435,18.0108,0.6737,2.038,7.3239,3.7882,36.9387,-0.29,Act1
3.8855,1,1.3812,7.729,72.043,0.7145,2.0347,10.7284,3.697,69.0431,-0.0685,Act1
4.722,1,1.5369,7.6667,18.0108,0.695,2.1392,9.0945,3.9359,36.4735,-0.1777,Act1
3.133,1,1.3203,7.8527,60.6941,0.6799,2.0242,9.9587,3.6922,28.2905,0.065,Act1
3.9867,1,1.2318,7.4786,18.0108,0.6391,2.0895,11.1365,3.4867,58.4158,-0.0256,Act-1
2.8712,0,1.2202,7.7063,32.8972,0.7131,2.0177,6.2347,3.4638,55.3746,-0.2244,Act1
4.0725,1,1.4299,7.6505,0.0,0.7005,2.0784,7.4679,3.7366,30.2509,-0.0276,Act1
4.3979,1,1.4191,8.1944,0.0,0.6697,2.0852,7.2811,3.8465,29.9358,-0.1105,Act1
4.0725,1,1.4285,7.6505,0.0,0.7005,2.0787,7.1281,3.7162,30.2509,0.0121,Act1
4.3979,1,1.423,8.1944,0.0,0.6697,2.0857,7.2811,3.8756,29.9358,-0.0161,Act1
3.468,1,1.4316,7.5797,0.0,0.6801,2.0812,7.2811,3.6691,26.7503,-0.0506,Act1
1.6982,0,1.2483,7.918,42.6833,0.6364,2.0364,9.543,2.9935,24.7704,0.0278,Act-1
5.0739,1,1.5311,7.6444,18.0108,0.6888,2.1406,9.9922,3.9355,39.008,-0.0676,Act-1
4.1114,1,1.438,7.596,0.0,0.7001,2.0672,6.257,3.6534,30.5662,0.0163,Act1
3.3378,1,1.2953,7.5385,32.8972,0.6635,2.0594,10.2657,3.5632,64.8793,-0.0467,Act1
2.9155,1,1.2888,7.5769,32.8972,0.6617,2.0553,9.6755,3.5606,65.8488,-0.1068,Act1
4.7428,1,1.3822,7.5412,0.0,0.6806,2.154,10.4099,3.6757,41.8592,-0.0211,Act1
3.6847,1,1.383,7.5167,0.0,0.6642,2.1539,11.0733,3.553,37.9298,-0.103,Act1
2.4389,1,1.2843,7.8086,50.9079,0.6712,2.0364,9.5918,3.6868,72.245,-0.0337,Act1
3.9072,1,1.3232,7.447,42.6833,0.651,2.0709,9.3111,3.3866,26.012,0.0876,Act1
3.6529,1,1.5286,7.6609,42.6833,0.6947,2.0577,10.3793,4.4842,62.2641,0.0521,Act-1
3.1875,1,1.3794,7.7625,59.4689,0.672,2.0346,10.7563,3.8628,36.3397,0.0873,Act-1
3.6425,1,1.4893,7.4885,33.326,0.6668,2.0525,11.2217,3.7963,39.9294,0.1246,Act-1
7.22,1,1.5211,8.1032,34.2932,0.708,2.0177,11.7097,4.4746,86.7285,-0.0206,Act-1
2.5648,0,1.0,7.0196,0.0,0.6081,2.1628,4.1664,2.7837,26.1645,-0.0493,Act-1
3.115,1,1.357,8.2213,77.3571,0.6779,2.0419,11.6674,3.6795,30.9066,-0.1035,Act1
2.5074,1,1.391,8.0965,32.8972,0.6741,2.0867,5.9161,3.8641,17.9951,-0.0582,Act1
4.4175,1,1.4338,7.4615,59.4689,0.6654,2.0647,11.9916,3.7339,30.7291,0.032,Act1
3.5807,1,1.4241,8.092,18.0108,0.6654,2.0573,10.9485,3.7001,31.3276,-0.0703,Act1
3.9004,1,1.388,7.6902,34.6738,0.6984,2.0013,9.9869,3.6742,26.407,-0.0577,Act1
3.5058,1,1.3772,7.6528,16.7855,0.6875,2.0253,10.9371,3.9548,42.6885,-0.0262,Act1
1.7171,1,1.3507,7.9144,35.899,0.6837,2.0757,14.6553,3.9199,52.4654,0.0036,Act-1
1.3241,1,1.4138,7.8205,17.8882,0.7011,2.1297,8.9446,3.9749,32.3282,-0.2601,Act1
4.3374,1,1.4046,7.858,36.0215,0.6755,2.0455,8.3483,3.8703,40.8774,-0.0104,Act1
4.1862,1,1.4069,7.6538,36.0215,0.6769,2.0454,8.4207,3.6523,31.7564,-0.0391,Act1
4.8683,1,1.3991,8.0259,36.0215,0.669,2.0483,8.2363,3.8348,25.821,-0.0232,Act1
3.8254,1,1.3795,7.4236,36.0215,0.6991,2.0406,8.2617,3.4906,52.0859,-0.0458,Act1
4.4268,1,1.2669,8.408,42.6833,0.6454,2.0846,9.0344,3.7557,40.2665,0.1393,Act1
4.1064,1,1.2669,7.9306,42.6833,0.6703,2.0752,9.4975,3.7557,40.5815,0.1037,Act1
5.82,1,1.5145,8.0648,50.9079,0.6873,2.1008,16.1096,3.867,64.2159,0.083,Act-1
3.1043,1,1.4103,8.2806,60.6941,0.6521,2.0593,8.885,3.9279,36.5101,0.197,Act1
5.3838,1,1.2512,7.7881,18.0108,0.6631,2.0801,9.9721,3.8071,50.2067,0.0306,Act1
4.467,1,1.3722,7.6443,0.0,0.6875,2.1163,13.1892,3.8411,48.6468,0.0501,Act1
2.0987,1,1.3512,8.2351,50.9079,0.6803,2.1143,10.8018,3.8213,46.4397,-0.1418,Act-1
3.9593,1,1.3315,7.6042,0.0,0.7525,2.0102,8.973,3.4778,50.0563,-0.0402,Act1
4.34,1,1.5219,7.5864,32.8972,0.736,2.0477,11.4946,3.9085,89.6211,-0.1247,Act1
2.5945,1,1.3381,8.087,32.8972,0.6821,2.0827,8.3687,3.7877,54.4626,-0.144,Act1
3.187,1,1.3129,7.7024,32.8972,0.7244,2.0228,8.3249,3.4885,54.761,-0.0366,Act1
3.4172,1,1.3075,8.3646,32.8972,0.6756,2.0258,8.4713,3.6977,54.8915,-0.1314,Act1
3.0819,1,1.3129,7.7672,32.8972,0.711,2.023,8.3249,3.4885,55.2065,-0.1051,Act1
2.7162,1,1.3129,7.9524,32.8972,0.6861,2.0237,8.0541,3.4885,60.8269,-0.1475,Act1
1.9088,1,1.3129,7.7619,65.7944,0.6783,2.0246,8.0541,3.4885,54.4626,-0.1496,Act1
2.5945,1,1.3333,8.087,32.8972,0.6821,2.0822,8.666,3.8181,54.4626,-0.1761,Act1
3.187,1,1.3114,7.7024,32.8972,0.7244,2.0229,8.973,3.4782,54.761,-0.0113,Act1
2.2703,1,1.3393,7.8636,32.8972,0.7025,2.0241,8.9248,3.5546,54.8915,-0.167,Act1
3.4172,1,1.3033,8.3646,32.8972,0.6756,2.0257,8.4713,3.7152,54.8915,-0.195,Act1
3.0819,1,1.3114,7.7672,32.8972,0.711,2.023,8.973,3.4782,55.2065,-0.0902,Act1
2.7162,1,1.3114,7.9524,32.8972,0.6861,2.0237,7.5797,3.4782,60.8269,-0.141,Act1
1.9088,1,1.3114,7.7619,65.7944,0.6783,2.0245,7.5797,3.4782,54.4626,-0.1132,Act1
3.5071,1,1.3006,8.39,32.8972,0.6702,2.024,7.6162,3.5307,56.9493,-0.1673,Act1
3.8971,1,1.4122,7.6728,32.8972,0.6964,2.0273,10.9068,3.574,62.1927,-0.1524,Act1
3.8119,1,1.405,7.6488,32.8972,0.69,2.027,12.0474,3.5142,64.7273,-0.0826,Act1
2.2703,1,1.3436,7.8636,32.8972,0.7025,2.0241,8.3982,3.558,54.8915,-0.1551,Act1
2.4702,1,1.3138,7.6917,32.8972,0.6878,2.0236,8.4713,3.3388,51.7059,-0.1659,Act1
2.5945,1,1.3525,8.087,32.8972,0.6821,2.0849,8.9281,3.7071,54.4626,-0.1139,Act1
3.187,1,1.3177,7.7024,32.8972,0.7244,2.0227,8.3634,3.5168,54.761,0.0119,Act-1
2.2703,1,1.3565,7.8636,32.8972,0.7025,2.0242,8.5814,3.5667,54.8915,-0.1246,Act1
3.4172,1,1.32,8.3646,32.8972,0.6756,2.0263,8.4713,3.6518,54.8915,-0.1176,Act1
3.9253,1,1.4532,7.6218,32.8972,0.7015,2.0568,11.5132,3.6941,58.077,-0.1015,Act1
3.0819,1,1.3177,7.7672,32.8972,0.711,2.0229,8.3634,3.5168,55.2065,-0.0401,Act1
2.4589,1,1.3008,7.6594,32.8972,0.6825,2.0232,8.2359,3.7153,67.2618,-0.1117,Act1
2.1455,1,1.2967,7.7153,32.8972,0.6772,2.0316,7.6899,3.709,71.3775,-0.1294,Act1
2.1797,1,1.3008,7.7464,32.8972,0.684,2.0228,7.6899,3.7153,68.843,-0.1055,Act1
3.4258,1,1.4434,7.6319,32.8972,0.7026,2.1259,11.5283,3.8699,56.8518,-0.115,Act1
2.8816,1,1.4126,7.7029,32.8972,0.6976,2.0215,9.2918,3.826,61.3783,-0.1036,Act1
1.537,1,1.3138,7.7417,32.8972,0.6859,2.023,7.6592,3.3388,51.7059,-0.1539,Act1
1.0807,0,1.2067,7.8802,32.8972,0.6771,2.0516,4.5317,3.0511,18.9393,0.0506,Act1
2.6705,1,1.3129,7.9524,32.8972,0.6861,2.0213,8.4567,3.4885,59.4286,-0.0854,Act1
2.2103,1,1.2953,7.6154,32.8972,0.6639,2.0416,10.047,3.5632,66.4605,-0.0288,Act1
3.1413,1,1.3114,7.7024,32.8972,0.7244,2.0213,9.2702,3.4782,53.3626,-0.0139,Act1
3.0362,1,1.3114,7.7672,32.8972,0.711,2.0213,9.2702,3.4782,53.8081,-0.1011,Act1
3.0908,1,1.2933,8.1967,32.8972,0.6808,2.0213,7.6741,3.7629,60.7944,-0.1064,Act1
2.0998,1,1.2967,7.7153,32.8972,0.6772,2.0218,7.6741,3.709,69.9792,-0.0879,Act1
2.8062,1,1.3418,7.7462,32.8972,0.6964,2.0733,8.2978,3.4757,24.8816,0.0298,Act1
1.7732,1,1.3266,7.7533,32.8972,0.6551,2.0837,7.1595,3.6788,41.4982,-0.0367,Act1
1.0388,0,1.2082,7.9653,32.8972,0.6601,2.0523,4.3654,3.0454,18.956,0.0259,Act1
2.7297,1,1.3114,7.75,32.8972,0.7235,2.0211,8.6358,3.4782,52.9338,-0.0229,Act1
2.7565,1,1.2469,7.724,0.0,0.6603,2.078,12.575,3.7162,44.3373,-0.1658,Act1
3.3923,1,1.2716,7.5673,0.0,0.6988,2.0475,11.8041,3.4789,68.1572,-0.0318,Act1
4.9667,1,1.3795,7.5895,18.0108,0.7303,2.0427,10.1554,3.4933,57.5177,-0.0329,Act1
5.0342,1,1.3665,7.5489,18.0108,0.7141,2.039,11.4034,3.4784,62.5868,-0.0227,Act1
5.7347,1,1.3549,7.5134,18.0108,0.7012,2.0365,13.0923,3.4784,67.6559,-0.0195,Act-1
3.7092,1,1.2891,7.8828,18.0108,0.6507,2.1008,10.7928,3.7138,38.5661,0.1192,Act1
3.1345,1,1.4394,7.8838,16.663,0.676,2.0558,11.7707,4.4954,49.662,-0.1418,Act1
5.2229,1,1.2863,7.6698,32.8972,0.7002,2.0844,13.2304,3.8705,57.0693,-0.0222,Act1
3.702,1,1.3946,7.7333,59.4689,0.6601,2.0701,12.1909,3.7791,32.8435,0.0586,Act1
3.9768,1,1.4152,7.5641,18.0108,0.6752,2.1332,10.1994,3.4905,26.7503,-0.0153,Act1
1.9092,1,1.3723,7.7586,0.0,0.6703,2.055,10.8245,3.9547,46.947,0.0096,Act1
3.3514,1,1.3156,7.6897,18.0108,0.6521,2.066,14.7406,3.5264,34.7702,0.0128,Act1
3.9332,1,1.4158,8.0556,18.0108,0.6608,2.0769,11.177,3.7,33.8621,0.0269,Act1
3.4277,1,1.4229,7.7679,65.7944,0.6545,2.1248,10.6977,3.7791,42.4727,-0.059,Act1
3.2313,1,1.3099,7.4781,32.8972,0.7242,2.015,5.2546,3.4776,50.0563,0.0084,Act1
7.6197,1,1.3889,7.4264,31.672,0.6901,2.0761,11.3666,3.5756,42.5525,0.036,Act1
3.4968,1,1.2727,7.869,18.0108,0.6584,2.0558,10.7406,3.7557,43.6846,-0.0504,Act1
2.6136,0,1.2318,7.8436,18.0108,0.66,2.031,11.4395,3.8804,53.1356,0.1041,Act1
2.9657,1,1.2944,7.5409,32.8972,0.7101,2.0049,6.3348,3.6196,53.9659,0.0607,Act1
3.5909,1,1.4136,7.7471,60.6941,0.669,2.0539,11.5086,3.8048,30.9422,0.0987,Act-1
3.3587,1,1.4136,7.7471,60.6941,0.669,2.0553,11.3236,3.8048,31.3711,0.1006,Act1
2.159,0,1.1429,7.4921,18.0108,0.6296,2.0144,3.9373,3.3612,29.1522,0.093,Act1
4.1627,1,1.5329,7.7273,85.3667,0.6753,2.1382,14.091,4.4297,35.4984,0.0893,Act1
2.7607,0,1.3082,8.1753,0.0,0.6561,2.0426,9.8173,3.7498,28.3659,0.0209,Act1
-0.1677,0,1.303,7.9074,68.9187,0.6758,2.0236,5.8068,3.6876,62.2426,0.1097,Act-1
3.1354,1,1.4123,7.8655,95.1098,0.6889,2.0652,12.232,3.9795,27.0357,0.0015,Act-1
2.5145,0,1.1996,8.5507,18.0108,0.652,2.0454,2.8284,3.2865,17.0081,0.0496,Act1
3.0672,1,1.3169,7.4306,18.0108,0.737,1.9889,5.6676,3.4771,49.1987,-0.0283,Act1
2.8905,1,1.6161,7.598,36.0215,0.7058,2.1151,11.5308,4.3523,65.0117,0.1566,Act1
3.2677,1,1.247,7.8704,18.0108,0.6888,2.0598,12.0286,3.7088,73.4674,-0.04,Act1
3.7181,1,1.2817,8.1833,18.0108,0.6803,2.0647,9.248,3.4907,16.9776,-0.0599,Act1
3.5346,1,1.3915,7.9382,18.0108,0.7073,2.0779,12.731,3.811,41.8929,0.0333,Act1
3.3821,1,1.4282,7.7,42.6833,0.6838,2.1363,11.6752,3.6759,24.2157,0.0003,Act1
4.4717,1,1.3866,7.5994,0.0,0.7401,2.0416,10.2092,3.716,57.0889,-0.0537,Act1
3.7484,1,1.3592,7.6633,0.0,0.7379,2.0086,11.836,3.7401,59.3521,-0.0672,Act1
2.6549,1,1.3114,7.7341,32.8972,0.7235,2.0075,10.5879,3.4782,53.4745,-0.0013,Act1
4.1715,1,1.3821,7.7531,0.0,0.7481,2.0644,10.3342,3.9934,50.7494,-0.0659,Act1
5.0884,1,1.5786,7.6789,0.0,0.7336,2.1529,11.0853,4.5069,57.1285,-0.0574,Act1
2.0317,1,1.4701,7.6724,0.0,0.6888,2.0868,10.5943,3.5816,25.4409,-0.1844,Act1
3.4945,1,1.5448,7.8889,16.405,0.7032,2.1247,16.5016,4.5655,42.7756,-0.0351,Act1
6.3193,1,1.3912,7.4509,31.672,0.6951,2.0682,13.53,3.626,40.4845,0.0401,Act1
3.3925,1,1.2252,7.159,32.8972,0.6695,2.0883,12.8811,3.4314,34.2897,0.0328,Act1
3.0523,1,1.2256,7.5748,42.6833,0.6543,2.0883,12.8811,3.4314,29.585,0.0396,Act1
1.3006,0,1.3114,7.6667,60.6941,0.6352,2.0357,7.4234,2.9019,25.2652,0.0021,Act-1
3.6539,1,1.3481,8.2725,18.0108,0.6784,2.0717,11.385,3.8584,45.7659,0.0316,Act1
1.8264,1,1.4712,7.7928,18.0108,0.6837,2.0644,11.7474,4.5392,55.3299,-0.031,Act1
5.6401,1,1.2614,7.304,18.0108,0.7175,2.1475,6.5141,3.7696,22.6025,-0.0057,Act1
3.5985,1,1.3725,7.6838,50.9079,0.7282,2.1346,8.1588,3.7853,64.0387,0.1304,Act1
2.7935,1,1.3979,7.7654,50.9079,0.7204,2.1346,9.9481,3.7944,63.7237,0.0965,Act1
-1.5489,0,1.1084,8.5866,92.2745,0.6511,2.0089,2.7495,3.7165,24.6321,-0.0282,Act-1
1.3157,1,1.3433,7.3958,18.0108,0.6836,2.1005,3.8643,3.584,17.4054,0.1298,Act-1
-0.5364,0,1.2168,7.3333,18.0108,0.6282,2.1054,4.7622,2.4203,12.8949,-0.0021,Act-1
4.1486,1,1.4777,7.9333,36.0215,0.6885,2.1387,5.0244,3.869,40.3032,-0.0587,Act1
2.8745,1,1.4478,7.5581,36.0215,0.6962,2.0724,6.1677,3.6964,19.8033,0.0659,Act1
3.882,1,1.3691,7.4873,34.6738,0.6984,2.1064,9.2076,3.8242,25.5234,-0.0024,Act1
4.0993,1,1.4112,7.8021,95.1098,0.6986,2.0749,11.6976,3.8799,27.8767,0.0321,Act-1
4.0007,1,1.4112,7.8446,95.1098,0.6901,2.075,11.6976,3.8799,28.3222,0.0621,Act-1
4.1702,1,1.4391,7.5679,36.0215,0.6817,2.0729,11.8146,3.6926,34.5973,0.0901,Act1
4.2016,1,1.4136,7.8446,95.1098,0.6901,2.0856,12.1262,3.9798,28.3222,0.0111,Act1
3.1045,1,1.441,7.5338,36.0215,0.6882,2.0801,6.6642,3.6963,22.3378,0.1495,Act1
3.8542,1,1.3602,7.7511,16.7855,0.7144,2.0465,6.4027,3.6253,65.097,0.1166,Act1
2.1429,1,1.3226,7.7244,32.8972,0.6508,2.0778,8.5781,3.6771,44.4615,-0.0082,Act1
4.0067,1,1.3634,7.5914,18.0108,0.6858,2.0421,12.1868,3.7071,75.2704,-0.1289,Act1
2.8657,1,1.293,7.7667,42.6833,0.674,2.0155,8.9853,3.7071,68.7189,-0.152,Act1
3.1697,1,1.3512,7.4691,16.7855,0.6823,2.0217,8.6051,3.7078,70.137,-0.1518,Act1
2.3755,1,1.293,7.6867,32.8972,0.6713,2.0236,8.2193,3.7071,73.912,-0.1485,Act1
2.0015,1,1.3226,7.7244,32.8972,0.6508,2.0761,8.0278,3.6771,44.0327,-0.0697,Act1
1.9306,1,1.293,7.7267,32.8972,0.6694,2.0211,8.5824,3.7071,72.0849,-0.1181,Act1
2.2381,1,1.3381,8.1733,17.8882,0.7388,2.0258,7.9142,3.9744,91.8241,0.0246,Act1
4.7018,1,1.4088,7.9902,34.7963,0.7124,2.0318,11.1708,3.9201,91.072,-0.0028,Act1
3.3796,1,1.409,8.5515,32.81,0.7,2.0795,11.5118,4.6995,31.4722,-0.0262,Act1
3.1949,1,1.4823,7.599,18.0108,0.6997,2.0953,9.6508,4.0751,46.7938,0.1159,Act1
3.8531,1,1.3695,7.5262,18.0108,0.6752,2.0967,12.0952,3.5583,70.3215,0.0457,Act1
4.7298,1,1.4484,8.1296,18.0108,0.6923,2.0355,12.6197,4.0577,72.9328,-0.0465,Act1
4.1551,1,1.3074,8.3784,36.0215,0.6807,2.0418,9.0826,3.8819,38.6636,0.2482,Act-1
1.9546,1,1.2793,7.7853,34.6738,0.6722,2.0113,10.2903,3.3846,40.5092,0.0548,Act1
3.2464,1,1.2823,8.3038,18.0108,0.6542,2.0231,9.9317,3.6593,40.569,-0.0062,Act1
1.4848,1,1.4203,7.7101,0.0,0.6795,2.0812,7.966,3.5793,28.5152,-0.038,Act1
2.6986,1,1.4203,7.8356,0.0,0.7235,2.0711,8.3666,3.8973,35.5164,0.0169,Act1
3.7409,1,1.3937,7.8272,18.0108,0.7167,1.9849,8.9515,3.6455,101.0428,0.1602,Act1
2.8197,1,1.472,7.5937,18.0108,0.6871,2.0968,9.797,4.0685,44.8563,0.0765,Act1
2.4139,1,1.368,7.7361,32.8972,0.6778,2.0915,8.3115,3.6488,40.9012,0.1003,Act1
2.4699,1,1.3868,7.6905,0.0,0.6861,2.1485,8.1321,3.6316,36.9192,0.0591,Act1
3.1749,1,1.5868,7.5269,34.6738,0.6889,2.1165,10.0953,4.3604,33.6123,0.1123,Act1
3.2983,1,1.3169,7.4861,0.0,0.743,1.9702,8.3961,3.4771,54.172,-0.0194,Act1
2.6662,1,1.5247,7.7051,42.6833,0.6894,2.0812,8.2371,3.9172,35.1983,0.0314,Act1
3.379,1,1.4416,7.7083,18.0108,0.712,2.1375,11.5265,3.7946,34.1433,0.0164,Act1
1.318,1,1.3117,7.94,83.8051,0.6694,2.038,7.6006,3.6417,67.6047,0.0629,Act1
1.1427,1,1.2761,7.7809,34.6738,0.6652,1.9997,11.7871,3.3844,41.7572,0.0556,Act-1
2.3944,1,1.3217,8.0744,18.0108,0.7006,2.0611,9.5909,3.7124,29.0945,-0.0116,Act1
1.3744,1,1.3127,8.1601,18.0108,0.685,2.0752,9.7733,4.759,44.0414,-0.0355,Act1
3.0996,1,1.4091,8.2063,34.4157,0.7455,2.0694,12.7704,4.7205,64.8024,0.0684,Act1
1.9988,1,1.4202,7.9741,18.0108,0.712,2.0632,11.517,3.9608,60.1291,0.0246,Act1
-0.5116,0,1.1718,8.2056,32.8972,0.6816,1.9931,2.5864,3.4463,45.1746,-0.1965,Act1
2.6928,1,1.5244,7.8737,0.0,0.7083,2.1087,13.4079,4.4749,27.501,0.0026,Act1
0.0576,0,1.0,7.2,0.0,0.594,2.1326,0.0,2.0,10.0613,-0.8648,Act-1
2.5682,1,1.4297,7.8116,36.0215,0.6997,1.9917,9.2451,3.7014,32.4399,0.0715,Act-1
3.55,1,1.4101,7.5942,17.8882,0.7321,2.0001,8.3828,3.9422,58.7488,0.0535,Act1
6.8466,1,1.42,7.547,31.672,0.7124,2.0514,12.0869,3.927,47.8745,0.0435,Act-1
4.5283,0,1.0882,7.5367,42.6833,0.6332,2.1498,9.218,3.861,26.0608,-0.047,Act1
5.2391,0,1.221,7.5313,42.6833,0.6546,2.1415,9.381,3.8786,38.3742,0.005,Act-1
3.247,1,1.5073,7.8238,50.9079,0.6903,2.0828,12.7706,3.797,34.8399,-0.2154,Act1
-1.0448,0,1.265,7.6722,85.3667,0.8597,2.015,12.8644,3.187,31.0019,-0.053,Act-1
2.7497,0,1.265,7.9368,85.3667,0.6433,2.015,12.8644,3.187,31.0019,-0.0592,Act-1
3.6689,0,1.1733,7.8782,128.05,0.6207,1.9612,13.2696,2.9677,21.8372,0.0305,Act1
-4.2295,0,1.4786,8.3922,597.5668,0.6006,2.0205,15.7943,3.462,36.3097,-0.0107,Act-1
2.9602,0,1.3716,8.119,42.6833,0.7421,2.003,9.732,3.547,47.8617,-0.0612,Act1
0.5935,1,1.3864,8.0088,151.1611,0.6536,2.0183,11.9902,3.8883,93.9418,-0.0811,Act-1
1.6686,1,1.4041,7.6444,34.7963,0.6455,2.0151,4.2426,2.9375,11.4786,-0.0948,Act1
3.2254,0,1.1693,7.55,0.0,0.6305,1.981,5.6557,2.9255,15.9226,0.1148,Act-1
3.5379,0,1.0635,7.6833,42.6833,0.6236,2.1504,8.1796,3.8674,31.1943,-0.0548,Act1
3.0259,0,1.0667,7.7101,42.6833,0.6279,2.1357,8.2334,3.5019,33.7288,-0.046,Act-1
2.4071,0,1.062,8.0577,85.3667,0.6214,2.1458,7.8221,3.9454,31.1943,-0.0616,Act-1
0.6324,1,1.2961,8.2431,203.6306,0.6507,2.1408,10.5808,3.993,42.1175,0.1165,Act-1
3.3452,0,1.0637,7.68,42.6833,0.6236,2.15,7.8324,3.6687,28.6597,-0.1325,Act1
3.6957,1,1.3915,8.0931,60.6941,0.675,2.0925,13.7356,3.7871,46.1188,0.0387,Act1
2.2848,1,1.3042,8.0642,18.0108,0.6978,2.0847,10.7427,3.9055,37.7315,0.0242,Act1
1.9969,1,1.2966,7.9861,0.0,0.6686,2.0879,12.2547,3.9981,30.8387,-0.0155,Act1
1.7712,1,1.305,8.0208,18.0108,0.6803,2.0875,10.9717,3.8431,34.2309,-0.0262,Act1
2.4154,1,1.3245,7.8551,32.8972,0.6825,2.0262,9.5193,3.623,60.0249,-0.1044,Act1
3.1822,1,1.5442,7.78,0.0,0.7586,2.0261,9.1683,3.8323,82.8923,0.0129,Act1
3.2592,1,1.4405,8.0333,0.0,0.72,2.0296,8.4416,3.7888,65.7188,-0.0424,Act1
1.8488,1,1.3402,7.9048,60.6941,0.6295,2.0092,7.3494,3.331,29.933,0.0507,Act-1
3.7812,1,1.3538,7.558,0.0,0.6828,2.0704,6.9268,3.7262,55.8995,-0.0424,Act1
4.1178,0,1.0671,7.5362,0.0,0.6289,2.1451,8.4627,3.6581,33.7288,-0.0527,Act-1
3.2619,1,1.3095,7.5652,0.0,0.6681,2.0245,8.5865,3.5516,53.4931,-0.0263,Act1
3.2922,1,1.3896,8.3333,42.6833,0.6845,2.1093,9.108,3.9554,32.4162,-0.0685,Act1
2.5427,1,1.3714,8.0652,0.0,0.6981,2.0745,6.565,3.612,34.4263,0.001,Act1
6.7847,0,1.2582,7.4722,0.0,0.6116,1.9914,16.0543,3.0121,38.152,0.052,Act-1
2.6611,1,1.2713,7.9861,0.0,0.6778,2.0195,7.4409,3.4641,25.1253,-0.0749,Act1
0.9718,0,1.19,8.1167,0.0,0.6241,2.0076,7.7527,3.2015,28.9079,-0.3364,Act-1
1.0867,0,1.2304,8.0313,0.0,0.6328,2.0204,5.2894,3.0404,14.2718,0.2094,Act-1
-1.2555,0,1.1998,8.4518,292.1216,0.7331,1.9988,8.7606,3.4165,34.5379,-0.0848,Act-1
-0.7025,0,1.205,8.4071,249.4382,0.7458,1.9975,8.3825,3.4161,34.5379,-0.0985,Act-1
0.6892,0,1.2369,8.5,103.3774,0.6342,2.019,5.9944,3.088,11.3346,0.2253,Act-1
-0.4467,0,1.0726,8.8889,60.6941,0.6349,1.8805,1.8899,2.5991,6.5142,0.0797,Act-1
-3.2443,0,1.096,8.7319,271.324,0.5883,2.0406,5.8834,3.0369,12.757,0.0231,Act-1
1.8905,0,1.3308,7.8966,18.0108,0.6457,2.0251,6.7036,3.7877,48.6232,-0.1854,Act1
2.4833,1,1.326,8.2344,0.0,0.7166,2.118,6.2796,3.7341,20.8318,-0.0579,Act-1
2.0394,1,1.4089,7.7593,34.7963,0.6691,2.0814,11.6698,3.6835,32.1059,0.088,Act1
4.1143,1,1.2916,7.4583,0.0,0.6549,2.1201,12.5679,3.4664,32.3935,0.0528,Act1
3.5189,1,1.3035,7.9394,0.0,0.7099,2.0461,10.2817,3.6845,73.5494,0.1071,Act1
4.695,1,1.3121,8.2643,0.0,0.6992,2.0557,9.5671,3.8662,71.6015,0.0411,Act1
2.5931,0,1.2248,7.8646,16.405,0.6541,2.0449,11.2221,3.8828,34.8019,0.0375,Act1
3.0368,1,1.5092,7.8939,0.0,0.686,2.1084,13.7966,3.8578,43.7387,-0.0066,Act-1
3.0902,1,1.3114,7.6389,0.0,0.7244,2.0104,10.3435,3.4782,53.9033,0.0154,Act1
2.1332,0,1.0448,8.25,18.0108,0.7655,1.8155,2.971,2.9796,36.9242,0.2299,Act-1
3.274,1,1.4399,7.8674,60.6941,0.7568,2.1112,6.9557,3.6688,48.2985,-0.007,Act-1
-1.1775,0,1.0782,8.9487,93.5913,0.5855,1.946,4.69,2.6947,15.3882,0.0919,Act-1
0.8003,1,1.3191,7.9697,18.0108,0.6453,2.0697,7.6542,3.5709,32.9882,-0.0883,Act-1
-0.2458,0,1.188,8.3446,206.7549,0.7594,2.0231,9.5653,3.3971,27.7919,-0.0649,Act-1
0.1009,0,1.1727,8.1071,18.0108,0.75,1.8185,1.8899,2.8318,76.837,-0.3839,Act1
2.6182,1,1.3497,8.1594,34.4157,0.7147,2.056,7.4155,3.6569,20.0674,-0.0585,Act1
1.7667,0,1.2438,8.0245,36.0215,0.6289,2.0294,5.5816,3.2254,15.3516,-0.3572,Act-1
1.8444,1,1.366,8.05,68.9187,0.6713,2.0415,7.6818,3.7117,20.8651,0.0415,Act-1
4.6841,1,1.4139,7.7892,36.0215,0.7018,2.0398,11.7777,3.8204,74.2145,-0.1577,Act1
2.0055,1,1.3161,7.8611,50.9079,0.6743,2.0259,10.3469,3.5147,59.1673,-0.1699,Act-1
4.9589,1,1.5451,7.7742,36.0215,0.7063,2.1466,12.093,3.7234,33.4701,-0.0547,Act1
2.6226,1,1.3783,8.2029,18.0108,0.6739,2.0233,9.5152,3.6449,35.5165,-0.154,Act1
5.0715,1,1.5605,7.7588,18.0108,0.6919,2.0985,12.6176,3.9068,47.178,-0.0092,Act1
4.2491,1,1.5361,7.8063,18.0108,0.6881,2.0906,12.6928,3.9068,49.4412,0.0068,Act1
4.1326,1,1.4683,7.7838,36.0215,0.6785,2.101,12.9911,3.9066,47.1133,0.0113,Act1
2.053,1,1.4258,8.0432,60.6941,0.6705,2.0119,12.2932,3.6924,30.4787,0.0804,Act-1
1.1962,1,1.3262,8.2588,34.4157,0.7241,2.0347,6.0,3.5051,40.7906,-0.0259,Act-1
3.1169,1,1.5453,7.7346,18.0108,0.6947,2.1253,9.7703,3.8115,27.1624,-0.0384,Act1
2.8975,1,1.435,7.6494,18.0108,0.6621,2.096,9.072,3.8224,42.4805,0.0411,Act1
-0.36,0,1.186,8.2639,18.0108,0.6754,1.9931,5.4989,3.5071,49.8793,-0.2919,Act1
2.1337,1,1.5293,8.1086,52.4265,0.747,2.0139,14.9951,3.9775,84.8508,-0.1049,Act1
4.3197,1,1.5661,8.1092,36.0215,0.7029,2.1399,9.5395,3.87,40.5899,-0.1204,Act1
-0.2458,0,1.188,8.3446,206.7549,0.7594,2.0231,9.5653,3.3971,27.7919,-0.0649,Act-1
2.4268,0,1.2566,8.368,78.7048,0.9177,1.9542,5.4989,3.3005,23.9972,-0.1136,Act1
2.9817,0,1.2676,8.2829,60.6941,1.0178,1.9261,4.6731,3.2647,16.5358,-0.1551,Act1
-1.107,0,1.2696,8.8153,60.6941,0.6861,1.9851,4.8709,3.6153,7.4614,0.039,Act-1
1.0644,0,1.2849,8.5128,60.6941,0.6552,2.0102,5.1962,3.1014,11.5568,-0.1645,Act-1
1.0641,0,1.2727,8.4048,60.6941,0.647,2.0214,5.6502,2.9698,14.0914,-0.0957,Act-1
1.3857,0,1.1792,8.1417,21.1351,0.6222,2.1274,13.3531,3.2759,40.158,0.1977,Act-1
1.0311,0,1.2809,8.2727,60.6941,0.648,1.9959,4.7451,2.8547,7.4614,-0.0148,Act-1
2.6226,1,1.3783,8.2029,18.0108,0.6739,2.0233,9.5152,3.6449,35.5165,-0.154,Act-1
1.3013,1,1.3233,8.2875,34.4157,0.6754,2.0371,8.2258,3.6911,16.7889,-0.0405,Act-1
2.2133,1,1.3717,8.5109,34.4157,0.6873,2.098,7.8937,3.9468,14.5256,-0.1357,Act-1
2.373,0,1.3348,7.9405,60.6941,0.6726,2.0203,7.0378,3.7824,71.9066,-0.155,Act1
3.2983,1,1.3052,7.625,18.0108,0.7141,2.0252,8.2421,3.4777,54.761,-0.0262,Act1
2.4008,0,1.2502,8.3029,78.7048,0.8867,1.9646,6.5359,3.2941,26.5317,-0.107,Act-1
2.6754,1,1.5363,7.9839,36.0215,0.6856,2.1066,12.7168,3.8514,39.5273,-0.0443,Act1
-0.0067,0,1.2755,8.6012,49.3022,0.6695,2.0332,4.2073,3.3985,9.0121,-0.0428,Act-1
2.3967,1,1.1592,8.1106,188.7441,0.6321,2.1637,14.4887,3.9003,55.8737,-0.0128,Act-1
-0.7087,0,1.0629,8.7222,0.0,0.623,1.8081,3.7467,3.0513,28.7653,0.1949,Act-1
2.9697,0,1.1057,8.0833,42.6833,0.6294,2.1462,8.8121,3.9964,30.782,-0.1001,Act1
3.9678,0,1.0663,7.7411,0.0,0.6252,2.1506,9.0798,3.872,38.3856,-0.0724,Act1
3.8292,0,1.1175,7.7708,0.0,0.6333,2.144,9.0798,3.9544,39.0366,-0.0699,Act-1
3.8454,0,1.1159,7.8056,0.0,0.6568,2.1104,9.2188,4.0055,36.8171,-0.0107,Act-1
3.8621,0,1.1175,7.8462,0.0,0.6508,2.134,9.0995,3.9544,39.3517,-0.0407,Act1
3.0622,1,1.1789,8.0887,146.0608,0.6496,2.1644,14.8514,3.9003,64.1928,0.0575,Act1
2.2917,0,1.0087,7.4024,0.0,0.6031,2.1899,11.4785,3.6361,55.7544,0.0508,Act-1
3.8627,0,1.0089,7.4125,0.0,0.6059,2.1649,11.4785,3.6003,55.7544,0.049,Act1
0.3236,0,1.0077,7.4302,0.0,0.5993,2.1719,10.4619,3.5674,48.97,0.0943,Act-1
4.3016,0,1.0631,7.5867,0.0,0.6236,2.1524,9.1558,3.6141,33.2521,-0.003,Act1
3.5109,0,1.1771,7.6775,0.0,0.6489,2.1164,9.0699,3.6129,37.0887,-0.0091,Act1
4.3801,0,1.0727,7.8221,85.3667,0.6145,2.1678,10.4557,3.7893,43.739,-0.012,Act1
2.6354,1,1.3632,7.9697,32.8972,0.6764,2.0264,6.2358,3.6843,25.8863,-0.0725,Act-1
1.453,0,1.2757,7.9545,0.0,0.7996,1.9271,5.744,2.6966,7.1913,-0.056,Act-1
0.4507,0,1.123,8.1667,256.1001,0.614,2.1531,15.6477,3.9977,38.6244,-0.0722,Act1
-0.6801,0,1.0943,8.5256,18.0108,0.618,1.9686,7.4148,3.1522,35.1468,0.1153,Act-1
-0.6801,0,1.0943,8.5256,18.0108,0.618,1.9686,7.4148,3.1522,35.1468,0.1153,Act-1
-0.7353,0,1.0393,8.484,0.0,0.6012,2.0212,10.2311,3.2646,71.3078,0.1724,Act-1
8.6722,0,1.1731,7.424,0.0,0.6065,2.104,17.1225,3.3513,58.3003,-0.0269,Act-1
2.4935,0,1.2122,7.8712,60.6941,0.6066,2.0437,7.7063,3.1128,33.933,-0.0511,Act-1
0.1623,0,1.0267,7.9626,341.4667,0.6002,2.1565,13.8292,3.5865,50.0405,0.0052,Act-1
3.0921,0,1.2242,7.7333,0.0,0.6112,2.0451,6.402,3.1867,30.7474,-0.1094,Act-1
3.1017,0,1.032,7.7968,170.7334,0.6056,2.1568,17.1904,3.5855,52.575,0.0121,Act-1
3.6546,1,1.2629,7.9295,0.0,0.6863,2.0457,9.5917,3.889,75.6843,-0.1332,Act1
3.7208,1,1.3574,7.9074,0.0,0.6886,2.0821,10.4542,3.5812,33.9974,-0.1287,Act-1
3.4524,1,1.3352,8.0242,18.0108,0.6917,2.1008,10.5116,3.7695,43.9455,-0.2274,Act-1
5.1318,0,1.2087,7.4483,0.0,0.6467,2.1457,11.5661,3.8017,34.4898,-0.0153,Act-1
3.8857,0,1.1699,7.6196,42.6833,0.638,2.1343,9.9062,3.6096,34.0131,0.0288,Act1
2.1183,0,1.2824,8.0,0.0,0.6531,1.9978,4.7107,2.7821,15.6203,-0.3714,Act-1
1.3712,0,1.2824,8.3636,42.6833,0.6531,1.9762,4.2073,2.7821,12.4348,-0.3689,Act-1
0.7336,0,1.2988,8.6667,0.0,0.6741,1.9927,4.7738,2.7571,22.335,-0.3229,Act-1
2.0488,1,1.3742,8.4921,18.0108,0.7074,2.0013,9.4565,3.9343,53.033,-0.0333,Act1
1.4045,0,1.2988,8.5897,42.6833,0.6602,1.9939,4.7738,2.7571,16.5302,-0.3053,Act-1
2.2026,0,1.1021,8.3385,85.3667,0.6256,2.1411,9.9885,4.0204,32.8398,-0.0256,Act1
2.0945,0,1.1036,8.1747,85.3667,0.6266,2.14,9.9316,3.9386,32.8398,-0.0349,Act1
1.9813,0,1.1053,8.2056,85.3667,0.6286,2.1405,10.0084,3.9684,37.9089,0.0059,Act-1
1.8723,0,1.107,8.0259,85.3667,0.6296,2.1394,9.9502,3.8956,37.9089,0.021,Act-1
1.9632,0,1.0717,8.0374,42.6833,0.6296,2.1414,9.9502,3.8485,48.1114,0.0331,Act1
1.9833,0,1.0647,7.9914,85.3667,0.6215,2.1447,9.9502,3.8352,42.978,0.0177,Act-1
2.6446,0,1.1028,8.3286,42.6833,0.6269,2.1414,10.0069,4.0455,40.0312,-0.0673,Act1
2.1572,0,1.1297,7.9141,42.6833,0.6374,2.1402,9.8344,3.9125,40.189,-0.0517,Act-1
2.8704,0,1.0864,7.9792,42.6833,0.6313,2.1409,10.3433,4.0558,45.5125,-0.0774,Act1
3.7763,0,1.068,7.7407,0.0,0.6271,2.1451,10.3131,3.6649,45.5125,0.0314,Act1
0.8633,0,1.2564,8.5778,36.0215,0.671,2.0127,10.2837,3.0406,45.1764,0.2785,Act-1
0.5046,1,1.3266,8.0942,32.8972,0.6232,2.029,8.3694,3.0657,33.9662,0.0586,Act-1
0.1225,0,1.0659,8.6222,0.0,0.5882,1.9,4.5858,2.6996,30.7588,0.1363,Act1
-0.2798,0,1.1916,8.3036,18.0108,0.7043,2.049,11.7259,3.4483,101.6392,0.1465,Act-1
0.709,0,1.1661,8.2885,60.6941,0.6991,2.0509,10.7399,3.511,96.3351,0.0973,Act-1
-0.6771,0,1.1054,8.5185,75.5805,0.658,2.0422,6.2163,3.2694,56.4598,0.05,Act-1
-0.7615,0,1.12,8.6087,60.6941,0.6722,2.0512,8.721,3.312,63.699,0.1163,Act-1
-3.7384,0,1.166,8.0185,18.0108,1.0093,2.0505,10.7399,3.511,102.1399,0.1143,Act-1
-5.4604,0,1.0955,8.3103,93.5913,0.9017,2.0538,11.7734,3.3109,75.4827,0.1302,Act-1
1.5921,0,1.155,8.1488,60.6941,0.6494,2.0208,11.6307,3.4048,59.8319,-0.0016,Act-1
2.2278,0,1.222,8.3158,42.6833,0.6731,2.0243,8.8927,3.1101,51.5669,0.219,Act1
3.2936,1,1.5023,7.7912,75.5805,0.7339,2.0001,9.5317,3.9171,53.703,-0.0329,Act1
3.0731,1,1.3845,8.2593,0.0,0.6932,2.0667,8.4858,3.4588,25.3924,-0.0587,Act1
2.601,1,1.3746,8.1667,0.0,0.6973,2.0554,8.0094,3.5462,21.4049,-0.0512,Act-1
-3.2451,0,1.1483,7.8686,18.0108,1.2014,2.0131,11.1925,3.4674,53.587,-0.0275,Act1
3.0641,0,1.304,8.0088,42.6833,0.6545,2.0589,9.3644,3.4636,25.7382,0.0606,Act-1
3.1006,1,1.3432,8.1389,42.6833,0.7193,1.9874,7.9246,3.5508,43.2234,-0.1213,Act1
3.0035,1,1.3359,8.1389,42.6833,0.7193,2.0276,6.8619,3.5689,45.0506,-0.0599,Act-1
4.753,1,1.3513,7.6667,42.6833,0.6578,2.164,8.4917,3.3568,25.0996,-0.0315,Act-1
2.6645,0,1.2263,8.0185,42.6833,0.6449,2.0407,8.604,3.1941,22.5526,0.1334,Act-1
3.6512,1,1.485,7.9532,59.4689,0.7207,2.056,8.4853,3.6955,17.0303,0.1505,Act1
4.0687,1,1.4497,7.6857,95.3679,0.6558,2.0651,11.4969,4.0144,55.4691,0.1905,Act1
3.7174,1,1.2708,7.6042,85.3667,0.6434,2.0825,12.0364,3.4566,18.1862,0.0529,Act1
3.7426,1,1.3903,7.5714,42.6833,0.6554,2.0358,7.9489,3.5086,8.4769,0.0199,Act1
3.0276,1,1.3401,7.5367,0.0,0.6549,2.0816,11.66,3.7178,22.842,0.1018,Act1
5.3252,1,1.6121,7.7245,0.0,0.7204,2.1785,12.6708,4.3459,39.0449,0.0391,Act1
2.8965,1,1.3402,7.8636,0.0,0.6673,2.0779,6.378,3.5874,11.6624,0.1412,Act1
1.9861,1,1.3501,7.8088,0.0,0.6785,2.0501,5.4434,3.5028,11.5046,-0.1133,Act1
1.5099,1,1.2426,7.9212,50.9079,0.6456,2.0603,13.3501,4.0165,39.1081,-0.0331,Act1
5.0714,1,1.2715,7.7432,128.05,0.6486,2.1017,15.9777,3.9524,30.1074,-0.0337,Act-1
1.9227,0,1.3181,7.8013,0.0,0.6354,2.0469,4.4544,3.3035,3.1856,0.1481,Act-1
4.7339,1,1.2908,7.3704,42.6833,0.6531,2.1419,7.6233,3.7808,30.2774,0.1119,Act1
-0.934,0,1.1929,7.8523,146.0608,0.6021,2.0848,7.2233,3.1028,23.3817,0.1305,Act-1
1.3007,0,1.2033,7.4881,60.6941,0.607,2.0482,6.2575,3.1027,25.2652,0.0084,Act1
-1.0292,0,1.1577,7.6786,60.6941,0.6093,2.0405,4.7622,3.1027,58.063,-0.0145,Act-1
1.8383,0,1.1338,8.0938,50.9079,0.6441,2.0352,13.2127,3.6035,65.8473,-0.0293,Act-1
2.185,1,1.2863,8.107,32.8972,0.6213,2.0146,11.9231,3.843,42.3318,-0.0843,Act1
2.7291,0,1.2759,7.7402,42.6833,0.6347,2.0022,7.0375,3.3304,20.3227,0.1803,Act1
4.9261,1,1.5171,7.6313,36.0215,0.6722,2.0448,16.0982,3.9175,80.2569,0.1005,Act-1
5.2089,1,1.379,8.0495,18.0108,0.6774,2.0734,7.1892,3.8903,45.2561,0.0758,Act1
3.8409,1,1.491,7.6759,18.0108,0.6786,2.0835,12.9951,3.8888,17.8758,0.0562,Act1
5.3147,1,1.3572,7.6371,17.8882,0.6834,2.0528,11.3788,3.7399,61.9143,0.0513,Act1
4.662,1,1.4191,7.5278,0.0,0.6594,2.0926,9.547,3.8465,29.9358,-0.0123,Act1
3.5722,1,1.2868,7.72,0.0,0.6609,2.099,8.2244,3.7564,17.2024,-0.059,Act1
3.9357,1,1.4083,7.6058,52.6845,0.6618,2.0432,9.6623,4.0454,26.3755,0.0338,Act-1
4.4169,1,1.3744,7.8621,78.7048,0.6539,2.0903,8.3817,4.0684,28.0939,-0.2023,Act-1
5.9629,1,1.2652,7.5095,85.3667,0.6466,2.1017,11.9746,3.8521,29.1975,-0.0544,Act-1
6.3812,1,1.2878,7.388,0.0,0.6727,2.0971,7.9431,3.8006,26.7714,0.0131,Act-1
3.8545,0,1.241,7.5482,18.0108,0.6519,2.1184,4.8264,3.469,24.6217,0.0805,Act1
4.1927,1,1.3871,7.9886,0.0,0.6615,2.1653,4.9492,4.192,13.0678,-0.1878,Act1
4.5896,1,1.5227,8.2952,49.3022,0.7072,2.0309,10.8144,4.3335,75.8344,-0.1422,Act1
2.5849,1,1.3152,8.0,16.405,0.6997,2.0166,6.0162,3.8996,34.2587,-0.1158,Act1
3.1462,0,1.1007,7.9242,85.3667,0.6224,2.1394,10.8199,3.8956,40.4434,-0.0774,Act1
3.5085,0,1.0891,7.9737,42.6833,0.6216,2.1411,10.8099,4.0528,37.9089,-0.1465,Act1
9.3668,1,1.6425,7.5714,85.3667,0.6535,2.1107,11.1929,4.4654,34.4359,-0.0999,Act-1
4.0274,1,1.2693,7.4,0.0,0.6184,2.0871,11.796,3.5142,32.1377,-0.2022,Act-1
3.7821,1,1.3112,7.4094,36.0215,0.6408,2.0431,8.4782,3.4561,19.4498,-0.1495,Act1
3.256,1,1.4225,7.5618,50.9079,0.6513,2.0361,11.4086,4.1062,67.2905,-0.0441,Act1
3.6491,1,1.4534,7.7077,32.8972,0.688,2.0435,5.9927,3.6835,16.0591,-0.1863,Act1
2.8682,1,1.2678,7.8384,129.6128,0.6369,2.1233,14.1624,3.4646,51.4312,0.0285,Act-1
2.5936,1,1.226,7.7204,121.3882,0.6395,2.0778,14.7891,3.471,40.2837,-0.0274,Act-1
2.5936,1,1.226,7.7204,121.3882,0.6395,2.0778,14.7891,3.471,40.2837,-0.0274,Act-1
4.626,0,1.1107,7.6638,60.6941,0.6223,2.1456,9.5909,3.6823,29.7274,-0.0892,Act-1
1.4984,0,1.0284,7.9887,86.9294,0.604,2.0658,10.3358,3.5162,35.7671,-0.0656,Act-1
2.3383,0,1.2141,7.7738,60.6941,0.6197,2.0767,7.0585,3.103,31.0497,0.0268,Act1
2.6537,0,1.1753,7.7083,96.7156,0.6068,2.0428,8.7188,3.1028,31.6467,0.1372,Act-1
3.0444,0,1.2032,8.6306,93.5913,0.625,2.034,3.3636,3.2408,14.7342,0.2869,Act1
2.7027,0,1.2114,7.9395,93.5913,0.6581,2.0101,2.4602,3.12,15.0492,0.1422,Act-1
1.1185,0,1.2109,8.0343,146.0608,0.6048,2.034,4.9403,3.1154,8.4769,0.1443,Act-1
2.6637,0,1.2205,7.7685,60.6941,0.6415,2.0102,3.3699,3.0996,8.7919,-0.0221,Act-1
1.0463,0,1.1929,7.875,146.0608,0.6066,2.0822,7.2233,3.1028,23.3817,0.1273,Act-1
1.4294,0,1.2141,7.8214,78.7048,0.6167,2.0695,6.5311,3.1028,27.6576,0.0638,Act-1
1.6588,0,1.2562,7.912,60.6941,0.6256,1.999,6.3313,3.1027,15.1271,0.1292,Act-1
3.281,0,1.2033,7.5119,60.6941,0.6115,2.0194,6.2575,3.1027,25.2652,-0.0008,Act-1
2.0077,0,1.1977,7.6413,60.6941,0.6054,2.0007,8.0982,3.1027,31.4388,0.0938,Act-1
2.3016,1,1.2931,7.8442,93.5913,0.6982,1.9586,6.7593,3.5897,107.9585,0.2032,Act1
2.6756,1,1.4623,7.9236,65.9652,0.6743,2.0875,6.6478,4.5082,14.9669,-0.2145,Act1
4.041,1,1.5198,7.7672,0.0,0.7193,2.0253,11.1401,3.8271,84.9502,-0.1827,Act1
3.6187,1,1.3997,7.9801,18.0108,0.6451,2.135,14.9829,4.1433,46.8472,-0.1897,Act-1
1.1396,0,1.1437,8.2685,0.0,0.6815,1.9066,3.8458,3.2521,19.7179,-0.1053,Act-1
5.0714,1,1.2715,7.7432,128.05,0.6486,2.1017,15.9777,3.9524,30.1074,-0.0337,Act1
2.5812,1,1.4372,7.7034,77.3571,0.6681,2.0698,11.3896,4.0145,68.8652,0.0702,Act1
3.224,0,1.007,7.5208,50.9079,0.6058,2.1648,6.836,3.2233,32.1557,-0.0111,Act1
-1.593,0,1.0304,8.2917,242.7764,0.608,1.9788,9.1799,3.475,94.4734,-0.0381,Act-1
-0.8492,0,1.0448,8.7611,146.0608,0.574,1.9753,5.5249,2.7327,10.2548,-0.1426,Act-1
-0.918,0,1.0248,8.4821,146.0608,0.5659,1.9762,5.3891,2.6638,9.3449,-0.1482,Act-1
-1.1818,0,1.0415,8.7135,103.3774,0.5809,1.9782,6.7618,2.7163,18.5941,-0.1673,Act-1
-0.599,0,1.0225,8.1818,85.3667,0.6259,2.0136,5.0515,3.6263,16.9172,0.002,Act-1
1.9633,0,1.0,8.6042,42.6833,0.7223,1.8363,1.9601,2.0,0.0,0.0,Act1
6.9506,1,1.5968,7.7141,42.6833,0.7,2.117,14.4338,3.9933,76.2233,-0.0493,Act-1
-0.3128,1,1.2452,8.2725,93.5913,0.6882,2.0948,13.4107,3.9326,95.4931,0.1612,Act-1
3.103,0,1.2095,8.1142,42.6833,0.6928,1.9953,8.1246,3.5774,11.8734,-0.0312,Act-1
3.5968,1,1.3221,8.0744,60.6941,0.6732,2.0308,12.312,3.6973,25.3699,0.0183,Act1
-0.6278,0,1.0419,8.6636,75.5805,0.6185,1.8984,1.0,2.5198,0.9099,-0.1442,Act-1
0.3915,0,1.0532,8.6047,60.6941,0.6628,1.9056,1.8899,2.9991,6.5142,0.098,Act1
8.9754,1,1.2958,7.5357,85.3667,0.6443,2.0612,7.7719,4.2568,80.2829,-0.0546,Act-1
6.3893,1,1.5091,7.5825,18.0108,0.7337,2.1146,7.3325,3.7534,29.0552,-0.0004,Act1
1.1692,0,1.044,7.6923,42.6833,0.6373,2.0522,6.3157,3.8956,25.7585,-0.0963,Act-1
5.9809,1,1.2558,7.8218,72.043,0.6327,2.0722,16.5289,3.7407,69.5892,-0.082,Act-1
7.2889,0,1.1812,7.2902,42.6833,0.6129,2.0687,12.9053,3.3377,26.6474,0.0209,Act1
2.534,0,1.0325,7.6061,0.0,0.5968,2.0542,2.8888,2.2564,12.7371,-0.2996,Act1
-0.5862,0,1.048,8.6667,75.5805,0.5643,1.9325,1.8899,1.9705,0.9099,-0.2462,Act-1
-0.5713,0,1.2206,8.2333,126.4885,0.6042,1.9675,9.118,3.144,27.6357,-0.0637,Act-1
-0.2558,0,1.2309,8.1522,83.8051,0.6089,1.9584,8.9026,3.136,32.2281,-0.1819,Act-1
2.5838,1,1.2161,7.7439,77.4796,0.6342,2.1342,11.2358,4.0082,39.5517,-0.1392,Act1
3.4403,0,1.1578,7.8623,60.6941,0.6253,2.0699,7.3829,3.1754,21.4728,0.1528,Act1
2.5738,0,1.0,7.4848,42.6833,0.5829,2.0614,2.8888,2.2517,7.6036,-0.1938,Act1
2.4398,1,1.2609,7.5929,32.8972,0.6317,2.1234,5.8878,3.5026,15.716,0.0931,Act-1
2.6925,1,1.336,7.6049,0.0,0.6388,2.1073,8.0028,3.5799,30.7474,0.2003,Act1
0.0173,0,1.1841,7.6449,60.6941,0.5932,2.0311,8.9515,2.7844,28.9042,0.1171,Act-1
-0.4284,1,1.3373,7.6481,77.4796,0.6193,2.0374,5.201,2.8826,16.6586,0.0052,Act-1
0.5703,1,1.3764,7.614,60.6941,0.6319,2.1259,6.341,2.913,17.0874,0.0234,Act-1
5.2955,1,1.3398,7.6442,0.0,0.6589,2.0241,9.1612,3.7072,28.6417,-0.1594,Act-1
11.6359,0,1.9079,7.3833,0.0,0.6387,1.9743,0.0,3.2631,35.6227,0.0286,Act1
5.8311,0,1.1856,7.7917,85.3667,0.6278,2.1394,15.7884,3.8956,57.6038,-0.0045,Act-1
8.2884,0,1.441,7.596,0.0,0.6457,2.0796,16.159,3.4045,53.4933,0.0385,Act-1
9.9537,0,1.3377,7.2667,0.0,0.6129,1.9959,0.0,3.045,44.4588,0.0381,Act1
7.8927,0,1.262,7.5,0.0,0.6118,1.9839,12.0499,3.0295,47.9878,0.0626,Act1
4.0025,0,1.2036,7.4325,42.6833,0.6325,2.1555,6.2083,3.2674,18.8372,0.0814,Act-1
5.2438,1,1.4492,7.9242,42.6833,0.6531,2.0334,14.3629,3.6713,48.2931,0.1397,Act1
3.3822,1,1.3063,8.1944,0.0,0.7073,2.0577,7.4986,3.9595,58.8258,-0.1661,Act1
4.2074,1,1.3546,7.838,0.0,0.6581,2.1145,12.8671,3.878,59.6203,-0.0717,Act1
3.4744,1,1.4528,7.8958,36.0215,0.6778,2.0234,9.5793,3.7025,27.7808,0.0419,Act1
3.2694,0,1.2579,9.1184,18.0108,0.6252,2.1019,5.9944,3.3562,13.4037,0.1757,Act-1
2.0802,0,1.2375,7.8137,36.0215,0.6777,2.0017,5.4989,3.2019,13.2594,0.0466,Act-1
2.7028,0,1.2432,7.6083,18.0108,0.6721,2.0245,7.3413,3.3721,48.6707,0.1155,Act-1
2.0802,0,1.2451,7.8137,36.0215,0.6777,2.0019,4.559,3.0952,13.2594,-0.0097,Act-1
2.4035,0,1.0339,8.192,60.6941,0.5926,2.0643,9.8378,3.073,32.1766,-0.063,Act1
5.2291,1,1.2974,7.6556,42.6833,0.628,2.0812,8.8629,3.4868,26.6317,0.0208,Act1
4.2284,0,1.0836,7.7457,42.6833,0.6257,2.1401,11.0551,3.9083,48.047,-0.0682,Act1
3.5443,1,1.2427,7.9606,18.0108,0.6674,2.0322,14.7871,3.6691,74.753,-0.0265,Act1
3.5443,1,1.2427,7.9606,18.0108,0.6674,2.0322,14.7871,3.6691,74.753,-0.0265,Act-1
0.7367,0,1.0648,8.5227,50.9079,0.64,1.9071,4.0,2.6024,8.9805,-0.0036,Act-1
3.2534,0,1.1335,7.9295,121.3882,0.6216,2.1444,18.2087,3.8278,43.2358,0.0386,Act1
-0.2007,0,1.0419,8.4815,75.5805,0.5674,1.9488,2.8284,2.1405,3.4444,-0.1022,Act-1
4.3481,0,1.1362,7.4551,0.0,0.6184,2.0172,8.1945,3.1972,33.5781,0.0524,Act-1
-2.5296,1,1.2769,8.093,413.2971,0.6349,2.0437,16.4297,4.4742,109.5949,0.0488,Act-1
0.9921,0,1.1836,8.2197,136.2746,0.6131,2.0261,8.1608,3.2097,13.8692,-0.0086,Act-1
0.6107,1,1.2516,8.0714,36.0215,0.652,2.0321,8.0565,3.4682,20.4207,0.1118,Act-1
1.9893,0,1.197,8.3068,36.0215,0.6786,1.9779,9.0935,2.9876,24.2363,0.2026,Act-1
1.9037,0,1.1569,8.4943,121.3882,0.6718,1.9778,13.4788,3.7279,38.3165,0.083,Act-1
2.906,1,1.2143,7.7262,77.4796,0.6326,2.1342,11.1722,4.0042,42.0863,-0.1012,Act-1
3.4145,1,1.2578,7.75,77.4796,0.6549,2.1222,11.7862,4.0045,45.3636,-0.0374,Act1
3.4145,1,1.2578,7.75,77.4796,0.6549,2.1222,11.7862,4.0045,45.3636,-0.0374,Act1
5.303,1,1.1633,7.875,0.0,0.614,2.0644,16.4481,3.6998,101.4681,0.0156,Act-1
3.0888,1,1.3443,7.7208,18.0108,0.6703,2.0388,6.0221,3.7519,15.7316,-0.0562,Act-1
1.4487,0,1.2382,7.8631,18.0108,0.6399,1.9829,3.8763,3.1615,10.2181,-0.0845,Act-1
3.4333,1,1.451,7.9012,103.2549,0.6697,2.054,8.461,4.1754,20.4487,-0.0577,Act1
2.5508,1,1.3558,7.75,65.7944,0.6315,2.0693,5.7576,3.8646,26.8051,-0.1144,Act1
4.0165,1,1.3472,7.6061,18.0108,0.6469,2.037,11.1981,3.6808,41.3394,0.0388,Act1
2.6591,1,1.3631,8.0466,36.0215,0.6957,2.0634,15.7355,3.9201,71.937,0.1545,Act-1
5.3183,1,1.525,7.7177,18.0108,0.6712,2.0843,11.1067,3.9671,26.0903,-0.0589,Act1
5.9224,1,1.5417,7.638,18.0108,0.6901,2.0703,11.346,3.9989,34.7738,-0.0272,Act-1
5.0701,1,1.5385,7.7126,34.6738,0.6827,2.0728,10.3299,3.9029,31.3816,-0.0683,Act1
4.7384,1,1.5385,7.7414,18.0108,0.6813,2.0742,10.7084,3.9029,28.196,-0.0747,Act1
5.5867,1,1.5514,7.6897,18.0108,0.7092,2.0665,10.5122,3.9535,59.4338,-0.0422,Act1
3.9636,1,1.4241,7.6782,18.0108,0.659,2.0682,10.6271,3.7001,31.3276,-0.1162,Act1
4.7768,1,1.4158,7.6222,18.0108,0.6569,2.0826,11.2169,3.7,34.2909,-0.0261,Act1
4.9185,1,1.5233,7.4635,36.0215,0.6848,2.0762,11.6533,3.8895,32.8432,-0.0959,Act1
6.3217,1,1.6492,7.4798,18.0108,0.7017,2.1429,11.5671,3.9526,27.4065,-0.0619,Act-1
3.1678,1,1.4083,7.5149,18.0108,0.6329,2.1097,8.6902,4.0254,36.7548,0.0095,Act1
2.172,0,1.246,7.7436,18.0108,0.6549,1.9848,3.5717,2.8842,10.647,-0.5554,Act-1
4.6431,1,1.3694,8.0407,103.3774,0.6638,2.0419,13.5669,3.6512,51.2622,-0.1028,Act1
4.6431,1,1.3694,8.0407,103.3774,0.6638,2.0419,13.5669,3.6512,51.2622,-0.1028,Act-1
3.9712,0,1.1948,8.0737,81.7794,0.6404,2.1629,7.3023,4.0866,24.69,-0.0627,Act1
4.2091,1,1.1963,7.6821,54.0323,0.6553,2.054,15.5924,3.4821,124.5869,0.058,Act-1
2.2764,1,1.374,8.3662,128.05,0.6431,2.0791,10.1236,3.8729,28.8837,-0.0386,Act1
1.8059,1,1.3782,8.3965,85.3667,0.6474,2.0851,10.1236,4.2371,34.6885,-0.0365,Act-1
1.9924,0,1.1537,7.7019,34.6738,0.6112,2.0412,9.301,3.3998,31.6003,-0.0232,Act-1
1.3571,0,1.2822,8.0238,36.0215,0.6337,1.9683,8.5445,3.4686,22.4773,-0.1796,Act1
2.5409,1,1.2596,7.4228,21.1351,0.6578,2.0797,5.8022,3.8545,68.5827,-0.0812,Act-1
2.1886,1,1.2691,7.4779,21.1351,0.6348,2.1222,12.9458,4.0594,56.8663,-0.1194,Act-1
3.4145,1,1.2578,7.75,77.4796,0.6549,2.1222,11.7862,4.0045,45.3636,-0.0374,Act-1
2.5477,0,1.2382,7.6905,18.0108,0.6479,1.9878,3.5961,2.8349,13.1815,-0.0498,Act-1
2.6244,0,1.2412,7.9778,0.0,0.6369,2.0458,7.5595,3.0968,15.6204,-0.1235,Act-1
3.2952,0,1.2412,7.9111,42.6833,0.6291,2.0462,7.5595,3.0968,9.8156,-0.1052,Act-1
4.0194,1,1.3173,7.6742,0.0,0.6509,2.0492,9.7036,3.4477,23.4461,-0.032,Act1
2.8635,0,1.2509,7.9524,42.6833,0.6333,2.0381,7.5369,2.9149,12.3501,-0.1432,Act-1
5.4293,0,1.0594,7.5238,0.0,0.6186,2.1444,10.1894,3.6068,40.8557,0.0514,Act1
7.2107,0,1.0,7.1845,42.6833,0.6017,2.1564,13.171,3.5272,30.4144,-0.039,Act-1
3.2553,0,1.0,7.25,18.0108,0.5714,1.9917,0.0,2.2143,7.6036,-0.1517,Act-1
4.5847,1,1.3669,7.7963,18.0108,0.6826,2.0093,12.5258,3.8935,72.7738,-0.1942,Act1
3.2268,1,1.2989,8.0057,0.0,0.6398,2.0174,9.6744,3.768,38.7115,-0.1234,Act1
0.7206,0,1.0423,8.2121,78.7048,0.5921,1.9889,9.1327,3.1129,17.4939,0.0934,Act-1
0.7786,0,1.048,8.2292,0.0,0.5643,1.92,4.559,1.7928,7.1269,0.0244,Act1
1.9592,1,1.2052,7.969,93.5913,0.6368,2.0417,10.2405,3.462,32.7208,-0.1176,Act1
2.0445,1,1.1684,7.9364,93.5913,0.6372,2.0418,11.7581,3.462,32.7208,-0.0901,Act1
1.1473,1,1.1933,8.2108,50.9079,0.6523,2.0412,9.1439,3.7332,32.7208,-0.0879,Act-1
0.9016,0,1.1447,8.0667,50.9079,0.6127,2.0214,14.3829,3.2332,58.109,-0.0248,Act1
3.8651,1,1.3007,8.1509,0.0,0.6428,2.1,11.4176,3.8897,45.9237,-0.0434,Act1
2.6382,1,1.4871,7.5648,32.8972,0.6644,2.1507,5.5452,3.7489,13.439,-0.3538,Act1
4.0299,1,1.4636,7.6878,18.0108,0.6918,2.0313,6.4096,3.6478,20.8569,0.0129,Act1
3.9822,1,1.4409,7.5208,36.0215,0.6837,2.0053,8.6977,3.6716,46.588,-0.0695,Act1
2.1967,0,1.2417,7.9524,32.8972,0.6291,2.0059,3.688,3.014,17.726,-0.0883,Act1
0.6011,0,1.0426,8.2685,0.0,0.5998,2.044,14.6365,3.3839,67.4631,-0.0271,Act-1
3.3545,1,1.3006,7.6533,32.8972,0.659,2.0245,9.6215,3.5012,61.5417,-0.1427,Act1
4.1612,1,1.2379,7.7097,18.0108,0.6315,2.0684,11.0331,3.626,43.0957,0.1284,Act1
2.4337,1,1.2295,7.321,3.1243,0.6295,2.0703,7.314,3.4116,31.7433,-0.013,Act-1
3.1923,1,1.4161,7.6402,135.0494,0.6308,2.0953,17.6181,4.4498,28.233,0.057,Act-1
5.0057,1,1.4401,7.5467,0.0,0.6719,2.1325,7.6338,3.4607,23.3965,0.1478,Act1
3.3414,1,1.3899,7.8643,16.405,0.6589,2.088,14.9006,3.7478,35.2768,-0.0787,Act1
3.5426,1,1.3926,7.8643,16.405,0.6589,2.0881,14.9006,4.2032,35.2768,-0.0787,Act-1
3.2297,1,1.336,7.7958,154.2854,0.6394,2.0491,17.2714,3.8375,28.7411,0.0231,Act1
3.2297,1,1.336,7.7958,154.2854,0.6394,2.0491,17.2714,3.8375,28.7411,0.0231,Act-1
2.5393,1,1.3386,7.7927,154.2854,0.6225,2.0491,17.4562,3.8375,25.686,0.0493,Act1
1.1142,0,1.1998,7.7982,78.7048,0.632,2.0024,5.6131,3.0635,17.6151,-0.1522,Act-1
4.0649,1,1.4822,8.0889,128.05,0.6546,2.049,10.3988,3.6593,28.945,-0.2194,Act-1
3.3513,1,1.4731,7.7214,16.405,0.6759,2.0578,9.6197,4.6664,25.1206,0.0197,Act1
4.5179,1,1.5436,7.5962,32.8972,0.6863,2.0436,8.3976,3.7058,23.4742,-0.1474,Act1
2.5745,0,1.2367,8.1552,16.2825,0.719,2.0802,4.0786,3.7595,13.8432,-0.1006,Act-1
4.5685,1,1.2612,7.5965,0.0,0.6682,2.0698,14.3742,3.6925,37.9003,0.1084,Act-1
2.9779,0,1.2306,8.1096,16.2825,0.7067,2.0913,3.9564,3.7733,11.7375,-0.1235,Act-1
2.8399,1,1.4543,7.8157,18.0108,0.7001,2.0765,6.5292,3.6708,18.1908,-0.166,Act1
1.9163,1,1.4543,7.8611,18.0108,0.6986,2.0673,7.4515,3.6708,18.1908,-0.1499,Act1
4.3282,1,1.6331,7.6912,52.6845,0.6861,2.1416,11.1709,4.3622,34.5728,-0.075,Act1
3.3531,0,1.2512,8.225,18.0108,0.6458,2.1331,8.9562,3.7004,30.1456,-0.1249,Act1
1.4056,0,1.0,7.381,18.0108,0.5607,1.9418,0.0,1.7321,0.0,-0.4836,Act1
3.5041,0,1.2229,7.3657,18.0108,0.7037,2.0107,0.0,2.7607,7.3797,0.0245,Act1
0.6819,0,1.2156,7.9825,93.5913,0.6095,2.0156,6.7511,2.902,22.3663,0.0929,Act-1
2.5506,1,1.3764,7.6404,60.6941,0.6382,2.1252,6.341,2.913,17.0874,0.0116,Act1
2.1185,1,1.4026,7.8568,51.2013,0.657,2.0685,10.3838,4.4022,28.4427,-0.168,Act-1
0.7255,0,1.2214,8.1343,77.0991,0.6283,2.0296,5.0763,3.5872,8.048,0.0007,Act-1
1.0087,0,1.2207,8.1444,146.0608,0.6081,2.0165,5.4514,2.9943,5.2913,0.1578,Act1
2.3747,0,1.2289,7.7937,60.6941,0.647,2.0035,3.5095,2.4132,8.7919,-0.0812,Act-1
2.3206,0,1.1827,7.5606,60.6941,0.6084,2.0165,8.9701,2.7853,31.9155,0.0859,Act-1
1.9976,0,1.1841,7.6667,60.6941,0.5971,2.0101,8.9515,2.7844,28.9042,0.1156,Act-1
1.5519,1,1.3373,7.6759,77.4796,0.6256,2.0226,5.201,2.8826,16.6586,-0.007,Act-1
1.7456,0,1.1525,8.3302,74.0342,0.6367,1.9733,12.6436,3.6516,26.0076,-0.0621,Act-1
2.241,1,1.3591,7.9285,46.2373,0.6472,2.0212,12.3582,3.9034,22.491,-0.2275,Act-1
2.3836,0,1.154,8.0556,0.0,0.6825,1.8863,2.9417,2.6551,82.0073,-0.1149,Act-1
3.9965,0,1.2738,8.3357,128.05,0.6144,2.0067,14.2179,3.2105,32.8854,-0.0277,Act1
3.954,0,1.1837,7.8011,128.05,0.6127,2.0218,15.3716,3.1545,33.1877,-0.0449,Act1
2.3575,1,1.4227,7.8175,34.7963,0.6968,2.0281,6.3568,3.6517,50.1699,-0.2056,Act-1
3.0394,1,1.3033,7.6806,32.8972,0.6636,2.0245,8.9067,3.5054,56.9493,-0.1913,Act1
2.9937,1,1.3075,7.6806,32.8972,0.6636,2.0213,9.7706,3.5137,55.551,-0.1436,Act1
2.6611,1,1.3378,7.72,32.8972,0.6438,2.0781,8.718,3.5061,27.07,-0.1135,Act1
3.5698,1,1.3908,7.754,0.0,0.688,2.069,7.3696,3.6929,25.1771,-0.1588,Act1
1.7963,0,1.0331,8.5429,0.0,0.603,1.8517,1.8899,2.1149,0.0,-0.8044,Act-1
2.6247,1,1.3486,7.8333,34.7963,0.671,1.9918,6.1236,3.2204,46.7201,-0.064,Act1
-1.4841,0,1.0331,8.0909,32.8972,0.5582,2.0492,3.0,2.7521,8.8682,-0.4957,Act-1
4.0996,1,1.3482,8.1528,0.0,0.6598,2.0678,11.781,3.4704,33.0604,-0.1812,Act1
2.1379,1,1.363,8.0521,75.7029,0.692,1.9733,6.3615,3.2258,40.2307,0.0047,Act1
3.4163,0,1.2118,7.588,0.0,0.6283,2.0609,5.2428,2.974,5.7201,0.0531,Act1
3.0285,1,1.2935,7.6856,32.8972,0.6487,2.0863,5.3893,3.2977,13.6103,0.1182,Act-1
4.8545,1,1.2977,7.369,18.0108,0.6438,2.0738,0.0,3.2977,8.9057,-0.1208,Act1
1.9797,0,1.0298,7.9653,42.6833,0.5788,1.9846,5.7783,2.4014,10.1381,-0.0298,Act1
2.0099,1,1.3114,8.0682,188.7441,0.6381,2.0359,9.5009,3.6192,11.0114,0.0139,Act1
1.9453,1,1.3004,7.9444,146.0608,0.642,2.0297,9.7906,3.8954,28.1485,0.0531,Act-1
1.9453,1,1.3004,7.9444,146.0608,0.642,2.0297,9.7906,3.8954,28.1485,0.0531,Act-1
4.2621,1,1.3449,7.4969,18.0108,0.6866,2.033,0.0,3.4546,14.512,-0.0092,Act1
3.0062,0,1.2175,7.4722,18.0108,0.6474,2.0233,0.0,2.3631,13.2099,-0.0059,Act1
2.7317,1,1.3026,7.8788,146.0608,0.6388,2.034,10.7266,3.6146,13.5459,0.1678,Act1
-0.2073,1,1.3126,7.9792,93.5913,0.6406,2.0713,11.5473,3.4453,26.2029,0.1122,Act-1
3.4317,1,1.2954,7.7045,103.3774,0.6394,2.041,11.6015,3.4453,11.4402,0.0129,Act1
2.3799,1,1.3126,7.9583,136.2746,0.6406,2.0409,11.5473,3.4453,21.4361,0.0973,Act-1
3.0741,0,1.1996,7.6781,42.6833,0.6332,2.033,6.5373,3.317,11.3264,0.0839,Act-1
5.104,1,1.3341,8.05,0.0,0.6706,2.0739,5.2857,3.77,48.2315,-0.145,Act1
3.9641,1,1.3571,7.3667,0.0,0.6878,2.066,5.3823,3.5799,42.9402,0.0287,Act1
3.3389,1,1.3571,7.4167,0.0,0.6861,2.06,5.5386,3.5799,42.5114,0.0316,Act-1
4.3558,1,1.4356,7.625,0.0,0.6796,2.0192,10.6807,3.4549,25.1373,-0.1049,Act1
2.7468,1,1.2954,7.7955,103.3774,0.6388,2.0301,9.8868,3.4453,13.0214,-0.042,Act-1
2.6099,0,1.0,7.1603,32.8972,0.6065,2.1837,0.0,2.6147,15.2072,0.0028,Act-1
1.4261,0,1.2536,7.8788,75.5805,0.6262,2.0158,4.7107,2.7411,5.7201,-0.1075,Act1
2.2202,0,1.2612,7.8009,36.0215,0.6313,2.0111,6.7771,3.308,4.6558,0.3188,Act-1
-2.6446,0,1.0648,10.1237,116.947,0.6818,1.7599,1.507,3.4495,0.0,0.5483,Act-1
-0.8564,1,1.247,8.0493,336.7052,0.6439,2.0423,16.4281,3.4773,126.6822,0.1338,Act-1
1.5757,0,1.2496,7.8636,42.6833,0.6295,1.9812,5.4989,2.2476,9.8358,-0.041,Act1
2.4035,0,1.0339,8.192,60.6941,0.5926,2.0643,9.8378,3.073,32.1766,-0.063,Act-1
2.4312,1,1.1875,7.9312,50.9079,0.6607,2.049,15.5704,3.8388,152.6775,0.0584,Act-1
2.8786,0,1.2475,7.7639,18.0108,0.7054,1.9516,3.866,3.2598,18.784,-0.1707,Act1
-0.3035,0,1.0726,8.8889,60.6941,0.6349,1.8618,1.8899,2.6681,7.7202,0.0571,Act-1
3.6182,1,1.3881,7.4167,3.1243,0.6638,2.0822,7.7082,3.5667,33.5282,-0.0441,Act-1
1.7798,0,1.1513,8.0064,83.8051,0.6626,2.054,13.3824,3.9286,121.1139,0.0136,Act-1
1.4947,0,1.1513,8.2171,83.8051,0.6582,2.054,13.3824,3.9286,121.1139,0.0292,Act-1
5.1307,0,1.4309,7.6543,60.6941,0.6191,1.9563,15.9863,2.5332,27.0866,0.0233,Act1
6.0399,0,1.4413,7.6944,42.6833,0.6266,1.9525,17.9498,2.5322,21.1861,0.0313,Act-1
5.5779,0,1.3746,7.7121,42.6833,0.6217,1.9533,19.0,2.5246,21.1861,-0.0026,Act-1
2.8441,1,1.4075,7.8838,42.6833,0.6666,2.1209,10.5422,4.1663,44.1015,-0.0737,Act1
2.4225,1,1.3769,7.8047,60.6941,0.6605,2.1287,10.3033,4.1657,48.7417,-0.0142,Act-1
2.3524,1,1.346,8.0078,75.5805,0.6738,2.1765,9.9166,4.1926,64.6627,-0.0649,Act1
2.115,1,1.3717,7.7057,85.3667,0.6701,2.1283,9.2551,4.1848,46.2072,-0.0516,Act-1
1.9419,1,1.3909,7.9327,42.6833,0.6943,2.1129,8.8803,4.1566,40.9159,-0.0828,Act1
1.4389,0,1.2166,8.0156,18.0108,0.6496,2.0201,4.2856,3.2505,14.7006,-0.2106,Act1
2.8441,1,1.4075,7.8838,42.6833,0.6666,2.1209,10.5422,4.1663,44.1015,-0.0737,Act1
2.0903,1,1.396,8.2213,42.6833,0.6889,2.1661,9.5109,4.1888,43.6727,-0.0891,Act1
1.6054,1,1.3717,7.9543,85.3667,0.6649,2.1283,9.2551,4.1848,46.2072,-0.0629,Act1
2.135,1,1.2504,8.0302,170.7334,0.6272,2.1464,17.6693,4.0938,56.9124,-0.0158,Act-1
5.0878,1,1.3721,7.835,42.6833,0.6499,2.0832,15.9065,3.801,63.9995,-0.0455,Act1
4.5498,0,1.1353,7.9087,128.05,0.6086,2.0527,16.0584,3.5933,41.6812,-0.0565,Act1
2.101,1,1.4653,8.0,190.9807,0.6288,2.022,14.7852,4.5003,77.7981,-0.0209,Act-1
4.058,0,1.1667,7.7043,128.05,0.6069,2.0894,17.6391,3.4416,41.6167,-0.0172,Act1
3.7298,1,1.2681,7.7477,68.9187,0.6429,2.072,14.1218,3.8402,50.1115,-0.0819,Act1
3.052,1,1.2862,8.2436,18.0108,0.6886,2.0242,6.9107,3.892,42.4003,-0.0196,Act1
5.1797,1,1.5288,7.7299,60.6941,0.6968,2.1436,7.9472,3.7325,24.2698,-0.0476,Act1
3.9378,1,1.5441,7.8817,34.7963,0.6939,2.0982,9.1801,4.2214,33.5746,-0.1971,Act1
1.6828,1,1.324,7.66,77.4796,0.646,2.1229,9.0899,3.5329,26.1532,0.0061,Act-1
1.9898,1,1.3205,7.6346,60.6941,0.6427,2.124,8.9803,3.6095,26.1532,-0.0284,Act1
0.0627,0,1.0,7.8333,121.3882,0.5604,1.9749,4.0,2.4142,9.2805,-0.0323,Act-1
4.5426,0,1.0959,7.8606,85.3667,0.6109,2.0691,13.5329,3.4001,58.5196,-0.0598,Act1
4.8053,0,1.1567,7.9077,213.4167,0.6013,2.0983,16.6334,3.5921,35.2,-0.0247,Act-1
0.2804,0,1.008,8.0043,164.0715,0.6177,2.0557,9.7222,3.1021,46.6335,0.0762,Act-1
2.0799,1,1.3866,8.25,34.7963,0.639,2.0895,6.3355,3.781,21.459,0.0389,Act-1
-5.3132,1,1.2342,8.1888,585.3326,0.6183,2.0654,15.5625,4.0565,145.9726,0.031,Act-1
2.7061,1,1.4459,8.3214,52.807,0.6466,2.0377,7.976,3.7407,21.4746,0.0748,Act1
2.5584,1,1.3218,7.7227,177.7327,0.6386,2.0975,11.7622,4.3793,62.6624,-0.0589,Act1
3.1213,1,1.3202,7.8153,102.1522,0.6411,2.0983,12.7022,4.3845,72.3405,-0.0142,Act-1
4.9997,0,1.0431,7.2381,42.6833,0.6158,2.1381,7.2618,3.3887,28.5309,-0.0163,Act1
4.3314,1,1.3196,7.8771,59.4689,0.6401,2.1139,12.4748,4.3807,67.2714,-0.02,Act1
3.9588,1,1.1228,7.7273,36.0215,0.618,2.0423,17.4284,3.421,68.9898,-0.0925,Act1
3.5216,0,1.1044,7.7433,36.0215,0.6014,2.0423,17.0137,3.4209,38.8882,-0.1518,Act1
-2.185,0,1.0895,8.2319,249.4394,0.6177,2.0448,18.1223,3.435,118.5124,0.082,Act-1
3.9389,0,1.1868,7.7204,128.05,0.6102,2.0818,17.6391,3.5367,36.5476,-0.0198,Act1
4.0701,0,1.1183,7.7644,42.6833,0.615,2.1139,10.9434,3.0727,32.7754,-0.1016,Act-1
2.2088,0,1.1193,8.1056,170.7334,0.6043,2.1062,12.0549,3.0727,26.494,-0.0844,Act-1
-3.1565,0,1.0895,8.2705,300.3473,0.625,2.0393,18.2,3.435,141.5873,0.0842,Act-1
4.6544,1,1.3225,7.7167,85.3667,0.6496,2.0737,7.4935,3.6139,11.4402,-0.0666,Act1
3.2905,1,1.4182,7.6346,78.7048,0.6366,2.0625,8.7428,3.4506,15.9123,-0.0657,Act1
1.8065,0,1.2691,7.9683,121.3882,0.6276,2.0809,7.4932,3.1327,16.3671,-0.0433,Act-1
2.1146,0,1.1338,7.4896,85.3667,0.6411,2.1242,6.0668,3.4959,13.5459,-0.1446,Act-1
2.9321,1,1.3072,7.5,42.6833,0.6411,2.1585,8.338,3.2649,24.9611,0.0882,Act-1
3.1409,0,1.0692,7.3922,60.6941,0.6073,2.1546,10.4728,3.2856,40.7425,0.0089,Act1
1.3741,0,1.0037,7.8638,213.4167,0.5816,2.0611,11.7349,3.4853,19.4352,-0.0563,Act-1
2.5169,0,1.1023,7.8005,170.7334,0.593,2.0768,16.0813,3.2361,39.0925,-0.0766,Act-1
0.7122,0,1.0994,7.9753,213.4167,0.5934,2.0649,17.306,3.3363,32.7754,-0.0684,Act1
3.6645,0,1.1082,7.6827,128.05,0.5979,2.0693,14.2748,3.2361,53.4899,0.009,Act-1
2.5443,0,1.1011,7.96,128.05,0.5961,2.0667,17.7171,3.3369,49.6926,-0.0899,Act-1
-0.1746,0,1.1222,7.7014,42.6833,0.6268,2.0953,8.8495,3.6184,17.5517,0.1058,Act-1
0.3729,0,1.2437,7.6944,42.6833,0.6132,2.0953,3.3892,3.0717,4.8625,0.1111,Act-1
1.5101,0,1.238,7.391,0.0,0.661,2.0777,3.586,3.1256,10.4521,0.0812,Act1
2.0372,1,1.3437,7.6267,0.0,0.6448,2.1011,7.8752,3.5799,34.9588,0.249,Act-1
2.5415,1,1.2991,7.5556,18.0108,0.6367,2.1087,5.6342,3.5553,25.4409,0.0181,Act1
2.7595,0,1.1456,7.3587,42.6833,0.6065,2.115,5.6175,3.3079,26.8156,0.0763,Act1
2.7347,0,1.0104,7.3768,0.0,0.5902,2.0828,6.1634,3.2852,40.4828,-0.0142,Act-1
-0.147,0,1.1815,7.3472,0.0,0.5842,2.0951,8.7711,3.3112,54.7759,0.0803,Act1
3.2897,1,1.294,7.3043,0.0,0.6526,2.0655,5.3289,3.4967,21.5939,0.0838,Act-1
1.6643,1,1.2937,7.0,0.0,0.6734,2.0655,5.3289,3.4967,21.5939,0.0406,Act-1
1.9265,1,1.2298,7.6574,42.6833,0.6388,2.1272,7.3901,3.3313,34.1813,0.0722,Act1
1.2738,1,1.5921,7.2333,65.7944,0.716,2.2528,3.7942,3.8842,23.4246,-0.0327,Act-1
2.3927,1,1.3479,7.3182,3.1243,0.6684,2.0943,3.4641,3.5799,50.2759,-0.0526,Act-1
0.4274,0,1.2294,7.6373,21.1351,0.6115,2.0633,2.3366,2.8692,23.274,0.0317,Act-1
2.2353,1,1.4816,7.6378,63.8184,0.6734,2.129,7.319,3.8959,26.3582,0.126,Act-1
2.9616,1,1.4724,7.4742,21.1351,0.6503,2.1929,8.2253,3.9122,35.4455,0.1066,Act-1
1.6143,1,1.3592,7.4217,37.9206,0.6355,2.1661,0.0,3.1788,25.4849,0.0345,Act-1
-0.2996,0,1.215,7.8556,54.0323,0.6228,2.0527,5.744,3.2399,30.9381,0.1726,Act-1
4.018,1,1.3855,7.4751,3.1243,0.6786,2.0676,7.9287,3.5622,35.5201,0.0471,Act-1
3.0466,1,1.4578,8.0096,34.4157,0.7211,2.0167,10.6661,3.9431,49.2674,-0.0049,Act1
0.7414,0,1.2096,8.2593,136.2746,0.6745,2.062,11.4956,3.7061,52.5663,0.0567,Act1
2.3481,0,1.2997,7.875,42.6833,0.6449,2.0023,5.5317,2.9489,8.429,-0.2479,Act-1
2.7396,0,1.3095,7.5758,0.0,0.6532,2.0016,5.6569,2.8562,8.429,-0.0831,Act1
1.6325,1,1.3042,8.1071,57.2784,0.6824,2.0628,9.5322,3.5899,51.9672,-0.1202,Act-1
2.8334,0,1.0841,7.6075,0.0,0.6304,1.9992,11.8494,3.5052,72.3066,0.013,Act1
3.1935,1,1.1898,8.0214,60.6941,0.6807,2.0423,12.6863,3.7777,72.1338,-0.0684,Act-1
-0.0112,0,1.1163,8.4633,60.6941,0.6996,2.0033,8.7423,3.7072,83.7167,-0.0415,Act-1
0.6434,0,1.0317,8.1232,93.5913,0.6325,2.0606,8.6996,3.596,55.2114,-0.0317,Act1
0.4468,0,1.1531,8.2188,18.0108,0.6742,2.0065,11.1024,3.4478,58.1794,-0.0159,Act-1
0.9183,0,1.0606,8.4601,0.0,0.6238,1.9923,8.0143,3.5054,28.2721,-0.0711,Act1
5.6554,0,1.0589,7.6569,85.3667,0.6166,2.2007,10.3845,3.7529,32.0397,-0.0129,Act1
1.7781,0,1.0536,8.1552,341.4667,0.6073,2.2013,17.0895,3.757,33.8595,0.0202,Act-1
4.4772,0,1.0652,7.9187,0.0,0.6231,2.201,14.7826,3.7577,56.8196,0.0022,Act-1
2.9736,0,1.042,7.8333,0.0,0.6504,1.9415,7.6075,2.8681,47.9142,0.4337,Act-1
2.2317,0,1.0309,7.5909,0.0,0.6128,1.92,2.8888,2.6461,12.7371,0.4597,Act-1
-0.4076,0,1.0773,8.8111,42.6833,0.6436,1.9914,3.5717,3.2956,8.1491,-0.148,Act-1
4.9616,0,1.2175,8.7959,0.0,0.6922,1.9997,4.9301,3.8865,55.269,-0.0878,Act-1
6.3623,1,1.8064,7.8585,0.0,0.6817,2.1255,15.968,4.6102,43.8389,-0.1859,Act-1
5.3771,1,1.3398,7.8066,0.0,0.7055,2.0241,8.8703,3.7072,29.2718,-0.0777,Act-1
0.3855,0,1.1014,8.2882,136.2746,0.6214,1.9322,9.713,3.4208,53.4382,-0.1191,Act-1
2.2238,0,1.0,7.4697,42.6833,0.5968,1.9321,2.8888,2.4467,7.6036,0.3836,Act-1
0.5339,0,1.1133,8.2583,0.0,0.6237,2.0259,2.7495,2.8124,14.9693,-1.2574,Act-1
4.7523,1,1.3174,7.8718,60.6941,0.657,2.1269,11.1547,3.8381,26.1826,0.0298,Act-1
6.5665,1,1.4208,7.8106,51.2013,0.671,2.1086,18.1192,4.2971,80.0353,0.1652,Act-1
2.4858,0,1.2335,9.1061,18.0108,0.6392,2.0994,5.0279,3.8135,17.6795,-0.2255,Act1
1.6618,0,1.0916,8.0484,85.3667,0.6266,2.1405,8.5739,3.9464,21.0561,-0.1109,Act-1
1.7744,0,1.052,8.0161,85.3667,0.6189,2.1457,8.5739,3.8887,26.1252,-0.1079,Act-1
1.8068,0,1.0914,8.0511,85.3667,0.6266,2.141,8.6188,4.0524,23.5907,-0.1252,Act-1
3.062,0,1.052,7.9579,42.6833,0.6351,2.1461,7.9352,4.0241,31.5093,-0.0497,Act-1
2.1317,0,1.0764,7.8407,0.0,0.6415,2.1256,8.4183,3.8819,37.4322,0.0198,Act-1
0.2745,0,1.1557,7.8634,78.7048,0.6048,2.0203,15.6668,3.253,58.4557,0.1196,Act-1
1.8068,0,1.0914,8.0511,85.3667,0.6266,2.141,8.6188,4.0524,23.5907,-0.1252,Act-1
0.8707,0,1.1386,8.0494,18.0108,0.6677,2.0105,9.3497,3.6907,51.5291,0.0155,Act-1
1.8576,0,1.0945,7.8826,42.6833,0.6365,1.9969,7.5413,3.2278,52.1836,-0.0308,Act-1
-0.2132,0,1.0445,8.3869,75.5805,0.6473,1.982,3.061,3.1774,37.8341,-0.2896,Act-1
-0.4884,0,1.1478,8.5926,18.0108,0.6934,2.0457,9.0499,3.771,51.5291,-0.1411,Act-1
0.6189,0,1.1531,8.191,93.5913,0.6645,2.0347,9.7698,3.6032,45.7243,-0.0834,Act-1
-0.2569,0,1.1103,8.3981,78.7048,0.6651,2.0407,10.5389,3.7742,58.4873,-0.049,Act-1
-0.3641,0,1.1204,8.2786,54.0323,0.6644,2.0405,9.6556,3.6307,64.2922,-0.0515,Act-1
-0.4523,0,1.1481,8.4712,18.0108,0.6837,2.0354,9.7677,3.6877,58.2438,-0.0983,Act-1
0.4468,0,1.1531,8.2188,18.0108,0.6742,2.0065,11.1024,3.4478,58.1794,-0.0159,Act-1
0.2716,0,1.1552,8.31,136.2746,0.6597,2.0348,9.7593,3.7013,45.7243,-0.0554,Act-1
-0.3993,0,1.1552,8.35,93.5913,0.6662,2.0347,9.7593,3.7013,51.5291,-0.002,Act-1
0.6604,0,1.1582,8.1848,18.0108,0.6797,2.027,9.9153,3.4767,54.0636,-0.0389,Act-1
3.4524,1,1.2821,8.3182,93.5913,0.6349,2.0858,10.1074,3.9973,42.4435,-0.0173,Act1
4.6635,1,1.4018,7.7065,36.0215,0.6989,2.103,8.1218,4.0444,36.3017,-0.1486,Act1
5.0279,1,1.426,7.7832,0.0,0.7127,2.1025,10.0751,3.995,78.9289,-0.0162,Act1
4.735,1,1.2722,7.8565,18.0108,0.6803,2.0546,7.7914,3.7187,25.4076,-0.1696,Act1
6.7694,1,1.4211,7.8106,51.2013,0.671,2.1193,18.1192,4.3677,80.0353,0.1652,Act-1
3.1849,1,1.4498,7.6577,54.0323,0.6732,2.0445,12.3435,3.9378,26.3142,0.0281,Act1
5.2515,1,1.3665,8.2325,0.0,0.646,2.0695,14.7325,3.6944,41.1793,-0.0054,Act1
1.5672,0,1.0,7.8194,85.3667,0.5788,2.0613,3.8272,3.1398,10.1381,0.0868,Act1
0.6533,0,1.2625,8.7549,0.0,0.7056,2.0916,5.3552,4.03,19.1726,-0.1154,Act1
2.5804,1,1.3722,7.8851,52.807,0.6527,1.9705,10.6988,4.1111,53.0347,-0.0223,Act1
1.2473,1,1.4317,7.9737,18.0108,0.7159,2.0946,5.9687,3.9174,18.7334,-0.0365,Act1
0.8514,0,1.3397,8.0833,18.0108,0.7102,2.0414,4.7298,3.439,17.0181,-0.0897,Act-1
2.8022,1,1.4873,7.7564,92.0746,0.6641,2.0341,12.6025,3.6768,28.4812,0.011,Act1
2.9297,1,1.3944,7.5909,16.7855,0.6723,2.0665,6.8794,3.8227,28.4812,0.0151,Act1
1.8798,1,1.3944,7.6212,16.7855,0.6702,2.0256,6.8543,3.8227,27.6235,0.0567,Act1
-3.121,0,1.2563,8.1806,59.4689,0.6043,2.0905,2.7495,2.8963,16.0004,-0.332,Act-1
13.3231,0,1.4318,7.3814,0.0,0.6195,2.1043,17.4201,3.8944,78.6462,-0.0444,Act1
11.1873,0,1.7796,7.3208,0.0,0.6387,2.0652,0.0,3.8944,40.6918,-0.0865,Act1
5.1194,0,1.3337,7.496,42.6833,0.625,2.0646,9.9943,3.2273,20.3459,-0.0995,Act1
5.1693,0,1.3669,7.7311,42.6833,0.6314,2.0646,9.9943,3.324,21.2558,-0.1472,Act1
5.1554,1,1.3446,7.7412,18.0108,0.6575,2.1178,12.8952,3.9125,46.7814,-0.0706,Act1
2.5937,1,1.3461,8.0433,18.0108,0.6615,2.0539,6.8069,4.1002,23.8123,-0.3003,Act1
3.3045,1,1.3185,7.8958,18.0108,0.6595,2.0614,7.6147,4.1003,35.6273,-0.2851,Act1
3.6595,1,1.3132,7.8649,18.0108,0.6557,2.0545,7.7754,4.1003,38.1618,-0.2139,Act1
4.3872,1,1.427,7.9722,34.4157,0.7146,2.0552,8.0084,4.0998,29.6241,-0.0738,Act1
2.6851,1,1.3587,8.0399,18.0108,0.6715,2.0527,7.1169,4.0995,18.5689,-0.3018,Act1
3.7572,1,1.3225,7.8488,18.0108,0.6634,2.0533,7.353,4.0998,32.9184,-0.2078,Act1
3.2746,1,1.4216,8.0403,51.2013,0.676,2.0467,9.7635,4.2221,35.1582,-0.2871,Act1
4.209,1,1.3533,7.7929,18.0108,0.7017,2.0388,6.8978,3.944,53.0025,0.1163,Act1
4.5853,1,1.5447,7.5,18.0108,0.7241,2.0722,5.6946,3.9814,48.1351,0.0561,Act1
5.8814,1,1.468,7.6199,36.0215,0.6399,2.0596,14.2315,3.986,55.3832,0.1814,Act1
3.0082,1,1.414,7.99,77.0991,0.7144,2.0552,10.6535,3.9798,44.5628,0.1086,Act1
4.9268,1,1.4042,8.1552,18.0108,0.6714,2.0685,7.1152,4.2086,57.9271,0.0258,Act1
3.5124,1,1.3882,7.5611,0.0,0.6662,2.0825,11.7618,4.0186,43.3248,0.0087,Act1
4.1996,1,1.5119,7.4405,0.0,0.6709,2.1814,9.6015,4.0186,28.2101,-0.0845,Act1
1.563,1,1.3587,8.0833,18.0108,0.6695,2.0462,7.3298,4.0995,18.14,-0.2958,Act1
3.2234,1,1.3159,7.3492,0.0,0.639,2.1005,5.6122,3.8628,25.8594,-0.0015,Act1
6.1421,1,1.6286,7.7236,42.6833,0.6734,2.1252,17.4167,4.4297,69.8114,-0.0958,Act1
6.4049,1,1.6376,7.6608,42.6833,0.6751,2.1252,17.3301,4.4297,74.5161,-0.0246,Act1
4.0307,1,1.4829,7.7951,18.0108,0.7018,2.0084,14.1152,4.0895,50.295,0.1703,Act1
1.7798,1,1.274,7.9806,18.0108,0.6566,2.0269,10.7657,3.7872,33.6407,-0.2281,Act1
3.197,1,1.2248,7.5216,0.0,0.6397,2.1111,11.71,3.4669,39.948,-0.0928,Act1
4.5541,1,1.2349,7.5025,0.0,0.6568,2.1222,12.5898,3.7591,41.0279,-0.0306,Act1
3.0086,1,1.4752,7.7312,18.0108,0.6824,2.1219,10.314,4.1833,37.0833,-0.0873,Act1
1.8209,1,1.3712,7.9194,101.8159,0.6731,2.0077,9.4802,4.1454,75.4834,-0.2659,Act-1
2.5899,1,1.51,7.6987,18.0108,0.7024,2.1056,8.1232,4.0848,36.2735,-0.0013,Act1
2.8353,1,1.4262,7.8141,42.6833,0.6626,2.1401,8.6833,4.1228,31.8121,-0.2217,Act-1
4.3096,1,1.5374,7.5641,18.0108,0.6863,2.1296,9.9395,4.1187,24.8073,-0.1476,Act1
4.5254,1,1.5437,7.6389,18.0108,0.7131,2.127,9.4409,4.1183,30.4136,-0.2157,Act1
3.8859,1,1.6231,7.5595,34.7963,0.6981,2.1286,9.7785,4.3652,31.6301,-0.1445,Act1
1.6588,1,1.2838,7.7698,32.8972,0.6643,2.0216,7.4756,3.6089,59.9114,-0.1377,Act1
4.8792,1,1.5202,7.6515,18.0108,0.6938,2.082,10.5465,4.1564,38.211,-0.1118,Act1
3.1427,1,1.3834,7.5064,36.0215,0.6599,2.0411,9.4738,3.9252,30.841,0.0603,Act1
1.7398,1,1.3371,7.75,34.7963,0.6583,2.0921,10.7036,4.6321,39.5799,-0.0996,Act1
2.5417,1,1.5259,8.0242,34.4157,0.7231,2.0204,12.8583,3.9808,58.124,-0.1783,Act1
4.6864,1,1.4266,8.3862,18.0108,0.6971,2.0049,10.5227,3.7359,43.5154,0.1821,Act1
2.5755,1,1.4328,8.1371,0.0,0.6809,2.0579,12.1569,4.1943,47.0057,0.0728,Act1
-2.4354,1,1.2805,7.8534,18.0108,0.9587,2.009,10.757,3.7696,62.9203,-0.1414,Act-1
4.2075,1,1.5151,7.8429,18.0108,0.7377,1.9875,11.3092,3.7415,65.3258,0.0512,Act1
-0.0578,0,1.1993,8.2431,50.9079,0.6858,2.0609,10.4171,3.6073,58.3711,0.0191,Act-1
0.9183,0,1.0757,8.1816,128.05,0.6227,2.1565,10.3897,3.8754,42.7401,-0.0034,Act1
-1.0167,0,1.115,8.1367,65.7944,0.6308,1.991,6.3598,3.7901,35.6122,-0.0472,Act1
2.5193,1,1.3344,8.0038,18.0108,0.7081,1.99,8.4378,3.9415,31.3983,0.0335,Act1
3.1977,0,1.3124,7.9678,35.899,0.6773,2.0476,10.2709,3.8866,25.836,0.0349,Act1
1.3506,0,1.331,8.2767,16.405,0.7208,2.0403,7.4454,3.7711,55.0584,-0.332,Act1
1.4244,0,1.3021,7.9018,16.405,0.6894,2.0744,7.2577,3.7196,55.8611,-0.0085,Act1
0.7912,0,1.3114,8.1505,16.405,0.6988,2.0812,9.0866,4.5104,55.8611,-0.0296,Act1
0.6003,0,1.1401,8.1597,93.5913,0.6645,2.0602,10.4171,3.4381,57.6354,0.0292,Act-1
0.2657,0,1.2005,8.32,136.2746,0.673,2.0612,10.4617,3.7056,52.5663,0.0254,Act-1
4.6841,1,1.3474,7.9302,50.9079,0.6646,2.1206,13.8338,3.9129,42.3634,-0.1729,Act1
5.7093,1,1.3219,7.8753,18.0108,0.6697,2.1129,13.5236,3.9819,46.12,-0.1038,Act-1
5.57,1,1.3408,7.8389,18.0108,0.6601,2.1177,16.6493,4.0579,57.0939,-0.0394,Act1
1.4661,0,1.2348,8.2323,36.0215,0.6761,2.0408,6.5782,3.6234,31.3348,-0.0574,Act1
5.1693,0,1.3669,7.7311,42.6833,0.6314,2.0646,9.9943,3.324,21.2558,-0.1472,Act-1
2.3924,1,1.4269,7.8692,70.6953,0.7278,2.0204,10.8486,4.0345,62.1534,0.01,Act1
4.9175,1,1.4468,7.7262,54.0323,0.7122,2.0618,11.0651,4.0186,38.3584,0.0004,Act1
3.914,1,1.4437,7.7682,54.0323,0.7449,2.0522,10.956,4.0184,62.1367,-0.0193,Act1
4.3899,1,1.4949,7.7705,54.0323,0.7247,2.0127,13.0255,4.0992,66.2685,-0.1461,Act1
2.7466,1,1.4239,7.842,54.0323,0.719,2.0127,11.4201,4.0979,62.1534,-0.103,Act1
3.5085,1,1.3892,7.7118,54.0323,0.6725,2.0188,9.3714,4.0968,40.5131,-0.1181,Act1
4.627,1,1.428,7.9591,54.0323,0.7017,2.081,10.7848,3.8509,47.4292,0.0082,Act-1
8.694,0,1.2969,7.5202,0.0,0.6256,2.0799,16.159,3.4044,51.5401,0.0208,Act-1
3.4072,1,1.5619,7.7356,50.9079,0.678,2.0558,9.5428,3.9691,26.3911,0.0729,Act1
4.0025,1,1.3785,8.1861,18.0108,0.6983,2.0645,8.331,3.8831,55.6125,-0.0382,Act1
4.5782,1,1.6227,8.0192,18.0108,0.6733,2.0771,13.7199,4.0726,38.3899,0.1873,Act1
5.0182,1,1.5967,8.1374,36.0215,0.6912,2.0839,12.3916,3.9676,31.9046,0.1286,Act1
4.7012,1,1.4983,7.8075,34.4157,0.749,2.0318,11.362,4.0525,80.1778,0.1148,Act1
4.0972,1,1.5648,7.9543,49.3022,0.7092,2.147,12.1024,4.5275,29.2283,0.1247,Act1
5.1969,1,1.5702,7.7644,18.0108,0.7201,2.1465,11.8479,3.9292,30.8631,0.2329,Act1
4.8254,1,1.6106,7.6979,34.5512,0.708,2.1466,13.5529,3.9296,33.191,0.1641,Act1
4.9312,1,1.5657,7.8182,36.0215,0.7071,2.1466,14.4702,3.9293,39.9535,0.1981,Act-1
5.1944,1,1.6106,7.6615,18.0108,0.7089,2.1469,13.6905,3.9296,30.4343,0.1756,Act-1
4.7066,1,1.5517,7.8662,18.0108,0.6966,2.147,12.748,4.5276,29.2283,0.0684,Act1
4.9671,1,1.5827,7.818,18.0108,0.7196,2.147,14.6636,4.5276,63.5412,0.0975,Act-1
3.972,1,1.5541,7.9245,49.3022,0.7026,2.1462,13.4705,4.5271,31.7628,0.1595,Act1
4.3446,1,1.5364,7.7346,18.0108,0.6992,2.0312,8.774,3.9166,35.6687,0.1332,Act1
5.1916,1,1.6684,7.7604,51.2013,0.707,2.1516,13.1301,4.5707,34.8746,-0.0094,Act1
2.833,1,1.576,7.875,16.405,0.7012,2.1831,7.3204,4.7369,19.8678,-0.1419,Act1
6.0234,1,1.4765,7.6528,18.0108,0.6996,2.0383,13.5767,3.9802,77.5334,-0.0595,Act1
4.4863,1,1.3699,7.4,17.8882,0.6793,2.0545,9.2993,3.8238,59.4651,-0.123,Act1
3.7096,1,1.539,7.931,118.2639,0.6931,2.0959,9.304,4.0267,28.0576,0.1389,Act1
3.4181,1,1.4547,7.588,18.0108,0.6663,2.0578,9.2586,3.8862,22.8051,0.0615,Act1
3.1515,1,1.2977,7.9639,34.7963,0.6505,2.0633,9.3412,4.3331,43.5654,-0.2252,Act1
2.5731,1,1.4122,8.0317,51.4593,0.683,2.0164,6.8716,3.8704,28.0382,0.0386,Act1
3.5481,1,1.5289,7.6111,54.0323,0.6749,2.0739,12.6272,3.8699,38.1448,0.1416,Act1
3.8323,1,1.3692,8.0182,36.0215,0.6931,2.0634,11.919,3.8745,58.6366,0.2317,Act1
4.039,1,1.2968,7.7537,36.0215,0.6638,2.0702,10.8706,3.8745,40.8366,-0.0144,Act1
4.8287,1,1.2689,7.6687,36.0215,0.6793,2.065,9.4191,3.6529,33.8968,0.0236,Act1
6.0439,1,1.4278,8.3764,18.0108,0.706,2.0356,7.0709,3.8674,38.8814,-0.1215,Act1
2.433,1,1.317,8.0208,95.1098,0.6577,2.1068,9.6941,3.9039,29.1514,0.0935,Act-1
2.8728,1,1.2991,7.9754,33.1905,0.6771,2.0152,7.5431,3.962,33.6779,-0.1702,Act1
1.5039,1,1.3311,8.3563,59.0883,0.6804,2.0869,9.3712,4.7085,26.5354,0.0036,Act1
2.2273,1,1.3325,8.0906,34.4157,0.6874,2.0793,9.4712,3.8692,27.9758,0.1824,Act1
3.6081,1,1.5161,7.987,34.4157,0.6941,2.0743,11.0129,4.4306,35.3838,0.0312,Act1
9.0439,0,1.776,7.5119,85.3667,0.635,2.0652,12.4852,3.9055,35.6227,-0.2247,Act-1
3.292,1,1.4793,7.9907,42.6833,0.7054,2.0227,10.1576,3.8782,25.7021,-0.019,Act-1
4.0615,1,1.4566,8.2917,68.9187,0.6844,2.1096,12.1018,4.0532,57.4754,-0.0495,Act1
2.9996,0,1.151,7.6346,18.0108,0.6262,2.0764,8.5557,3.1835,38.3289,-0.0927,Act1
3.8111,1,1.5494,8.1172,34.4157,0.7337,2.0612,10.8585,3.9787,62.2251,-0.0741,Act1
3.6944,1,1.4645,7.5958,18.0108,0.7114,2.0857,7.3321,3.8702,17.6965,-0.0219,Act1
5.4393,1,1.4217,8.3139,42.6833,0.7102,1.9967,13.2844,3.8909,91.2948,-0.1375,Act1
4.9686,1,1.3735,7.8398,36.0215,0.7106,2.0593,7.2643,3.9099,44.3032,0.0301,Act1
2.3015,1,1.2925,8.1997,34.4157,0.7381,2.008,6.818,3.9857,47.531,-0.0798,Act1
2.7083,1,1.5582,7.8184,34.7963,0.7161,2.0532,8.5872,3.9671,31.582,-0.1248,Act1
2.9423,1,1.425,8.0345,34.4157,0.7218,2.0428,10.1242,3.9209,26.0097,-0.0408,Act1
2.777,0,1.2194,7.6726,42.6833,0.6333,2.0774,4.1639,3.1925,16.6836,-0.0175,Act1
4.7766,1,1.568,7.9808,18.0108,0.7117,2.1406,7.2344,3.9014,36.7429,-0.1197,Act1
-0.3775,1,1.4393,7.4509,0.0,0.9545,2.0078,9.7697,4.0033,28.7861,-0.0338,Act1
2.8737,1,1.3905,7.7213,54.0323,0.6909,2.022,9.5948,4.0925,66.0341,-0.3056,Act-1
3.3781,1,1.4588,7.8561,42.6833,0.6785,2.0666,6.322,3.6982,23.7931,-0.2181,Act1
3.4814,1,1.4688,7.8333,42.6833,0.6927,2.0651,6.5071,3.594,18.5496,-0.3117,Act1
3.4147,1,1.4639,8.1689,0.0,0.7176,2.0032,8.3007,3.7713,39.0344,0.1464,Act-1
3.3343,1,1.3982,8.0606,34.4157,0.6959,2.03,11.5094,4.3028,37.0855,-0.0809,Act1
1.723,1,1.3219,8.1442,18.0108,0.655,2.0193,8.7502,4.2322,26.0303,-0.3036,Act1
2.9195,1,1.2949,7.9583,18.0108,0.6505,2.0218,9.7877,4.2403,40.3798,-0.229,Act1
6.0115,1,1.3721,7.7444,17.8882,0.7189,2.0239,7.9307,3.8519,41.6629,0.0061,Act1
4.6046,1,1.5123,7.5383,42.6833,0.6657,2.1127,9.268,4.1913,38.3294,-0.0038,Act1
1.5413,1,1.2624,7.8157,0.0,0.6522,2.0104,11.2182,3.5825,46.6238,0.0267,Act1
3.6781,1,1.3963,7.6379,18.0108,0.6976,1.9897,11.2268,3.9286,77.2236,-0.0733,Act1
4.7042,1,1.4719,7.8784,18.0108,0.7124,2.0143,15.3192,3.9803,94.2348,-0.1775,Act1
4.7827,1,1.5169,8.3289,18.0108,0.7352,2.0367,10.1326,3.9558,56.7273,-0.0525,Act1
4.0914,1,1.5157,8.2839,18.0108,0.7015,2.0367,11.8306,3.956,58.4701,0.0449,Act1
-0.2247,0,1.1056,8.4048,75.5805,0.6695,2.0407,3.8883,3.2542,44.6761,-0.1939,Act-1
0.2657,0,1.2005,8.32,136.2746,0.673,2.0612,10.4617,3.7056,52.5663,0.0254,Act1
0.9422,0,1.2238,8.0667,16.7855,0.621,1.9047,4.4565,3.2582,21.7228,-0.6027,Act1
2.1396,1,1.4238,8.1894,51.2013,0.6872,2.0345,12.0388,4.3002,37.216,-0.3218,Act1
2.1396,1,1.4275,8.1894,51.2013,0.6872,2.0347,11.7107,4.3008,37.216,-0.3052,Act1
2.1396,1,1.4384,8.1894,51.2013,0.6872,2.035,11.7416,4.3055,37.216,-0.2942,Act1
1.4381,1,1.3247,8.1821,34.7963,0.651,2.0502,7.9417,4.3331,31.2737,-0.3269,Act1
2.2795,1,1.2988,8.0306,34.7963,0.6504,2.0773,9.6278,4.3331,43.0887,-0.3089,Act-1
2.6345,1,1.2939,7.9973,34.7963,0.6473,2.0536,10.0438,4.3331,45.6232,-0.2387,Act1
3.2324,1,1.3724,7.973,51.2013,0.6758,2.0329,12.763,4.3005,46.3182,-0.05,Act1
1.87,1,1.3007,8.253,34.7963,0.6607,2.014,8.3873,4.2409,32.7762,-0.3077,Act1
2.3816,1,1.2917,8.3833,34.7963,0.6553,2.046,8.4525,4.2402,35.3107,-0.1771,Act1
3.2128,1,1.4137,8.0944,51.2013,0.7138,2.0251,10.6904,4.1953,31.8421,-0.0663,Act1
2.4525,1,1.4227,8.1797,51.2013,0.6828,2.0374,11.6905,4.1959,37.1061,-0.2333,Act-1
2.0536,1,1.4198,8.1742,69.212,0.6764,2.037,11.7211,4.1954,36.2484,-0.2647,Act1
2.3169,1,1.4417,8.1962,51.2013,0.6976,2.0318,10.8884,4.1969,31.9726,-0.2684,Act1
2.1417,1,1.4147,8.1351,51.2013,0.6853,2.0251,11.2101,4.1943,28.3582,-0.2743,Act-1
1.6913,1,1.4147,8.1351,51.2013,0.6853,2.0261,10.8366,4.1943,28.787,-0.2719,Act-1
2.4572,1,1.3071,8.0268,34.7963,0.6577,2.0755,8.9407,4.3331,37.8453,-0.3116,Act1
2.8137,1,1.3017,7.9914,34.7963,0.6539,2.0504,9.1111,4.3331,40.3798,-0.2343,Act1
1.3375,1,1.3071,8.0982,34.7963,0.6579,2.0643,10.5376,4.3331,39.4264,-0.2525,Act1
2.6224,1,1.4238,8.0995,51.2013,0.6769,2.0589,11.5763,4.3331,34.0304,-0.2333,Act1
2.8918,1,1.3278,8.0222,34.7963,0.6888,1.9861,7.5094,3.629,27.9801,-0.2097,Act1
2.1874,1,1.3236,7.9683,34.7963,0.653,2.004,7.6706,3.6475,29.7229,-0.2965,Act1
1.2533,1,1.3621,8.0,95.4904,0.6426,2.0017,14.4618,4.1111,57.1504,0.0056,Act1
1.7476,0,1.2633,8.0196,36.0215,0.7026,1.9811,6.1075,3.5419,51.8786,-0.0238,Act1
4.0558,1,1.358,7.7816,16.7855,0.6769,2.0559,11.124,3.5541,46.8923,-0.1466,Act1
-0.349,0,1.2122,8.2979,136.397,0.6739,2.0506,15.0785,3.94,136.3854,0.0258,Act-1
2.4224,1,1.5109,7.9975,118.2639,0.6756,2.0503,11.2899,4.1123,62.1427,-0.0462,Act1
-7.6627,1,1.2326,7.8718,50.9079,1.1788,2.0451,13.4679,3.9541,170.2388,-0.0024,Act-1
4.1122,1,1.5229,7.8735,54.0323,0.6774,2.0152,11.0067,4.2768,136.5429,-0.0142,Act1
5.3036,1,1.4036,7.6998,0.0,0.6931,1.9931,7.7039,3.9599,63.7614,-0.1266,Act1
3.5433,1,1.3996,7.6827,18.0108,0.6639,1.9932,9.4412,3.7726,55.4946,-0.0198,Act1
4.6318,1,1.3993,7.5469,77.4796,0.6417,2.0884,14.1928,3.7734,26.6536,0.0339,Act1
2.4678,0,1.138,7.8565,0.0,0.6449,2.0894,5.5667,3.2711,23.765,-0.0385,Act-1
0.5146,1,1.3273,8.207,0.0,0.6673,2.1371,9.6987,4.5774,52.0906,-0.0589,Act1
4.2545,1,1.4369,8.0106,60.6941,0.7562,2.0038,7.2751,4.0481,27.2049,-0.0504,Act1
3.2901,1,1.4786,7.8947,42.6833,0.7456,2.1313,5.3266,3.7223,47.391,0.0214,Act1
3.0595,1,1.3919,7.7718,52.6845,0.6971,2.0709,8.1548,4.0432,41.5929,-0.0059,Act1
4.8309,1,1.3423,7.6398,16.7855,0.646,2.0838,9.9299,3.995,35.9426,-0.0191,Act1
2.3698,1,1.3583,7.6917,18.0108,0.6848,2.0084,4.6625,3.8338,23.5575,-0.1812,Act1
5.7926,1,1.4849,7.6475,18.0108,0.7317,2.0206,8.1831,3.944,67.0733,-0.248,Act1
5.3853,1,1.475,7.569,18.0108,0.7073,2.0249,9.0675,3.9433,66.1073,-0.2649,Act1
3.6082,1,1.5865,7.5,16.7855,0.6972,2.16,6.8308,4.2788,26.1947,-0.105,Act1
3.7209,1,1.6049,7.4386,16.7855,0.7145,2.16,6.5855,4.2575,20.9513,-0.2405,Act1
2.8155,0,1.2751,8.1957,85.3667,0.6358,2.0315,8.5574,3.358,41.4685,-0.0356,Act-1
0.3963,1,1.3875,8.0772,300.7606,0.6516,2.0544,17.4716,4.2603,96.4892,-0.0353,Act1
2.0121,1,1.3599,8.1736,85.3667,0.6952,2.0034,9.0657,3.9385,56.2805,-0.2814,Act1
2.3433,1,1.4673,7.8656,78.7048,0.6727,2.0852,11.1368,3.8495,37.2446,-0.0399,Act1
2.0418,1,1.4823,7.8611,52.807,0.6761,2.0734,10.0739,3.9235,38.8737,-0.1989,Act1
2.0376,1,1.2766,7.8382,0.0,0.6714,2.0405,11.4992,4.0027,79.8482,-0.0757,Act1
2.5825,1,1.308,7.8426,18.0108,0.656,2.0407,12.5547,4.0024,54.2428,-0.0982,Act1
6.2281,1,1.4319,8.1695,18.0108,0.6997,2.0453,6.8256,3.8768,32.946,-0.0603,Act1
4.0349,1,1.426,7.7024,18.0108,0.6661,2.0455,8.0117,3.8899,39.1281,-0.0195,Act1
3.9377,1,1.4806,7.6583,59.3464,0.6888,2.0198,7.0392,3.9147,18.2558,-0.0341,Act1
3.9825,1,1.4685,7.9086,18.0108,0.6992,2.0793,9.4323,3.9069,39.6528,0.0054,Act1
4.421,1,1.4738,7.4493,18.0108,0.6818,2.1287,6.5161,3.8989,32.2055,-0.1775,Act1
4.6018,1,1.5517,8.1818,42.6833,0.6891,2.1045,13.7389,3.9897,40.7103,0.1416,Act1
4.021,1,1.3722,8.0651,36.0215,0.698,2.0709,13.8266,4.0519,64.195,0.1515,Act1
5.0239,1,1.469,7.5255,18.0108,0.7018,2.1277,7.1766,4.0442,35.7061,-0.0592,Act1
4.5754,1,1.4985,7.8081,18.0108,0.6717,2.0619,12.1691,4.1083,38.192,-0.1277,Act1
3.1229,1,1.5262,8.0957,91.9855,0.6956,2.0571,10.3516,4.0567,15.3345,0.0012,Act1
3.1813,1,1.3949,8.0057,51.2013,0.7079,2.0287,8.0412,4.065,28.7665,-0.0609,Act1
1.9516,1,1.2983,7.9549,34.7963,0.664,2.014,6.5039,4.0651,26.9917,-0.297,Act1
2.3129,1,1.2921,7.9167,34.7963,0.6592,2.0447,6.5965,4.0651,29.5262,-0.2326,Act1
5.4036,1,1.3921,7.5422,0.0,0.702,2.0063,7.7987,4.0485,35.3567,-0.0483,Act1
4.8006,1,1.3944,7.4699,0.0,0.683,2.0159,7.294,4.0267,31.8561,-0.0994,Act1
4.3205,1,1.4127,7.7756,0.0,0.6602,2.0994,8.7451,4.047,31.1122,-0.1681,Act1
4.9023,1,1.393,7.4132,0.0,0.6939,2.0132,7.4769,4.0217,31.4106,-0.0044,Act1
3.9898,1,1.4175,7.5667,0.0,0.6765,2.0324,8.217,4.0246,31.5411,-0.1597,Act1
5.3902,1,1.3866,7.3673,0.0,0.6477,2.0646,9.1685,4.0318,31.5411,-0.104,Act1
5.126,1,1.3866,8.034,0.0,0.6552,2.0422,7.0192,4.0318,31.5411,-0.1841,Act1
4.8006,1,1.393,7.4699,0.0,0.683,2.0166,7.4769,4.0217,31.8561,-0.0742,Act1
4.4385,1,1.393,7.6319,0.0,0.6625,2.028,6.3672,4.0217,37.4765,-0.1283,Act1
4.0962,1,1.391,7.4467,0.0,0.6549,2.0306,7.288,4.0224,33.5989,-0.1159,Act1
3.7049,1,1.3687,7.4733,17.8882,0.6804,2.0305,7.8644,3.6255,58.3374,-0.2107,Act1
3.9898,1,1.4214,7.5667,0.0,0.6765,2.0326,8.0488,4.0318,31.5411,-0.1463,Act1
5.126,1,1.3904,8.034,0.0,0.6552,2.0428,7.0192,4.0436,31.5411,-0.1028,Act1
4.1962,1,1.3947,7.3913,0.0,0.6639,2.0268,7.0192,4.0153,28.3555,-0.1595,Act1
5.127,1,1.5183,7.3827,0.0,0.6792,2.1449,8.0684,4.2935,33.5014,-0.1169,Act1
3.271,1,1.3947,7.4348,0.0,0.6618,2.0169,6.6558,4.0153,28.3555,-0.148,Act1
2.9642,1,1.5234,7.9919,34.4157,0.7238,2.0192,12.8366,3.9797,60.8161,-0.1375,Act1
4.486,1,1.5812,7.8969,34.4157,0.7001,2.1549,14.156,4.6281,39.7618,0.0085,Act1
5.0518,1,1.572,7.2778,101.8159,0.6934,2.1432,8.0941,4.4903,30.2505,-0.1485,Act-1
4.8582,1,1.488,7.7071,18.0108,0.7364,2.1358,6.7479,3.8694,25.232,-0.0275,Act1
5.1667,1,1.5308,7.6149,0.0,0.6769,2.0658,9.7523,4.2056,43.6585,-0.3113,Act-1
3.7731,1,1.4268,7.7153,36.0215,0.6899,2.0233,10.2836,3.8143,61.3711,-0.0975,Act1
2.6938,1,1.4028,8.0651,52.4265,0.6941,2.0945,12.3692,4.0453,37.1992,-0.0108,Act1
6.6761,1,1.5547,7.6954,42.6833,0.6714,2.0709,17.3182,4.259,79.2419,-0.033,Act1
3.383,1,1.4435,7.8417,60.6941,0.6927,2.0364,7.8474,4.0106,23.3893,-0.0719,Act1
4.5817,1,1.4926,7.7333,36.0215,0.6736,2.1078,13.3501,4.0195,51.2212,-0.1807,Act1
4.8866,1,1.4686,7.7162,18.0108,0.7074,2.0253,15.8929,3.9301,88.2994,-0.1504,Act1
3.9561,1,1.2734,7.7258,60.6941,0.6458,2.0996,11.8434,3.7879,41.7802,0.0603,Act-1
2.8182,1,1.3129,7.6667,32.8972,0.6803,2.0254,8.7693,3.4885,54.8915,-0.1501,Act1
3.5715,1,1.5386,7.6014,0.0,0.7604,2.0224,8.491,3.8227,77.7589,-0.0334,Act1
5.4436,1,1.4471,7.6369,18.0108,0.7005,2.035,7.2607,3.9129,25.2884,-0.0519,Act1
1.9807,1,1.405,7.5873,34.7963,0.6747,2.0049,7.4051,3.8525,23.8728,0.0442,Act1
2.684,1,1.374,7.9167,59.4689,0.6511,2.0323,10.8342,3.867,34.5564,-0.1955,Act1
3.6531,1,1.4115,7.87,32.8972,0.7117,2.0382,7.2364,3.9748,47.2477,-0.2678,Act1
4.7118,1,1.3154,7.8418,0.0,0.7182,2.0508,9.8772,3.8768,75.1021,0.1113,Act1
3.0782,1,1.3047,7.375,0.0,0.6554,2.0738,8.7134,3.5496,19.2276,-0.0706,Act1
4.2072,1,1.5196,8.1944,18.0108,0.7566,2.0534,9.6811,4.4337,62.7153,0.059,Act1
3.2158,1,1.4375,7.85,0.0,0.7024,2.0407,8.1395,3.61,17.827,-0.1704,Act-1
1.3391,1,1.3994,8.1823,0.0,0.6871,2.0386,5.3289,3.8495,6.6354,-0.2242,Act1
3.999,1,1.4228,7.5833,0.0,0.7039,2.0834,7.7549,3.7367,27.4013,0.0123,Act1
4.3657,1,1.4165,7.5481,0.0,0.6637,2.0912,7.7541,3.7384,27.4013,-0.0141,Act1
4.6641,1,1.4109,7.5247,0.0,0.6594,2.0908,8.0392,3.7371,27.4013,0.0495,Act1
4.4117,1,1.4059,8.1637,0.0,0.6645,2.0879,7.7001,3.7374,27.4013,-0.1017,Act-1
3.8087,1,1.4299,7.5625,0.0,0.6739,2.0852,7.7001,3.7366,29.9358,-0.0608,Act1
4.1652,1,1.4227,7.54,0.0,0.6685,2.0785,7.7527,3.7366,32.4704,0.068,Act1
4.6848,1,1.3978,7.6774,18.0108,0.7288,2.0329,6.5735,3.8382,58.7226,-0.1229,Act1
3.8875,1,1.2701,7.5611,42.6833,0.6404,2.0844,10.5234,3.7089,40.4415,-0.1203,Act1
4.809,1,1.4321,7.8012,54.0323,0.6973,2.0792,11.4713,3.8776,41.4938,0.0038,Act1
3.4291,1,1.4297,7.7391,36.0215,0.6976,2.0051,10.3012,3.6714,58.1855,0.0654,Act1
5.3087,1,1.5281,7.2756,36.0215,0.6984,2.1298,8.7744,3.6622,22.441,-0.0577,Act1
3.6015,1,1.4972,7.65,60.6941,0.6888,2.1303,7.319,3.6479,15.9507,-0.1282,Act1
3.6603,1,1.5483,7.9543,34.4157,0.7349,2.0585,11.1483,3.9771,53.104,-0.0771,Act1
3.2108,1,1.3634,7.8889,60.6941,0.6715,2.1053,8.64,3.9372,35.3105,-0.1453,Act-1
4.1284,1,1.3222,7.9053,18.0108,0.6922,2.1077,10.9345,3.8192,25.9917,-0.0795,Act1
4.2463,1,1.2919,7.7778,18.0108,0.696,2.0553,8.9251,3.8192,32.356,-0.1698,Act1
3.8838,1,1.2919,7.9333,18.0108,0.6755,2.0603,7.9252,3.8192,37.9764,-0.2344,Act1
3.5223,1,1.3148,7.8526,18.0108,0.674,2.1071,11.293,3.8192,22.4911,-0.154,Act1
3.847,1,1.2866,7.9444,18.0108,0.6656,2.0608,10.1948,3.7308,24.9778,-0.1565,Act1
5.538,1,1.3963,8.4619,18.0108,0.6728,2.1519,10.7458,3.8192,30.3938,-0.0913,Act1
4.6226,1,1.4099,8.0403,18.0108,0.6812,2.146,10.7458,3.8192,27.2082,-0.1149,Act1
4.3316,1,1.2866,8.108,18.0108,0.6687,2.0667,8.7976,3.8192,22.9199,-0.1324,Act1
4.002,1,1.2866,8.1451,18.0108,0.6668,2.0597,8.987,3.8192,22.0622,-0.1861,Act1
3.1672,1,1.3884,7.5256,18.0108,0.71,2.0648,10.8795,3.8192,54.8488,-0.1276,Act1
3.8592,1,1.2827,8.1451,18.0108,0.6668,2.0593,8.987,3.8192,22.4911,-0.2119,Act1
3.3863,1,1.2866,8.1821,18.0108,0.6649,2.0537,8.1542,3.8192,21.6334,-0.2247,Act1
4.2849,1,1.2766,8.0685,18.0108,0.6639,2.0603,10.2052,3.8192,25.4544,-0.1544,Act1
3.516,1,1.521,7.9866,34.4157,0.6976,2.0572,12.6978,4.5869,32.4683,-0.1353,Act1
3.5358,1,1.3914,7.4615,0.0,0.6577,2.0839,9.6354,3.7006,23.6768,-0.1275,Act1
3.9671,1,1.4385,7.6852,18.0108,0.6826,2.044,8.5624,3.8978,23.998,-0.383,Act1
3.1206,1,1.2748,7.8013,18.0108,0.6429,2.0718,8.7818,3.6143,38.3445,-0.1624,Act1
3.7003,1,1.3679,8.1763,32.8972,0.6455,2.0729,9.2925,3.7342,21.7777,0.046,Act1
4.0935,1,1.2885,8.1571,36.0215,0.6741,2.0202,7.8134,3.6661,18.4863,-0.0973,Act1
4.8576,1,1.2866,8.1186,18.0108,0.6759,2.077,8.7106,3.6659,21.4496,-0.0495,Act1
4.3194,1,1.2802,8.1142,36.0215,0.6687,2.0615,8.1521,3.6659,21.0208,-0.0515,Act1
4.1839,1,1.3072,8.4109,18.0108,0.67,2.1209,10.8211,3.6659,22.9199,-0.0576,Act1
4.1908,1,1.2839,8.2233,18.0108,0.6918,2.0511,9.104,3.6659,23.2349,-0.096,Act1
4.3356,1,1.2885,7.6412,18.0108,0.7257,2.0486,9.7917,3.6659,23.9788,0.0122,Act1
4.0596,1,1.2826,8.1442,18.0108,0.6741,2.0653,9.1231,3.6659,20.1632,-0.0852,Act1
2.5604,1,1.2895,7.5652,50.9079,0.6765,2.0621,8.1232,3.6647,19.7343,-0.0242,Act1
4.0596,1,1.2866,8.1442,18.0108,0.6741,2.0659,9.1231,3.6659,20.1632,-0.0235,Act1
3.7284,1,1.2866,8.1827,18.0108,0.6723,2.0585,9.2757,3.6659,19.3055,-0.0754,Act1
4.0596,1,1.2985,8.1442,18.0108,0.6741,2.068,9.1231,3.6659,20.1632,-0.1091,Act1
4.3477,1,1.4577,7.744,103.3774,0.6894,2.1416,8.585,3.7725,19.3585,-0.0086,Act1
3.6143,1,1.4646,7.7391,36.0215,0.7101,2.01,9.6314,3.6666,50.6956,-0.0966,Act1
2.7248,1,1.4765,7.8485,18.0108,0.7023,2.0774,7.8848,3.7027,21.0614,-0.2174,Act1
2.7879,1,1.4302,7.7639,50.9079,0.6899,2.015,10.3901,3.6375,59.4644,-0.4081,Act1
5.1305,1,1.4145,8.0361,18.0108,0.6882,2.1304,9.5454,3.8896,24.8803,-0.0757,Act1
3.1575,1,1.5457,7.6159,34.6738,0.7049,2.1323,7.5637,3.7126,17.6432,-0.0645,Act1
4.1379,1,1.3984,8.0267,36.0215,0.7244,2.0288,12.6974,3.8079,35.8497,-0.1307,Act-1
3.8604,1,1.5162,7.8889,36.0215,0.6911,2.122,13.2215,3.902,44.0007,0.001,Act1
3.7366,1,1.3946,8.1597,34.4157,0.7332,2.0444,13.225,3.8702,29.5102,-0.0567,Act1
3.9807,1,1.3874,8.1197,16.405,0.7237,2.0514,12.7021,3.877,29.5102,0.0055,Act1
3.8296,1,1.3946,8.1597,34.4157,0.7332,2.0436,12.9379,3.8749,29.5102,-0.0951,Act-1
3.4675,1,1.3946,8.2986,34.4157,0.7118,2.0449,11.9379,3.8749,35.1306,-0.1251,Act1
2.5819,1,1.4101,8.0586,77.0991,0.6745,2.0531,11.9174,3.9962,22.6189,0.0108,Act1
4.4273,1,1.3996,7.9928,34.4157,0.7235,2.0463,13.3134,3.8692,26.9112,-0.0006,Act1
2.1498,0,1.3314,8.141,0.0,0.7121,2.0636,3.6747,3.1084,19.8237,-0.5086,Act-1
1.4059,0,1.3316,8.053,35.899,0.6696,2.0023,8.2953,3.7794,24.3932,-0.2393,Act-1
8.976,0,1.776,7.5159,85.3667,0.635,2.0675,12.4852,3.6302,29.9026,-0.2268,Act1
5.4213,1,1.6183,7.8462,0.0,0.7448,2.0736,7.4115,4.2923,18.0387,0.0043,Act1
3.7125,1,1.4123,7.6556,18.0108,0.6646,2.0741,13.0663,3.787,31.7258,-0.1049,Act1
1.8335,0,1.324,8.0079,35.899,0.676,2.0144,8.7826,3.7373,22.3354,-0.0129,Act-1
3.462,0,1.2952,7.5833,17.8882,0.6723,2.0483,6.916,3.8087,35.4265,-0.0865,Act1
2.6581,1,1.4193,7.8908,50.9079,0.6409,2.0415,10.1201,3.6683,45.9771,0.0471,Act1
2.817,1,1.443,7.9178,75.5805,0.6791,2.0405,8.2304,3.6683,31.5529,0.0273,Act1
2.6009,1,1.443,8.0733,75.5805,0.6582,2.0406,8.2322,3.6683,37.1734,-0.0067,Act1
5.9282,1,1.3973,7.9083,0.0,0.6795,2.0717,8.8412,3.8896,61.8492,0.0604,Act1
3.9967,1,1.5447,7.9297,34.4157,0.7264,2.0581,12.2086,3.9915,56.2896,0.1368,Act1
4.9054,1,1.5447,7.8984,34.4157,0.727,2.062,11.3919,3.9915,56.2896,0.1021,Act1
3.5715,1,1.5371,7.6014,0.0,0.7604,2.0221,9.1456,3.8218,77.7589,0.0571,Act1
3.6567,1,1.5104,7.7692,0.0,0.68,2.0049,10.5632,4.1019,38.6308,0.1284,Act1
3.1996,1,1.3835,7.8437,36.0215,0.7016,2.0197,12.935,4.0535,72.6813,-0.1717,Act1
2.4383,1,1.3418,7.7121,32.8972,0.6564,2.0797,9.5595,3.4757,25.0121,-0.0047,Act1
4.2724,1,1.5119,7.6696,18.0108,0.7217,2.1364,10.9844,3.7685,30.0816,0.0971,Act1
4.9621,1,1.4492,7.5385,18.0108,0.6768,2.1459,7.5431,3.7556,34.4079,0.1472,Act1
4.303,1,1.5473,7.9247,78.7048,0.6956,2.1376,13.5458,3.7973,29.4066,0.0033,Act-1
3.3854,1,1.4534,7.6071,32.8972,0.659,2.0476,6.3403,3.6835,15.7441,-0.1938,Act1
2.3598,1,1.3114,7.7143,32.8972,0.6783,2.0212,9.2241,3.4782,53.0643,-0.1306,Act1
2.7043,1,1.3698,7.7569,18.0108,0.7148,2.0197,12.9636,3.8147,81.4572,0.107,Act1
3.5565,1,1.3343,7.6494,18.0108,0.6734,2.0533,11.8845,3.6143,66.6255,-0.0158,Act1
4.4725,1,1.4569,7.5811,18.0108,0.6564,2.0763,14.807,3.7775,45.5552,-0.0828,Act1
3.9366,1,1.3441,7.8611,0.0,0.7313,2.0286,6.7554,3.6173,30.498,-0.0508,Act1
4.0897,1,1.3878,7.8305,42.6833,0.6874,2.0303,8.2803,3.7533,33.163,0.1274,Act1
3.6875,1,1.391,7.6667,16.7855,0.6671,2.0555,6.9667,3.624,37.1586,0.0987,Act1
5.3505,1,1.5569,7.6264,36.0215,0.7194,2.0488,9.8983,3.9123,56.8446,0.1034,Act1
3.702,1,1.4594,7.4545,34.6738,0.6714,2.032,8.3199,3.6142,22.896,0.0407,Act1
2.9228,1,1.2969,7.6131,42.6833,0.6593,2.0457,14.9505,3.6142,35.8778,0.0071,Act1
3.485,1,1.3069,7.619,18.0108,0.6854,2.0017,10.3806,3.614,61.0614,-0.114,Act1
3.9885,1,1.4062,7.7981,0.0,0.6929,2.0669,8.1141,3.9744,26.2165,-0.0917,Act1
4.6109,1,1.4069,7.6768,34.7963,0.6474,2.0675,14.0707,4.2843,50.4186,-0.1453,Act1
3.7644,1,1.3961,7.899,18.0108,0.6653,2.0322,11.9032,3.6915,48.3945,-0.1148,Act1
4.7137,1,1.4675,7.5571,18.0108,0.6625,2.0776,11.2425,3.7749,40.9628,-0.0409,Act1
4.5369,1,1.393,7.3819,0.0,0.6591,2.0405,7.8638,4.0217,31.5411,-0.0968,Act1
3.8043,1,1.5759,7.8782,60.6941,0.7011,2.0711,10.0404,3.8034,19.4107,0.0602,Act-1
3.1174,1,1.4637,8.0031,34.4157,0.6983,2.0646,9.1386,3.9266,21.3256,0.1763,Act1
5.3259,1,1.4273,7.7688,54.0323,0.7011,2.0908,9.7845,3.8652,39.4359,0.0998,Act-1
2.7359,1,1.4762,7.6979,50.9079,0.694,2.0639,13.6703,3.6781,60.7219,-0.0132,Act1
5.1206,1,1.5179,7.6317,18.0108,0.7028,2.0421,11.1461,3.9159,37.3289,-0.0679,Act1
4.5228,1,1.4102,7.5278,18.0108,0.6489,2.0463,11.3389,3.6142,43.7608,-0.0536,Act1
3.8288,1,1.4102,7.55,18.0108,0.6472,2.0433,11.36,3.6142,42.4743,-0.0793,Act1
2.8313,1,1.3663,8.1121,36.0215,0.713,2.0526,10.7199,3.5282,51.3657,0.1699,Act1
5.0476,1,1.5735,7.8712,18.0108,0.7455,2.0782,10.7222,4.3888,55.0644,0.0406,Act1
2.9723,1,1.2461,7.8173,0.0,0.6934,2.074,8.3643,4.0808,62.6474,-0.102,Act1
5.1789,1,1.5387,7.9219,34.4157,0.7624,2.0569,10.6956,4.0118,56.1591,0.084,Act1
4.9054,1,1.5387,7.8984,34.4157,0.727,2.0676,10.7038,4.0118,56.2896,0.0867,Act-1
4.7203,1,1.5387,8.0859,34.4157,0.7341,2.0624,10.7469,4.0118,62.2251,0.0934,Act1
5.497,1,1.5097,8.375,34.4157,0.7184,2.0634,11.1174,4.0206,58.3475,0.0168,Act-1
4.1106,1,1.5471,7.9543,34.4157,0.7349,2.057,11.2815,3.9769,52.6752,0.0785,Act1
2.493,1,1.4882,8.1458,34.4157,0.7182,2.0637,10.5422,3.9275,21.3256,0.1102,Act1
3.7899,1,1.6431,7.9024,51.2013,0.7166,2.0651,12.3712,4.4375,27.9418,0.0854,Act1
2.6514,1,1.534,8.0027,34.4157,0.7064,2.0665,12.4298,3.9403,20.8968,0.078,Act-1
2.4644,1,1.4381,7.9089,34.4157,0.6804,2.0704,13.1457,3.9275,34.293,0.1448,Act1
2.5289,1,1.5145,8.1714,50.8207,0.7328,2.0672,12.9254,4.7067,51.4692,0.0595,Act-1
2.7767,1,1.4661,8.0353,34.4157,0.706,2.0632,8.3651,3.9251,18.14,0.1153,Act1
3.7123,1,1.5907,7.9417,34.4157,0.7167,2.1351,9.0603,4.433,23.286,0.0841,Act1
4.332,1,1.5431,7.9066,34.4157,0.7188,2.0582,12.3806,4.055,59.4752,0.2025,Act1
4.6808,1,1.5431,8.0345,34.4157,0.7699,2.0581,12.2018,4.055,60.1053,0.0553,Act1
3.8111,1,1.546,8.1172,34.4157,0.7337,2.0581,11.3776,4.0032,62.2251,0.0742,Act1
4.1555,1,1.5172,7.9624,34.4157,0.788,2.058,11.0628,4.0255,85.6097,0.0652,Act-1
5.0675,1,1.6342,7.8626,34.4157,0.7379,2.0587,15.0173,4.0261,59.4752,0.0833,Act1
4.1711,1,1.5447,7.9957,34.4157,0.7524,2.0581,11.756,3.9915,56.6046,0.0775,Act1
3.8111,1,1.5447,8.1172,34.4157,0.7337,2.0581,10.6385,3.9915,62.2251,0.0872,Act1
3.4798,1,1.542,7.9621,34.4157,0.7213,2.0581,12.7078,3.9934,58.3475,0.1144,Act1
4.8737,1,1.6271,7.8925,34.4157,0.7331,2.0581,15.1539,3.995,63.5909,0.0617,Act1
4.1711,1,1.5502,7.9957,34.4157,0.7524,2.0581,11.2926,4.0765,56.6046,0.0994,Act1
3.8111,1,1.5502,8.1172,34.4157,0.7337,2.0581,11.3991,4.0765,62.2251,0.1042,Act1
2.9493,1,1.5175,8.0194,34.4157,0.7327,2.058,12.1675,3.9844,55.3673,0.0878,Act1
2.7527,1,1.5471,7.9866,34.4157,0.7345,2.0581,12.5407,3.9769,53.104,0.0878,Act1
4.7369,1,1.5252,7.8262,34.4157,0.7169,2.0827,13.3332,4.0718,69.6133,0.1396,Act1
3.9772,1,1.6281,7.9387,34.4157,0.7397,2.058,13.0391,4.4415,62.7765,0.1192,Act-1
2.7527,1,1.5471,7.9866,34.4157,0.7345,2.0581,12.9636,3.9769,53.104,0.0873,Act1
3.8265,1,1.6281,7.9191,34.4157,0.7628,2.058,12.9404,4.4415,85.0157,0.0947,Act1
3.2998,1,1.4245,7.9224,34.4157,0.7097,2.0583,10.5581,3.9344,57.5221,0.0011,Act1
3.2585,1,1.5566,7.9856,34.4157,0.7389,2.0581,10.104,4.4029,50.0516,0.0576,Act-1
2.658,1,1.4574,7.9969,34.4157,0.6983,2.0621,9.3225,3.9175,20.6746,0.1386,Act1
2.8536,1,1.4492,7.9613,34.4157,0.6914,2.0615,10.322,3.9169,23.2091,0.0921,Act1
3.6603,1,1.5471,7.9543,34.4157,0.7349,2.0583,10.9295,3.9769,53.104,0.0745,Act-1
5.5882,1,1.5306,8.0042,34.4157,0.7697,2.0547,10.9165,4.1067,60.1053,0.1526,Act1
4.202,1,1.5159,7.9405,34.4157,0.7103,2.0647,11.1206,4.1255,63.5909,0.0805,Act1
5.0798,1,1.511,7.9644,34.4157,0.7525,2.0601,11.6434,3.9821,56.6046,0.0377,Act1
5.0798,1,1.5149,7.9644,34.4157,0.7525,2.0551,11.4402,4.0735,56.6046,0.0471,Act-1
4.3466,1,1.5625,7.9141,34.4157,0.7147,2.0724,11.6342,3.9372,24.0824,0.0371,Act1
4.7918,1,1.5383,7.8984,34.4157,0.727,2.0619,10.7372,4.139,54.4624,-0.017,Act1
4.1102,1,1.5471,7.9758,34.4157,0.7115,2.0625,10.3742,3.9769,25.9168,0.0758,Act1
5.0798,1,1.5447,7.9644,34.4157,0.7525,2.0619,10.6707,3.9915,56.6046,0.0483,Act1
4.3849,1,1.542,7.9318,34.4157,0.7219,2.062,12.7295,3.9934,58.3475,0.0808,Act-1
4.5701,1,1.5471,7.922,34.4157,0.7353,2.0619,10.7195,3.9769,53.104,0.049,Act1
3.8895,1,1.5625,7.9453,34.4157,0.7139,2.0698,11.3792,3.9372,23.6535,0.0628,Act1
4.0645,1,1.5471,7.9758,34.4157,0.7115,2.0626,10.3742,3.9769,28.6088,0.0744,Act1
2.9842,1,1.436,8.05,34.4157,0.7311,2.0619,8.6832,3.9257,47.1617,0.0949,Act1
4.3879,1,1.5625,7.9453,34.4157,0.7139,2.0699,11.586,3.9372,23.6535,0.0517,Act1
4.1056,1,1.5042,7.9387,34.4157,0.7297,2.0561,11.1206,4.1322,70.2411,0.1557,Act1
4.1106,1,1.5221,7.9543,34.4157,0.7349,2.0557,12.2011,3.9632,52.6752,0.0913,Act1
2.6903,0,1.2036,7.8284,16.405,0.6504,2.0683,3.8271,3.3956,17.409,-0.0568,Act1
2.6931,1,1.3496,7.9398,16.405,0.6937,2.0519,4.69,3.4466,10.0276,0.1039,Act1
3.0892,1,1.4002,7.9722,34.4157,0.7123,2.0414,11.0206,3.9569,51.802,-0.0345,Act1
3.5934,1,1.3636,8.0856,162.8463,0.6578,2.0608,17.7925,3.9629,56.6218,0.0816,Act-1
2.5881,1,1.3769,7.9583,42.6833,0.6718,2.0368,4.446,3.6569,12.3657,-0.1694,Act1
3.0884,1,1.2525,7.7071,0.0,0.6569,2.0806,12.4601,3.9393,47.5229,-0.171,Act1
4.049,1,1.4068,7.75,18.0108,0.7026,2.027,10.9146,3.98,65.4422,-0.245,Act1
4.8336,1,1.4756,7.7361,18.0108,0.7135,2.0271,15.0188,3.9934,85.7648,-0.0441,Act1
5.1695,1,1.4775,7.7037,18.0108,0.701,2.0272,14.6662,3.9801,76.4057,-0.1524,Act1
5.3643,1,1.4764,7.6814,18.0108,0.711,2.0271,12.7033,3.9801,71.1623,-0.1484,Act1
4.8356,1,1.4692,7.6974,18.0108,0.7018,2.0389,15.4835,3.9803,90.8339,-0.1733,Act1
6.2612,1,1.5861,7.6447,18.0108,0.7186,2.1323,14.5337,4.2015,76.3082,-0.1488,Act-1
4.7609,1,1.5065,7.7255,18.0108,0.6991,2.0532,12.9012,3.9264,39.9245,-0.0571,Act-1
4.1776,1,1.3643,7.6263,18.0108,0.6746,2.0292,12.395,3.8771,41.5858,-0.093,Act1
5.1352,1,1.3208,7.6849,36.0215,0.6723,2.0358,10.0382,3.9128,70.8754,0.116,Act1
4.4735,1,1.3766,7.7284,18.0108,0.7111,2.0914,8.8779,3.9108,64.2904,-0.1456,Act1
3.4588,1,1.376,7.5774,18.0108,0.6604,2.0978,11.635,3.9177,31.7965,-0.1826,Act1
5.6828,1,1.649,7.5,18.0108,0.7146,2.1409,11.4947,3.8981,27.4065,-0.0336,Act1
5.081,1,1.5411,7.4792,18.0108,0.7316,2.1372,5.503,3.8976,50.4859,0.0104,Act1
3.9597,1,1.4679,7.5307,16.7855,0.7685,2.0029,7.3155,3.774,47.098,0.0079,Act1
3.5845,1,1.2952,8.391,0.0,0.6665,2.0911,7.2227,3.8458,14.89,0.107,Act1
2.9381,1,1.4191,8.0694,51.2013,0.6811,2.0371,9.8484,4.2033,31.9726,-0.2464,Act1
5.4878,1,1.4425,7.75,18.0108,0.7226,2.0709,11.1455,3.7872,65.6306,0.17,Act-1
4.392,1,1.3152,8.1177,114.7263,0.6636,2.0475,15.2325,3.7898,56.6203,0.0188,Act-1
2.8648,1,1.3306,7.7813,36.0215,0.7115,2.0149,2.6247,3.5032,42.4254,0.12,Act1
3.5597,0,1.1437,7.6801,18.0108,0.6248,2.0882,11.6048,3.4252,40.6746,-0.0662,Act-1
3.6603,1,1.5522,7.9543,34.4157,0.7349,2.0605,10.9896,3.978,53.104,-0.0631,Act1
4.8652,1,1.5467,7.4808,18.0108,0.6849,2.0921,9.0125,3.6876,18.6846,-0.021,Act1
4.2548,1,1.5543,7.7569,18.0108,0.7059,2.0887,5.5736,3.6564,24.1912,-0.0915,Act1
4.6202,1,1.4803,7.7323,60.6941,0.6677,2.0683,11.9235,3.6689,37.93,-0.048,Act1
3.8853,1,1.4594,7.7667,60.6941,0.6705,2.068,10.3591,3.6396,34.9498,-0.05,Act1
3.6669,1,1.4008,7.8077,18.0108,0.6961,2.0226,10.1869,4.3239,75.7512,-0.1599,Act1
3.7328,1,1.5098,7.4136,16.7855,0.6776,2.0826,9.7616,3.7612,28.233,-0.0465,Act1
4.5416,1,1.5227,7.7815,18.0108,0.7187,2.0464,10.6738,3.9877,52.1907,0.0805,Act1
3.4966,1,1.405,7.6944,18.0108,0.7106,2.0879,5.3206,3.672,20.2037,0.0605,Act1
3.0595,1,1.3897,7.7718,52.6845,0.6971,2.0708,9.104,4.0431,41.5929,0.0384,Act1
3.5607,1,1.331,7.5994,36.0215,0.6622,2.072,8.3426,4.1053,45.4737,-0.3675,Act1
2.6137,1,1.313,7.8563,42.6833,0.6642,2.0546,8.6299,3.8235,39.8132,0.1135,Act-1
2.4768,1,1.2861,7.7429,0.0,0.6523,2.0564,10.8729,3.9415,63.6963,0.0461,Act1
4.512,1,1.3897,7.54,18.0108,0.6963,2.0054,7.8253,3.8723,65.234,-0.1257,Act1
3.5315,1,1.5053,7.6828,50.9079,0.6813,2.099,9.8187,4.11,42.544,-0.0776,Act1
3.3176,1,1.5137,7.6944,59.4689,0.6892,2.0702,7.5209,4.1288,27.5641,-0.2044,Act1
2.7372,1,1.4775,7.5625,0.0,0.6701,2.0411,6.0398,4.145,27.5641,0.0633,Act1
3.439,1,1.4712,7.5556,0.0,0.6546,2.0779,7.5816,4.1463,36.5901,0.0247,Act1
3.176,1,1.3188,7.525,18.0108,0.6448,2.0535,5.2894,3.0702,26.9569,0.0678,Act1
2.4254,0,1.0709,7.5682,42.6833,0.5968,2.0473,4.5858,2.955,10.7892,0.0967,Act-1
2.3088,0,1.3463,7.7857,0.0,0.6907,2.0408,4.5045,3.2061,10.647,-0.038,Act1
2.1366,1,1.4603,7.7929,32.8972,0.6798,2.0577,8.1998,4.1355,25.3073,-0.2543,Act-1
4.0641,1,1.5277,7.7308,18.0108,0.7036,2.1316,8.888,3.8326,31.7752,0.1559,Act1
3.3283,1,1.5628,7.6049,18.0108,0.6916,2.1378,9.5213,3.9159,25.4211,-0.0438,Act1
2.503,1,1.3352,7.6733,32.8972,0.6419,2.0886,7.9834,3.5815,27.7689,-0.0514,Act1
5.0205,1,1.3602,7.4948,0.0,0.6985,2.065,12.3131,3.942,105.6419,-0.1797,Act1
5.3151,1,1.5667,7.8889,18.0108,0.695,2.0768,11.9228,3.8892,25.875,0.0165,Act1
4.4682,1,1.5616,7.5054,18.0108,0.6926,2.0944,12.9618,3.8892,35.0598,-0.021,Act1
5.0318,1,1.5376,7.5306,18.0108,0.6723,2.0846,11.9047,3.9033,22.2606,-0.0883,Act-1
4.8347,1,1.5385,7.5345,18.0108,0.6771,2.0792,11.9866,3.9029,22.2606,-0.0778,Act1
3.7078,1,1.5337,7.55,18.0108,0.6842,2.0936,11.8912,3.9029,31.4454,-0.0438,Act-1
4.3975,1,1.5376,7.5833,18.0108,0.673,2.069,13.212,3.9028,24.3184,-0.0897,Act1
4.5225,1,1.4241,7.4368,18.0108,0.658,2.0734,11.249,3.7001,25.821,-0.0928,Act1
4.8719,1,1.4158,7.4222,18.0108,0.6545,2.0862,11.702,3.7,28.3555,-0.0407,Act1
3.7408,1,1.4161,7.4409,18.0108,0.6603,2.0964,12.336,3.7074,37.5403,-0.0029,Act1
4.052,1,1.3116,7.3869,18.0108,0.6356,2.0905,11.6203,3.7,34.7835,0.0046,Act1
3.2993,1,1.4387,8.1739,18.0108,0.7214,2.084,9.6202,3.8395,54.6814,0.0476,Act1
2.7991,1,1.2855,7.6645,50.9079,0.6385,2.082,9.0869,3.3587,31.6827,0.108,Act1
2.3866,1,1.3941,7.8222,18.0108,0.6746,2.0516,12.0649,3.7879,37.4935,-0.1995,Act1
1.8601,1,1.4982,7.8387,52.6845,0.6686,2.0944,8.2525,3.9716,40.9331,-0.036,Act1
4.5561,1,1.5592,7.5069,18.0108,0.6989,2.0872,6.1972,3.7746,18.6846,0.1605,Act1
4.1813,1,1.4304,7.8011,18.0108,0.6681,2.077,13.487,3.9562,55.4292,0.0179,Act1
2.4916,1,1.3059,8.0667,42.8057,0.7134,2.0183,6.8933,3.4612,52.8502,-0.0407,Act1
4.2442,1,1.5253,7.8867,18.0108,0.734,2.0342,8.6617,3.8291,59.7447,0.0675,Act1
4.6063,1,1.5294,7.7311,18.0108,0.7576,2.0284,8.3135,3.93,54.1243,-0.0624,Act1
3.1304,1,1.3351,8.1196,31.2914,0.6622,2.0512,7.4106,4.168,39.7555,-0.115,Act1
3.2656,1,1.2317,7.5054,36.0215,0.6343,2.1377,12.2048,3.4627,41.6249,0.0685,Act1
2.9312,1,1.2634,7.3448,18.0108,0.6416,2.1429,10.951,3.4445,36.667,0.1012,Act1
3.0887,1,1.5628,8.1019,0.0,0.7405,2.0132,7.6302,3.7053,21.0057,0.0086,Act1
3.7267,1,1.5658,7.5417,16.7855,0.6834,2.1124,8.1244,4.1951,20.8288,0.0072,Act1
3.1516,1,1.3527,8.8225,60.6941,0.6693,2.0457,7.3936,3.6627,20.2559,-0.0333,Act-1
2.7138,1,1.4018,8.5926,0.0,0.6678,2.0984,6.6215,3.9263,10.1693,-0.0247,Act1
0.4531,0,1.267,8.3219,116.947,0.6358,2.0122,5.4749,3.7152,13.7203,0.1599,Act-1
2.9509,1,1.3372,7.9653,65.7944,0.644,2.0187,14.2707,3.8883,117.5092,-0.0598,Act-1
2.0712,1,1.3651,7.7759,17.8882,0.6931,2.0663,11.3255,3.7887,36.3101,-0.071,Act-1
5.8686,1,1.5641,7.4785,18.0108,0.6807,2.083,11.9396,3.9193,28.6317,-0.0136,Act1
6.583,1,1.647,7.4706,18.0108,0.6961,2.143,11.6731,3.9526,30.1633,-0.0165,Act-1
5.137,1,1.4143,7.414,18.0108,0.6514,2.0877,11.6122,3.7,31.1122,-0.0084,Act1
5.0424,1,1.4143,7.6075,18.0108,0.6535,2.0844,11.1047,3.7,37.0477,0.008,Act1
2.5525,1,1.4359,7.9851,77.0991,0.6803,2.0648,12.1159,3.9962,20.3557,0.0254,Act1
1.1071,1,1.3704,7.7901,36.0215,0.6673,2.0917,9.4483,4.0157,38.6224,-0.0071,Act1
2.968,1,1.4956,7.6452,18.0108,0.6685,2.0985,10.8325,4.0189,30.1736,0.0194,Act1
0.7661,1,1.3879,7.954,50.9079,0.6568,2.0143,10.0621,4.0227,42.8957,0.0152,Act1
3.8691,1,1.4455,7.6119,52.6845,0.6696,2.0353,12.1941,4.2468,58.7665,0.0239,Act1
3.6072,1,1.5479,7.5725,32.8972,0.7075,2.1123,5.0659,3.9272,19.5423,-0.293,Act1
2.8544,1,1.347,7.6806,16.7855,0.6546,2.1012,10.1132,4.2199,39.9318,-0.1915,Act1
5.3684,1,1.621,7.6842,34.7963,0.7079,2.0731,13.6171,4.106,43.3323,-0.1532,Act1
4.4851,1,1.5128,7.9633,18.0108,0.7475,2.0643,10.1485,4.4307,53.5522,-0.0175,Act1
4.3273,1,1.6416,7.5494,18.0108,0.7496,2.1383,9.0066,4.4247,50.4125,-0.1598,Act1
3.7422,1,1.4931,7.5714,0.0,0.679,2.1344,6.9823,3.6899,17.3731,-0.1143,Act1
1.5226,0,1.3244,8.2996,16.405,0.7481,2.0676,3.8183,3.5815,10.136,-0.0505,Act1
3.6566,1,1.396,8.0852,34.4157,0.72,2.047,12.9379,3.9425,26.8181,-0.1155,Act1
2.7814,1,1.277,7.5926,18.0108,0.6352,2.0827,16.0979,3.6056,50.3834,0.075,Act1
3.8276,1,1.5264,8.3341,108.4777,0.678,2.0688,13.4346,4.0103,31.4857,0.1446,Act1
3.4431,1,1.539,8.0632,75.5805,0.6987,2.0913,7.8319,3.999,36.0509,-0.0919,Act1
3.7492,1,1.4286,8.2361,18.0108,0.6911,1.9913,9.994,3.9775,64.1937,0.0915,Act1
3.8462,1,1.4316,8.247,18.0108,0.7039,1.9867,10.2323,3.9532,58.9503,0.044,Act1
4.0326,1,1.5436,8.0,103.2549,0.6853,2.0636,12.7502,3.9945,32.5694,0.0492,Act1
3.2256,1,1.3527,8.0476,0.0,0.7443,2.0442,6.9214,3.8537,71.7107,0.0876,Act1
4.0153,1,1.4797,7.6035,0.0,0.7339,2.0388,6.9266,3.862,22.1468,-0.053,Act1
5.1646,1,1.5114,7.6559,42.6833,0.7072,2.0702,11.6298,3.9071,61.583,-0.1238,Act1
5.5349,1,1.5282,7.3851,0.0,0.6925,2.078,6.5848,3.9042,29.8642,-0.1079,Act1
5.4192,1,1.4391,7.3457,0.0,0.6592,2.074,6.527,3.9032,29.2131,-0.0528,Act1
4.6414,1,1.4946,7.6157,0.0,0.6821,2.0543,13.0991,3.929,58.785,-0.0668,Act1
1.4155,0,1.3224,8.2996,16.2825,0.7481,2.0681,3.5832,3.6645,10.9937,-0.3037,Act-1
2.0452,0,1.3132,8.3648,16.2825,0.789,2.0607,4.1639,3.7938,14.4943,-0.1201,Act-1
1.4155,0,1.3202,8.2996,16.2825,0.7481,2.0701,4.3101,3.6614,10.9937,0.0104,Act-1
3.5844,1,1.2424,7.6611,18.0108,0.6469,2.0445,11.2145,3.7089,47.8382,-0.0729,Act1
3.549,1,1.4696,8.131,18.0108,0.6903,2.0638,14.1374,3.8337,41.9903,-0.1729,Act-1
1.1793,1,1.3603,7.8467,42.6833,0.6528,2.0262,8.9624,3.7837,23.7378,-0.1688,Act1
1.3008,1,1.3569,7.7667,16.663,0.6528,2.0156,9.0035,3.7836,28.3302,-0.183,Act1
2.549,1,1.3266,7.6861,0.0,0.6528,2.0529,12.7193,4.0305,37.5878,-0.0792,Act1
2.2963,1,1.4617,7.7348,18.0108,0.6567,2.038,7.1278,3.9103,27.8432,-0.1784,Act1
2.5006,1,1.4505,7.7029,18.0108,0.6516,2.0361,7.7497,3.9101,30.3777,-0.1984,Act1
2.329,1,1.2959,7.9021,32.8972,0.6963,1.972,9.3889,3.7734,58.0706,-0.2175,Act1
1.4063,0,1.1135,8.0545,85.3667,0.6379,2.1358,8.0531,3.9028,31.2587,-0.0262,Act-1
1.4264,0,1.1054,8.0032,128.05,0.6284,2.1394,8.0531,3.8953,26.1252,-0.0407,Act-1
2.559,0,1.0,7.1987,32.8972,0.6065,2.191,0.0,2.9354,15.2072,-0.7502,Act-1
1.5389,0,1.0619,7.9647,128.05,0.6195,2.1447,8.0531,3.835,31.1943,-0.0417,Act-1
2.4648,0,1.0,7.2576,0.0,0.5968,2.1139,1.7548,2.9705,10.1381,-0.0893,Act-1
1.5256,0,1.2656,7.8485,18.0108,0.6753,1.9688,3.8643,2.797,10.647,0.0095,Act-1
5.4941,1,1.414,8.1214,18.0108,0.6572,2.0817,13.4919,3.7124,31.9865,-0.0999,Act-1
-1.3056,1,1.3133,8.7571,384.1501,0.6459,2.125,9.4698,4.2888,33.4759,-0.1114,Act-1
2.9023,0,1.2513,7.6765,0.0,0.6445,1.9902,3.9928,3.4571,13.4037,-0.4295,Act-1
1.5709,0,1.318,9.0833,32.8972,0.644,2.147,4.3101,3.6822,16.5893,0.0661,Act-1
4.2763,1,1.3095,7.8414,60.6941,0.6694,2.0983,11.9667,3.6505,78.6047,0.0001,Act-1
9.0562,1,1.2594,7.4509,0.0,0.6214,2.1053,17.5838,3.6745,61.4859,0.0142,Act-1
8.3951,0,1.1733,7.6338,42.6833,0.6069,2.1045,17.3353,3.3534,64.2793,0.0306,Act-1
5.8233,1,1.5017,7.5571,85.3667,0.6603,2.0686,12.7252,3.717,45.4273,0.1117,Act1
4.1031,0,1.2566,8.2141,0.0,0.7325,2.0348,7.7689,3.8685,42.4338,-0.0704,Act1
3.8222,1,1.4674,8.5021,85.3667,0.7165,2.0831,9.5942,4.2752,28.9905,-0.1491,Act-1
2.1583,0,1.2339,8.0385,60.6941,0.6444,2.1051,5.6471,3.6925,41.6208,-0.0215,Act1
2.5253,0,1.2684,7.7524,0.0,0.7666,1.9897,4.1642,3.4274,11.8778,-0.0919,Act-1
1.7944,0,1.2513,7.7157,0.0,0.6412,1.99,5.324,3.4571,12.9749,-0.4683,Act-1
0.5589,0,1.2465,8.3135,0.0,0.6603,1.9902,8.2424,4.0018,13.4458,-0.1944,Act-1
-7.7599,1,1.2271,8.2714,630.8027,0.6227,2.0564,15.2696,4.0565,137.7984,0.0253,Act-1
-6.9686,1,1.3033,8.2288,648.8135,0.6242,2.0564,8.7933,4.0565,142.19,0.0268,Act-1
1.675,1,1.3324,7.913,18.0108,0.6795,1.9913,8.6945,3.6617,20.8651,0.0082,Act-1
4.5411,1,1.1617,7.7187,121.3882,0.6408,2.1159,11.6264,3.446,67.3345,-0.0189,Act-1
3.4121,1,1.5165,8.2083,256.1001,0.6734,2.1948,10.4354,4.6814,43.788,-0.1202,Act-1
2.424,1,1.4394,8.3789,33.5711,0.6774,2.0665,7.4222,4.004,21.6592,0.0312,Act-1
2.9445,1,1.4376,8.3989,16.7855,0.685,2.0087,8.4564,4.0,21.6592,0.0203,Act1
2.2519,1,1.4127,7.45,16.7855,0.6869,2.014,0.0,2.7031,7.9027,-0.0646,Act-1
2.6784,0,1.2363,8.1552,0.0,0.719,2.0916,4.0288,3.8028,11.7375,0.0544,Act-1
2.3185,1,1.2859,7.6389,16.7855,0.6411,2.1181,8.1393,3.6577,40.8037,-0.0304,Act1
0.0711,0,1.2553,8.0981,104.9402,0.6222,2.1002,16.5103,4.1074,116.623,-0.1519,Act-1
4.6188,1,1.5414,7.8333,36.0215,0.7088,2.0675,11.624,3.7468,22.4828,-0.0496,Act1
1.668,1,1.3261,8.2696,32.8972,0.6923,2.0161,5.2194,3.6901,12.0842,0.0913,Act-1
1.9033,0,1.279,7.7857,0.0,0.6643,1.9898,4.3952,3.2725,10.2181,-0.1384,Act-1
2.7636,1,1.4541,7.7267,34.6738,0.6805,2.0677,9.1569,3.7741,28.2267,-0.1302,Act1
3.4935,1,1.3819,7.6884,97.4663,0.6931,2.0818,0.0,3.739,24.1981,0.1168,Act1
6.4855,1,1.4229,7.971,60.6941,0.8647,2.0574,10.4699,4.0941,30.5242,0.0396,Act-1
3.1141,0,1.2388,7.5658,60.6941,0.6242,2.0739,5.8679,3.4468,21.8162,-0.0824,Act-1
3.4907,0,1.2422,7.3657,18.0108,0.6283,2.074,5.9194,3.4274,21.8162,0.0933,Act-1
2.0817,0,1.2178,8.3732,103.3774,0.6545,2.0364,6.98,3.1074,28.2101,-0.0982,Act-1
1.8168,0,1.218,7.8438,18.0108,0.6355,2.0188,7.5185,2.969,25.0752,-0.3405,Act-1
5.0591,1,1.3253,8.8048,36.0215,0.6811,2.0361,9.9204,4.0226,38.6555,0.0459,Act-1
2.9952,1,1.8473,8.6207,151.1611,0.7298,2.158,14.3695,4.9651,45.7776,0.1095,Act-1
2.4144,0,1.1477,7.8222,42.8057,0.6252,2.0639,5.1291,2.8443,23.3196,-0.167,Act-1
6.4668,1,1.4174,7.5429,42.6833,0.7119,2.054,7.6189,4.0737,15.9507,-0.26,Act1
3.1409,0,1.1494,7.8284,42.8057,0.6073,2.0321,6.6927,3.1306,15.716,-0.3782,Act1
3.5641,1,1.2546,7.7448,42.6833,0.6374,2.0792,9.2635,3.9143,47.9802,0.0244,Act1
5.7634,1,1.5496,7.3922,65.7944,0.645,2.1918,9.0013,4.5919,44.9489,-0.1873,Act1
3.3874,1,1.3315,8.8065,18.0108,0.6785,2.0606,9.6351,3.9685,30.8074,-0.1042,Act-1
1.9305,1,1.2569,7.4722,18.0108,0.6546,2.0532,10.2715,3.3162,61.3049,-0.0734,Act1
5.5019,1,1.4443,7.7376,54.0323,0.6632,2.0908,11.8151,4.1024,35.6869,0.0022,Act1
1.3281,1,1.3526,8.1184,49.3022,0.6784,2.0535,6.2202,3.7949,11.7201,-0.0496,Act-1
1.173,1,1.3261,8.2402,49.3022,0.6812,2.0298,5.4413,3.6901,12.0842,0.1076,Act-1
0.9601,1,1.2506,8.2063,164.0715,0.6911,2.0655,15.5912,3.9358,97.0256,0.0519,Act-1
3.5858,0,1.2527,7.8426,42.6833,0.6657,2.0203,3.7091,3.1021,9.8718,-0.0696,Act-1
4.4919,0,1.1471,7.4367,42.6833,0.6324,2.1426,6.1878,3.8164,28.8796,-0.2063,Act-1
3.1357,1,1.5263,8.0185,128.05,0.6977,2.1945,5.7081,4.0601,13.4774,-0.5626,Act-1
2.5216,1,1.4262,7.9872,85.3667,0.6833,2.1282,3.6747,3.2242,8.3315,-0.3037,Act1
2.8799,0,1.2734,7.9778,42.6833,0.6905,1.995,3.8643,2.7568,9.8718,-0.3366,Act1
7.8367,0,1.1666,7.3592,42.6833,0.6056,2.0865,15.3218,3.2422,39.4944,-0.0456,Act1
3.184,0,1.25,7.6875,42.6833,0.6266,2.0484,4.7451,3.121,6.3711,-0.4869,Act1
2.5093,0,1.2842,8.0679,42.6833,0.7099,1.9737,3.7798,2.7405,6.6862,0.1571,Act-1
3.4119,0,1.1656,7.7792,42.6833,0.625,2.0688,5.4429,3.2654,17.9805,-0.2151,Act-1
3.8562,0,1.1844,7.8114,42.6833,0.6278,2.0699,6.2988,3.263,17.9805,-0.2863,Act-1
6.9816,1,1.3482,7.4683,0.0,0.7526,2.0921,8.8547,3.9386,29.6003,-0.0345,Act-1
3.2643,1,1.2893,7.7861,16.405,0.6598,2.0624,11.1451,3.9224,30.3839,-0.0882,Act1
2.2927,1,1.2995,7.7417,18.0108,0.6556,2.0852,7.1758,3.4818,28.3552,-0.4624,Act1
3.2514,1,1.3932,8.1044,16.405,0.7323,2.0059,10.6229,4.076,76.6404,0.0886,Act-1
0.7664,1,1.3519,7.3636,21.1351,0.6777,2.09,4.6038,3.7533,56.1398,0.0975,Act-1
2.987,1,1.3519,7.3788,18.0108,0.6848,2.0301,7.319,3.7533,53.0155,0.1018,Act-1
1.7974,0,1.1018,8.1726,128.05,0.6251,2.1405,8.096,4.0114,23.5907,-0.1047,Act-1
2.4426,0,1.1982,8.3563,85.3667,0.6561,2.1406,13.5309,4.1661,40.1107,-0.0041,Act-1
3.1371,1,1.392,7.8137,0.0,0.6873,2.0721,5.8142,3.7589,34.8495,-0.3288,Act-1
2.4633,1,1.3413,8.14,49.1797,0.7054,2.0272,7.9071,3.9177,21.4184,0.0134,Act-1
-1.0439,0,1.2974,8.569,183.1926,0.6523,2.1045,11.1441,3.7446,32.6479,0.1244,Act-1
-0.5598,0,1.3017,8.3457,188.7441,0.6349,2.1046,8.5997,3.7446,28.0555,0.134,Act-1
-2.1128,1,1.4143,8.4675,264.3247,0.6592,2.1045,17.1417,4.2052,43.4276,0.0391,Act-1
3.2639,1,1.5127,7.5263,32.8972,0.7033,2.1379,5.2987,4.0025,45.7566,0.1009,Act1
3.8454,1,1.3615,7.7115,42.6833,0.6659,2.0594,10.1156,3.5917,27.3663,0.1427,Act1
4.2695,0,1.2594,7.5263,0.0,0.6544,2.024,5.9836,3.6539,19.7593,0.2872,Act1
4.5653,1,1.4482,7.5397,0.0,0.7679,2.015,5.1153,3.6473,44.533,0.0301,Act1
2.9674,1,1.4013,8.0376,170.7334,0.6742,2.069,11.9329,3.9036,58.3923,0.0457,Act-1
1.4372,0,1.2789,8.2778,0.0,0.8312,2.068,4.6823,3.4767,11.1858,-0.3251,Act1
1.0388,0,1.2809,8.6136,39.0961,0.6872,1.9988,3.7798,3.2861,4.7363,0.1965,Act-1
2.3088,0,1.3463,7.7857,0.0,0.6907,2.0408,4.5045,3.2061,10.647,-0.038,Act-1
1.1944,0,1.2795,8.5256,0.0,0.6723,2.0307,5.2491,3.3818,21.4049,0.3735,Act-1
3.3511,0,1.1869,7.5185,0.0,0.6301,2.0544,6.2949,3.0999,25.4253,0.0143,Act1
2.8497,1,1.3807,8.5333,85.3667,0.6802,2.0981,8.4122,3.8067,17.4469,0.2017,Act1
1.8078,1,1.3394,8.1579,0.0,0.6763,2.0217,9.1026,3.6811,26.2674,0.1879,Act-1
5.1801,1,1.4045,7.8701,60.6941,0.6569,2.0482,9.9592,3.7565,42.9031,0.2666,Act-1
4.1532,1,1.5329,7.7941,50.9079,0.6806,2.1264,13.1686,3.9867,42.4246,-0.1378,Act1
4.0082,0,1.1788,7.6667,32.8972,0.6234,2.0712,4.6598,3.015,20.7372,-0.0731,Act1
4.6144,1,1.4068,7.3444,0.0,0.6622,1.9385,0.0,3.3044,14.7027,-0.0458,Act-1
3.9007,0,1.1692,7.9493,42.6833,0.6269,2.029,7.9188,3.6681,19.5414,0.0059,Act-1
3.8427,1,1.2669,7.8494,42.6833,0.649,2.0835,10.0705,3.7557,40.2665,0.083,Act1
3.7493,1,1.4552,8.5449,31.2914,0.6929,2.0637,8.7798,4.2874,16.1921,0.1263,Act1
3.5254,1,1.5197,7.9456,0.0,0.7373,2.0851,8.8779,4.1902,20.1216,0.1057,Act-1
3.3139,1,1.485,7.6476,60.6941,0.6613,2.1033,14.4311,3.9318,40.7634,0.0696,Act1
5.8667,1,1.4029,7.7794,18.0108,0.6951,2.0625,9.2783,3.8408,78.4086,0.0692,Act-1
3.8394,1,1.4044,8.152,18.0108,0.7524,2.0349,5.1641,3.901,25.6006,-0.0056,Act1
2.8308,0,1.2044,7.7608,60.6941,0.6287,1.9968,5.1962,3.1027,18.6277,0.0686,Act1
3.906,1,1.5247,7.5946,36.0215,0.671,2.0753,15.216,3.8699,38.1448,0.1978,Act1
4.2145,1,1.3952,8.2389,60.6941,0.6982,2.0542,6.3358,3.8535,27.9507,0.0622,Act-1
5.2158,1,1.2908,7.4861,42.6833,0.6342,2.0783,6.8364,3.475,14.197,-0.0127,Act1
1.8695,0,1.2969,7.9167,42.6833,0.6563,1.9901,3.7798,2.6375,3.1856,0.5076,Act1
1.3858,0,1.2949,8.5764,0.0,0.6875,2.0388,3.8643,3.7067,7.9219,0.1963,Act-1
1.9642,0,1.184,8.0198,34.2932,0.64,2.0393,7.0489,3.3997,23.3617,0.198,Act1
4.0935,1,1.3613,7.3413,18.0108,0.6808,2.0459,6.1723,3.7858,52.8717,-0.0999,Act1
4.1524,1,1.5152,7.8161,16.7855,0.7106,2.0889,8.092,3.9861,67.2259,-0.0527,Act1
3.4707,1,1.2893,8.0875,0.0,0.7199,2.0962,4.2073,3.9117,51.4101,-0.0963,Act1
1.0535,0,1.259,8.4881,18.0108,0.6799,2.0607,5.115,3.2025,18.1084,-0.1785,Act-1
4.036,0,1.1668,7.1535,0.0,0.6396,2.1814,5.3613,3.3052,26.8696,-0.03,Act-1
1.5859,0,1.093,8.0789,42.6833,0.6397,1.9327,5.2122,3.5053,20.5794,-0.0228,Act1
3.4305,1,1.4148,8.0159,42.6833,0.7725,2.1028,3.9593,3.2932,14.4751,0.0847,Act-1
2.8774,1,1.3463,7.8718,0.0,0.6551,2.0995,10.5412,3.7769,41.3944,0.0626,Act1
2.0227,0,1.232,8.1538,85.3667,0.6464,2.145,6.8466,3.724,44.5841,-0.0026,Act-1
2.7652,1,1.5025,7.825,75.5805,0.7241,2.1063,5.4584,3.5094,45.1228,-0.1815,Act-1
2.8152,1,1.3447,7.4667,16.7855,0.6562,2.0511,4.7451,3.526,12.3135,0.0113,Act1
2.7569,1,1.3077,7.6812,32.8972,0.6426,2.0604,7.5648,3.4443,24.1929,-0.2376,Act1
1.615,0,1.2565,7.8929,50.9079,0.6265,2.0375,3.3636,3.0,13.8325,0.0585,Act-1
2.5861,1,1.3707,8.3635,91.9855,0.7017,2.0545,8.0799,4.0174,22.0695,0.0519,Act-1
2.7329,0,1.2016,7.5833,18.0108,0.627,2.062,4.9972,3.1673,23.5418,-0.036,Act-1
3.0405,0,1.175,7.4958,18.0108,0.6328,2.0372,5.3803,3.5492,30.7166,0.1821,Act-1
4.1618,1,1.2219,7.7717,96.7156,0.6388,2.0622,13.8926,3.4651,50.6128,-0.1278,Act1
4.3969,0,1.1852,8.2421,18.0108,0.6521,2.0506,4.3528,3.3138,13.8304,-0.2557,Act-1
2.4291,1,1.3608,7.4762,16.7855,0.6636,2.0364,4.5858,3.4632,14.848,0.2548,Act1
5.5485,1,1.295,7.4028,0.0,0.6867,2.0945,7.1996,3.6529,26.7714,-0.0134,Act-1
4.8214,1,1.321,7.4841,0.0,0.699,2.0191,5.5317,3.7352,27.9317,-0.0218,Act-1
5.0198,1,1.4745,7.553,0.0,0.7231,2.1225,6.0751,3.7384,19.1029,-0.0529,Act1
1.8409,1,1.3855,8.0868,52.4265,0.6619,2.0614,5.3739,3.6799,14.5256,-0.1565,Act1
1.8695,0,1.2975,7.9167,42.6833,0.6563,1.9901,3.0,2.4813,3.1856,-0.4487,Act1
3.4261,0,1.1971,8.0,128.05,0.6157,2.0433,7.5637,3.0274,33.8387,-0.1575,Act1
1.1925,0,1.2839,8.2361,18.0108,0.6947,1.9823,3.4442,3.1758,18.966,0.0555,Act-1
1.9897,0,1.2277,7.8438,60.6941,0.6365,2.0009,6.9823,3.0169,21.4361,-0.0957,Act-1
6.9156,1,1.7375,7.6724,42.6833,0.7055,2.13,9.904,3.9448,22.5441,-0.0454,Act-1
3.0203,1,1.3654,8.2767,0.0,0.7185,2.0843,10.3306,4.1119,27.9157,-0.0378,Act1
4.9775,1,1.4055,7.8472,60.6941,0.6907,2.0625,11.1001,3.9514,41.526,-0.0969,Act-1
6.5565,1,1.3794,8.3476,0.0,0.6445,2.1037,10.5287,4.14,37.3256,0.1417,Act-1
3.5596,1,1.2647,7.951,0.0,0.6502,2.103,8.0767,4.7112,29.0177,-0.1099,Act1
2.4771,1,1.3406,8.147,49.3022,0.7054,2.1021,6.9869,4.0289,21.6406,-0.0681,Act1
3.1441,1,1.407,8.0317,32.8972,0.6851,2.0917,4.6368,3.8141,30.1439,0.0299,Act1
2.9953,1,1.2629,7.3194,0.0,0.6354,2.076,8.7578,3.8386,33.3705,-0.0552,Act1
1.8695,0,1.2995,7.9167,42.6833,0.6563,1.9902,2.7495,2.0506,3.1856,0.3154,Act-1
4.5749,0,1.1661,7.4872,0.0,0.6195,2.0491,9.2141,3.0929,47.2349,0.0473,Act1
3.1096,0,1.1726,7.5877,0.0,0.626,2.0463,7.3909,2.7933,29.3188,0.0601,Act-1
4.0715,1,1.4228,7.5533,0.0,0.6685,2.0875,7.7527,3.7369,27.4013,-0.034,Act1
5.4691,1,1.3523,7.8819,0.0,0.6865,2.1234,9.6427,4.1886,43.8124,-0.0095,Act1
0.9288,0,1.3865,7.9902,0.0,0.7029,2.0376,6.3404,3.5946,15.7316,-0.0698,Act-1
0.9918,0,1.2995,7.7917,32.8972,0.6435,1.9896,2.0,2.0506,5.5135,0.3095,Act-1
4.0428,1,1.3087,7.4815,0.0,0.6714,2.0811,9.7988,3.6495,64.1001,0.0544,Act1
3.3187,1,1.3274,7.9705,18.0108,0.6861,2.1064,11.3947,3.9425,37.0804,0.1056,Act1
2.3496,1,1.2432,7.9531,18.0108,0.653,2.078,11.1015,4.18,35.8431,0.0948,Act1
1.005,1,1.358,8.1713,49.3022,0.6875,2.0477,4.7123,3.6326,8.9633,0.1055,Act1
2.7292,0,1.3032,7.3889,0.0,0.6771,2.0005,3.8643,3.3217,44.8955,0.195,Act-1
4.6169,1,1.2491,7.62,42.6833,0.6869,2.0403,7.3777,3.7072,89.6595,0.031,Act1
-0.1707,0,1.1358,8.4474,60.6941,0.6216,1.9859,7.2424,3.1007,14.7006,-0.0055,Act-1
-0.2202,0,1.1459,8.3229,60.6941,0.6299,1.9794,6.0784,3.0463,12.166,0.0352,Act-1
3.0243,1,1.3324,8.4,60.6941,0.6676,2.1136,6.5724,3.8975,54.3649,0.0992,Act-1
0.361,0,1.2658,7.6944,16.663,0.6279,1.7514,2.0,1.5872,3.1856,0.9871,Act1
1.5268,1,1.2955,8.0242,52.4265,0.6529,2.0589,10.5292,3.7558,36.5432,0.0367,Act-1
2.3171,1,1.3474,7.6988,18.0108,0.7525,2.0001,6.6787,3.6139,16.9178,0.2038,Act-1
0.5301,1,1.3592,8.279,18.0108,0.7302,2.0915,7.1295,3.8201,50.1013,-0.2089,Act-1
0.9554,1,1.3482,8.2355,60.6941,0.7205,2.0587,7.1295,3.7422,45.3345,-0.238,Act-1
5.1591,1,1.4744,7.4204,0.0,0.6966,2.0792,10.3959,3.7405,45.0116,-0.0874,Act1
3.8916,1,1.2899,7.7836,18.0108,0.7182,2.0292,5.4915,3.7506,27.5318,0.0462,Act1
3.0555,1,1.3543,8.0606,42.6833,0.6935,1.9987,8.8999,3.8919,53.4392,-0.1903,Act1
3.1304,1,1.3351,8.1196,31.2914,0.6622,2.0512,7.4106,4.168,39.7555,-0.115,Act1
2.0235,1,1.3462,8.1083,49.3022,0.7194,2.0474,5.3288,4.0475,14.7752,0.0312,Act-1
5.3684,1,1.621,7.6842,34.7963,0.7079,2.0734,13.7474,4.106,43.3323,-0.1482,Act-1
1.7219,1,1.3466,8.2604,121.3882,0.6713,2.0693,12.6787,3.8883,63.4253,-0.0424,Act-1
1.5014,1,1.3398,7.6944,3.1243,0.6446,2.122,9.4682,3.928,59.0162,-0.1166,Act-1
2.899,1,1.3364,7.8226,42.6833,0.6459,2.0834,11.284,3.9454,53.3573,-0.0892,Act1
0.6135,0,1.2464,8.5128,42.6833,0.6011,2.0285,4.1542,3.2152,6.7615,0.0368,Act-1
2.2488,1,1.3417,8.2583,0.0,0.6558,2.029,9.2457,3.6698,21.7308,-0.065,Act-1
0.5335,0,1.2295,8.321,50.9079,0.6402,2.0109,7.0709,3.1299,19.1782,0.0818,Act-1
-0.386,0,1.2563,8.3889,128.05,0.6164,2.0173,3.1384,2.8963,9.1279,-0.1346,Act-1
0.2805,0,1.2466,8.5981,116.947,0.6492,2.0165,5.875,3.7149,13.7203,0.223,Act-1
-0.7158,0,1.2438,8.6233,149.8442,0.6391,2.023,5.6122,3.7151,15.826,0.0797,Act1
1.2012,1,1.3376,8.0417,170.7334,0.6813,2.0105,6.9386,4.1357,80.4187,0.064,Act-1
1.6339,0,1.2316,7.8167,18.0108,0.6347,1.9941,4.4913,3.3669,12.5461,-0.1154,Act-1
1.3398,0,1.2387,7.8452,18.0108,0.6399,1.9773,4.5682,3.12,12.5461,-0.5066,Act-1
2.8378,1,1.3147,7.7049,32.8972,0.6739,2.0848,7.3277,3.8119,18.044,-0.017,Act-1
0.2659,1,1.2945,8.3411,36.0215,0.653,2.0396,11.3591,3.8462,48.4177,-0.155,Act-1
5.0487,1,1.1744,7.7275,18.0108,0.626,2.0695,11.7714,3.559,37.4626,-0.0394,Act1
-0.0857,1,1.2211,8.1494,60.6941,0.723,2.0489,13.7936,3.7056,116.8129,-0.0655,Act-1
3.4506,1,1.4122,7.6595,0.0,0.7037,1.991,11.118,3.9697,76.1256,-0.0333,Act1
7.3185,1,1.5038,7.4641,0.0,0.7052,2.0409,12.2788,3.9721,64.8248,-0.0569,Act1
1.9022,0,1.2509,8.3093,34.1707,0.7535,2.0734,2.7495,3.7733,11.7375,-0.1322,Act-1
-0.1494,0,1.2498,8.1905,32.8972,0.6028,1.7453,1.8899,1.6351,5.0847,1.3588,Act-1
-0.1095,0,1.2121,8.3085,109.9963,0.6739,2.0512,15.0357,3.8696,137.5068,0.0428,Act-1
3.097,1,1.4165,7.8851,20.6251,0.6763,2.0161,13.0751,3.6557,46.3976,0.1241,Act1
-2.1574,1,1.2562,8.4767,426.8334,0.6259,2.0711,13.6691,3.9641,31.8273,0.0062,Act-1
2.5153,1,1.2916,8.2102,18.0108,0.7253,2.002,9.5815,3.809,69.9215,-0.0784,Act-1
2.1539,1,1.2916,8.3398,18.0108,0.7053,2.005,9.6774,3.809,75.5419,-0.0943,Act-1
1.3079,1,1.2805,8.1339,18.0108,0.688,2.009,10.757,3.7696,62.9203,-0.1481,Act1
2.5788,1,1.4922,8.0189,31.2914,0.7109,2.0411,7.6761,4.2937,19.313,-0.1186,Act1
1.9124,1,1.2872,8.1734,18.0108,0.7066,2.0046,10.5115,3.7719,66.4209,-0.0982,Act-1
2.5933,1,1.3173,8.7412,18.0108,0.6621,2.0158,6.3233,3.8269,19.2814,-0.1776,Act1
3.9086,1,1.2935,7.5795,0.0,0.651,2.0865,5.4106,3.2977,18.6794,-0.0397,Act1
2.9266,1,1.3389,8.1042,0.0,0.6945,2.0361,5.6651,3.7564,64.4339,-0.1727,Act1
1.3469,0,1.2693,8.641,128.05,0.6359,2.0042,4.1106,3.0078,10.8536,-0.7705,Act1
1.9203,0,1.2809,8.1818,42.6833,0.6531,2.0031,4.1902,3.0077,10.8536,-0.0917,Act-1
1.9888,1,1.3485,7.5208,3.1243,0.6708,2.0792,6.2902,3.7319,61.5583,-0.0669,Act-1
4.2094,1,1.3485,7.5347,0.0,0.6769,2.0719,7.4357,3.7319,58.434,-0.0767,Act-1
2.8367,1,1.4653,8.0417,16.405,0.6947,2.0261,9.4795,4.1395,26.5522,-0.2244,Act1
3.7536,1,1.453,7.8953,60.6941,0.6908,2.1261,8.5746,3.7359,27.0715,0.0763,Act1
3.1179,1,1.4393,8.1733,60.6941,0.7013,2.175,7.6011,3.7078,50.5347,0.1012,Act1
2.2796,0,1.2068,7.6019,18.0108,0.6424,1.963,8.1521,3.1016,30.6209,-0.0846,Act1
4.4281,1,1.2683,7.6033,0.0,0.6403,2.0745,6.4815,3.4186,20.7372,-0.0137,Act-1
2.9193,0,1.1107,8.0251,42.6833,0.5999,2.0658,17.8272,3.2629,53.6984,-0.0944,Act-1
3.7642,0,1.1006,8.2407,42.6833,0.6398,2.1413,9.0208,4.0454,33.6316,-0.0519,Act-1
3.8021,0,1.1018,8.0816,42.6833,0.6408,2.1407,8.9871,4.035,36.1661,-0.0604,Act1
2.9721,0,1.1045,7.9926,42.6833,0.627,2.1452,10.2345,3.9355,45.1002,-0.0317,Act1
2.849,0,1.0649,7.9823,42.6833,0.6215,2.1449,10.2135,3.8395,52.7038,-0.0018,Act-1
3.0823,0,1.1004,8.0455,42.6833,0.6231,2.1408,8.9019,4.0353,37.9089,-0.1242,Act1
3.9295,0,1.0992,8.3284,42.6833,0.6412,2.1407,9.1804,4.0458,68.2018,-0.1402,Act-1
4.5478,0,1.106,7.901,0.0,0.631,2.0403,11.7137,3.4441,49.2473,-0.0391,Act1
1.9468,0,1.0116,7.9682,170.7334,0.5874,2.0683,12.6704,3.4847,32.1888,-0.0196,Act1
4.7975,0,1.0196,7.5321,0.0,0.614,2.1564,9.8667,3.5428,35.1356,0.0131,Act1
4.488,0,1.0635,7.5733,0.0,0.6236,2.1444,9.4439,3.6067,38.3212,0.0232,Act-1
5.169,0,1.1673,7.6399,0.0,0.6333,2.1347,11.8974,3.6265,46.2735,-0.0113,Act1
3.5193,0,1.1012,8.1157,42.6833,0.6245,2.1408,10.5177,4.0355,47.6348,-0.0884,Act1
3.562,0,1.1014,8.0054,42.6833,0.6371,2.1335,10.5187,3.9158,45.1002,-0.0108,Act1
1.517,0,1.2239,8.25,36.0215,0.6384,2.03,8.0162,3.0836,19.4052,-0.2801,Act-1
1.4316,0,1.2411,8.1889,50.9079,0.6375,2.0292,6.1236,2.993,14.7006,-0.2549,Act-1
4.9284,1,1.5644,7.7778,34.6738,0.6886,2.1451,10.8754,4.0394,74.558,0.038,Act1
4.4083,0,1.117,7.7528,42.6833,0.6138,2.1145,11.1463,3.5169,32.7754,-0.066,Act-1
4.6704,0,1.1679,7.308,0.0,0.6104,2.0728,10.6874,3.2046,17.7573,-0.1372,Act1
2.2891,0,1.1739,7.5682,0.0,0.6059,2.0743,6.9813,3.2458,23.8209,0.0616,Act1
0.9769,0,1.0415,8.3385,65.7944,0.5745,2.0048,5.4989,2.6996,25.2443,0.2195,Act-1
-0.1782,0,1.0419,8.4815,75.5805,0.5674,1.9546,2.8284,2.0891,3.4444,-0.0533,Act-1
-2.0406,1,1.0953,8.165,398.962,0.6146,2.0439,14.9663,3.4737,140.6884,0.0613,Act-1
-1.7447,1,1.1575,8.1889,351.5916,0.6206,2.0444,17.3637,3.5278,72.8015,0.0413,Act-1
1.4949,0,1.0329,8.0159,36.0215,0.5992,2.0333,10.3995,3.4228,47.5986,-0.1076,Act1
-3.1761,0,1.0694,8.1602,515.3256,0.5974,2.032,15.8556,3.493,82.1301,0.0652,Act-1
-5.2485,0,1.0767,8.1549,447.9709,0.5968,2.0417,15.8088,3.3145,100.5199,0.0603,Act-1
5.0867,1,1.4834,7.6844,0.0,0.6943,2.1451,6.4164,3.7891,24.5848,0.0964,Act1
5.9456,1,1.3753,7.6627,0.0,0.6754,2.0829,15.1475,3.7997,50.2241,0.0033,Act-1
3.9676,1,1.3857,7.8492,42.6833,0.688,2.0745,5.4966,3.6057,24.526,-0.1811,Act1
3.5424,1,1.3001,7.4683,0.0,0.6271,2.0186,7.8141,3.454,21.9197,0.0491,Act-1
3.5894,1,1.1814,8.0833,137.8374,0.6235,2.0643,12.8783,3.6813,67.7128,0.0224,Act-1
2.5892,0,1.1944,7.7976,60.6941,0.6097,2.0616,8.8125,3.1833,25.3775,0.0532,Act-1
0.0863,0,1.0383,8.2609,185.9573,0.5878,2.0114,6.6121,2.9567,15.1172,-0.0297,Act-1
3.1151,1,1.2747,7.5222,18.0108,0.6372,2.1433,10.368,3.4693,32.1869,0.087,Act1
4.3134,1,1.3123,7.4905,18.0108,0.665,2.1433,12.0534,3.5085,67.3575,0.0743,Act-1
4.1996,1,1.3316,7.536,18.0108,0.6503,2.1434,14.3273,3.4693,42.0227,0.0869,Act1
3.899,1,1.3152,7.6262,16.405,0.6749,2.1438,11.8198,4.0406,58.7599,0.0061,Act1
4.0157,0,1.2357,7.9525,75.5805,0.9042,1.9713,4.5858,3.1151,16.9002,-0.025,Act-1
3.9018,1,1.3578,7.4815,32.8972,0.6718,2.0622,0.0,3.2977,17.3825,-0.1391,Act-1
2.0455,0,1.0,7.5067,144.4992,0.57,2.0183,4.7825,2.5897,25.3069,-0.0276,Act-1
3.6182,1,1.2812,7.7589,0.0,0.6305,2.0572,9.5671,3.8887,36.4197,-0.084,Act1
1.8378,0,1.144,8.0994,60.6941,0.6572,2.0173,11.3826,3.4703,50.3167,-0.1439,Act-1
6.0559,1,1.3934,8.2401,59.0883,0.6625,2.0806,13.259,3.9463,39.0195,-0.0877,Act1
3.8108,1,1.3804,7.8507,18.0108,0.7123,2.0359,7.8334,3.5606,21.5279,-0.041,Act1
0.6731,0,1.0076,7.9671,146.0608,0.6162,2.0099,10.9177,3.1718,46.6335,0.0189,Act-1
-0.4705,0,1.0076,8.037,188.7441,0.5995,2.017,11.1002,3.1718,46.6335,-0.0338,Act-1
0.9211,0,1.0433,8.0,32.8972,0.5935,1.9392,6.0687,2.8316,21.6531,-0.1789,Act-1
3.0086,1,1.2801,7.7564,18.0108,0.6445,2.0135,10.4398,3.6511,35.9586,-0.0779,Act1
4.3661,1,1.2449,7.7622,18.0108,0.6352,2.0993,13.4391,3.9437,60.9977,0.0124,Act1
1.9643,0,1.0869,7.8895,72.043,0.6204,2.0651,14.4401,3.602,63.9336,-0.0206,Act-1
4.453,1,1.5265,8.2685,33.1905,0.7179,2.0639,11.5089,4.2114,50.0977,-0.0006,Act-1
0.7141,0,1.0635,8.1894,18.0108,0.6035,2.0363,3.4641,2.7161,17.0129,-0.2177,Act-1
0.4613,0,1.0722,8.3083,18.0108,0.6058,1.9157,3.5961,2.5566,14.4784,0.0241,Act-1
0.5886,0,1.0641,8.3712,0.0,0.5989,1.8903,3.4442,2.7118,14.0017,-0.4064,Act-1
1.3384,0,1.2142,8.0245,50.9079,0.6439,2.0815,5.6714,3.3442,22.9552,-0.0703,Act-1
3.1892,0,1.1829,7.4755,42.6833,0.6209,2.0505,5.392,3.1564,17.5351,-0.0498,Act-1
0.9041,0,1.2161,8.0156,36.0215,0.6496,2.0698,4.5858,3.1222,16.8063,-0.4053,Act-1
0.5378,0,1.0703,8.4107,18.0108,0.6051,2.0385,4.3654,2.9446,18.7542,-0.354,Act-1
4.0616,0,1.2231,8.2042,18.0108,0.7049,1.9798,4.3267,3.6584,31.8383,0.0951,Act-1
3.198,0,1.2316,7.8019,18.0108,0.6775,1.9874,4.1309,3.3014,19.2166,0.0084,Act-1
1.6119,0,1.2015,7.971,18.0108,0.6465,2.0604,6.8987,4.1447,30.6629,-0.0334,Act-1
2.4571,0,1.221,8.0038,34.4157,0.6391,2.0479,5.4069,4.1387,17.2668,-0.1704,Act-1
1.2308,0,1.245,8.2407,49.3022,0.6574,2.0316,5.1675,4.1315,17.2668,0.0222,Act-1
2.5788,0,1.2382,7.6964,18.0108,0.6479,1.998,3.5961,3.1244,15.716,-0.3127,Act-1
1.3909,0,1.1836,7.4432,21.1351,0.6224,2.1125,6.1075,3.1283,32.7611,-0.0452,Act-1
1.5919,1,1.2739,7.4618,21.1351,0.6708,2.08,6.1075,3.8545,66.0482,-0.0684,Act-1
2.5724,1,1.271,7.7998,39.1458,0.658,2.1128,12.3741,4.0276,57.7065,-0.0436,Act-1
1.8832,1,1.2727,7.5682,21.1351,0.6431,2.1132,12.0774,4.0412,45.0849,-0.1424,Act-1
3.302,1,1.27,7.7518,21.1351,0.6694,2.114,10.0284,3.8502,53.3169,0.0461,Act-1
2.5314,1,1.268,7.6306,21.1351,0.6383,2.1175,10.7488,3.6751,49.5013,-0.0334,Act-1
3.2515,1,1.2692,7.5259,21.1351,0.6787,2.1154,11.0666,3.7085,43.7504,0.07,Act-1
3.1535,1,1.2692,7.5713,21.1351,0.6705,2.1154,11.0666,3.7085,44.1959,0.0574,Act-1
1.7559,1,1.2738,7.6692,21.1351,0.6382,2.1221,12.3197,4.0594,65.9873,-0.0986,Act-1
1.8264,1,1.2675,7.4741,21.1351,0.6374,2.115,12.3681,3.5499,39.9514,-0.0792,Act-1
2.0901,1,1.2675,7.5469,21.1351,0.6545,2.1148,12.2614,3.5499,40.2665,0.0268,Act-1
3.6028,1,1.3142,7.5009,21.1351,0.6633,2.1136,9.6652,3.8004,45.1673,-0.0349,Act-1
1.8436,1,1.266,7.4684,21.1351,0.6374,2.1147,13.2282,3.5499,39.3004,-0.1021,Act-1
2.195,1,1.2618,7.4528,21.1351,0.6351,2.1146,14.2214,3.5499,41.8349,-0.0964,Act-1
3.2494,1,1.2674,7.5144,0.0,0.6397,2.0582,12.4499,3.5499,33.2127,-0.191,Act-1
2.2918,0,1.2193,7.8088,60.6941,0.6324,2.0072,7.1642,3.1281,20.7851,-0.1889,Act-1
6.2828,1,1.422,7.983,18.0108,0.6751,2.0909,8.5575,4.0461,85.6777,-0.0354,Act1
2.9062,0,1.2104,8.0221,52.4265,0.6377,2.0624,13.149,3.8611,43.7824,0.0201,Act-1
3.26,1,1.2885,7.9328,34.7963,0.6475,2.0426,9.6575,4.3255,46.0999,-0.2516,Act1
3.8552,1,1.3999,8.0313,51.2013,0.7002,2.0449,10.7857,4.3001,37.5622,-0.0872,Act-1
2.9605,1,1.4238,8.1288,51.2013,0.686,2.0484,11.8115,4.3002,37.6927,-0.3148,Act1
2.9605,1,1.4275,8.1288,51.2013,0.686,2.0485,11.4871,4.3008,37.6927,-0.2976,Act1
2.9605,1,1.4384,8.1288,51.2013,0.686,2.0488,11.5109,4.3055,37.6927,-0.2862,Act1
3.4212,1,1.5138,7.5926,34.7963,0.6685,2.0814,10.7271,4.5673,33.382,-0.0061,Act1
5.025,1,1.458,7.8864,42.6833,0.7764,2.0132,7.4023,4.0894,33.0074,-0.036,Act1
4.8806,1,1.458,7.8291,42.6833,0.8533,2.0103,7.4023,4.0894,30.2164,-0.0313,Act1
1.5587,1,1.4174,7.8397,60.5716,0.6707,2.0151,9.0623,3.9368,27.3941,-0.2151,Act-1
4.2805,1,1.3495,7.6988,59.4689,0.6459,2.1082,12.7083,4.3807,70.457,-0.0347,Act1
3.6735,1,1.2966,7.9077,34.4157,0.7057,2.0468,7.2483,3.686,50.1793,0.0267,Act1
2.7362,1,1.4137,7.7381,51.4593,0.6769,2.0248,6.9823,3.6846,21.4517,-0.0242,Act1
4.7604,1,1.4476,7.5517,18.0108,0.6818,2.1168,9.2612,3.6819,65.8538,-0.0646,Act1
4.9348,1,1.4259,7.7265,54.0323,0.6756,2.0914,11.9539,3.8514,43.7133,0.0708,Act1
3.7336,1,1.4697,7.5606,50.9079,0.682,2.0918,6.6298,3.7092,16.9921,0.053,Act1
4.7307,1,1.3945,7.5741,18.0108,0.6947,2.0406,7.1192,3.8351,60.9421,-0.0952,Act1
3.7536,1,1.3713,7.6619,70.8178,0.6743,2.085,7.7209,3.8201,39.3347,0.1231,Act1
2.5125,1,1.457,7.7667,18.0108,0.6848,2.0361,8.8294,3.6532,17.6536,0.2158,Act1
4.0736,1,1.3744,7.6131,0.0,0.6576,2.0445,11.3019,3.6441,36.949,-0.1298,Act1
3.9686,1,1.545,7.9245,34.4157,0.7264,2.0618,11.4578,3.977,55.6386,0.0936,Act1
3.3705,1,1.3864,7.7452,52.6845,0.6902,2.0708,10.3795,4.0431,44.1275,0.0748,Act1
3.3663,1,1.3866,7.6458,0.0,0.6914,2.0738,9.0974,3.7897,68.4736,0.0837,Act1
5.201,1,1.3841,7.6004,18.0108,0.7146,2.0019,7.5177,3.874,68.0836,0.0349,Act1
4.2983,1,1.3983,7.6506,18.0108,0.7135,2.003,10.9196,3.8731,66.7326,0.1023,Act1
2.1766,0,1.2899,8.1312,0.0,0.6919,2.0831,5.0,3.836,18.7716,-0.2585,Act-1
-0.3309,0,1.1847,7.8106,45.8077,0.6294,2.1217,6.8707,3.8553,37.9732,-0.0713,Act-1
3.6678,1,1.4019,7.6369,0.0,0.6475,2.0493,7.4168,3.9272,38.5785,-0.1741,Act1
1.7106,0,1.1569,7.5333,16.7855,0.6204,2.0414,8.1232,3.0841,40.1236,-0.1038,Act1
3.6678,1,1.4019,7.6369,0.0,0.6475,2.0493,7.4168,3.9272,38.5785,-0.1741,Act1
3.4789,1,1.319,7.7578,42.6833,0.6505,2.1297,15.4445,4.1702,79.7374,-0.0143,Act1
1.2126,0,1.2869,7.7879,32.8972,0.7002,1.9945,1.9601,2.9225,9.1902,0.0767,Act-1
3.4529,1,1.353,7.7471,121.3882,0.6539,2.074,13.2004,4.0875,38.8187,-0.0323,Act-1
4.2554,1,1.384,7.5625,16.7855,0.6622,2.1255,13.1883,4.2022,56.5031,0.0035,Act1
4.4481,1,1.4471,7.5556,0.0,0.7394,1.981,7.0961,3.9697,55.4902,-0.2029,Act1
3.6689,0,1.1862,7.4912,0.0,0.6272,2.057,7.0237,3.1415,27.9599,-0.0096,Act1
3.0018,1,1.3291,7.8267,18.0108,0.6861,2.0306,12.7356,3.6319,66.5613,0.1032,Act-1
4.476,1,1.3753,8.7826,60.6941,0.6599,2.0646,6.6138,3.907,54.3477,0.2059,Act1
1.6565,0,1.2237,8.3261,103.3774,0.62,2.053,5.866,2.9745,27.0385,-0.2614,Act-1
2.9067,1,1.3152,7.7738,59.4689,0.6425,2.045,7.3321,3.6682,29.4854,-0.0973,Act-1
0.8827,0,1.2458,8.3997,67.3129,0.6898,2.0787,5.099,3.9491,18.2328,0.0007,Act-1
2.7742,1,1.3906,7.8301,65.7944,0.6896,2.0587,4.7257,3.5125,19.39,-0.2571,Act1
0.4566,0,1.2524,8.576,65.7072,0.7031,2.0975,5.0,4.6199,11.8934,0.0408,Act-1
1.8567,0,1.219,7.9792,78.7048,0.6101,2.0324,10.42,3.0824,32.791,-0.0286,Act1
3.9305,0,1.062,7.7984,42.6833,0.6194,2.1451,9.4698,3.8394,45.9892,-0.0997,Act1
4.1795,0,1.1066,8.0892,0.0,0.6463,2.1372,9.24,4.0407,43.8341,-0.0851,Act1
2.7573,0,1.062,7.9274,85.3667,0.6184,2.1449,9.1285,3.8394,43.4546,-0.0738,Act-1
3.6166,0,1.0625,7.9262,42.6833,0.6188,2.145,10.6287,3.8395,57.7729,-0.0369,Act-1
3.1567,0,1.1016,8.2824,42.6833,0.6252,2.1414,10.4714,4.004,47.6348,-0.0345,Act1
2.4729,0,1.0385,8.4935,0.0,0.6897,1.876,5.101,3.0684,12.2604,0.0487,Act-1
3.9579,0,1.2768,8.1241,18.0108,0.6714,2.0664,9.0763,3.8403,55.3647,-0.1072,Act1
1.6589,0,1.036,8.1343,50.9079,0.5763,1.9864,6.7432,2.8496,27.7788,-0.1015,Act1
1.7654,0,1.0636,8.0469,36.0215,0.637,2.0407,4.4557,2.7807,17.2974,-0.1918,Act-1
2.3573,0,1.037,8.1,42.6833,0.5769,1.9645,3.8643,1.6887,11.048,-0.1639,Act-1
1.797,0,1.0118,7.45,0.0,0.5907,2.0794,6.8642,3.1181,27.4676,0.1404,Act-1
1.3288,0,1.0,7.9667,85.3667,0.5629,1.9698,4.3645,1.618,7.6036,-0.1892,Act-1
0.5622,0,1.1169,7.6474,42.6833,0.6226,2.1008,9.8371,3.6184,22.6207,0.0729,Act1
1.5887,0,1.184,7.4841,21.1351,0.6149,2.1216,3.9662,3.1829,33.8409,-0.0092,Act-1
4.5865,0,1.2768,7.0741,31.672,0.6996,2.0899,2.9745,3.4099,22.245,-0.0152,Act1
4.4362,1,1.4224,7.6071,36.0215,0.643,2.104,14.5713,3.8724,50.7365,-0.027,Act1
3.8437,1,1.4128,8.0086,16.405,0.6684,2.059,9.0169,4.6204,42.4473,-0.1187,Act1
3.9263,0,1.2538,7.7623,42.6833,0.6447,2.1306,6.4047,3.5455,40.733,0.0108,Act1
3.3737,1,1.3396,8.0476,60.6941,0.67,2.0387,9.5116,3.7595,24.0351,-0.033,Act1
4.6552,1,1.5391,7.875,34.4157,0.712,2.0581,13.7796,3.9935,61.3587,0.0978,Act1
5.291,1,1.379,7.5,18.0108,0.684,2.0144,7.7647,3.8741,70.3031,-0.082,Act1
5.6435,1,1.3731,7.4821,18.0108,0.6788,2.0466,8.0746,3.8741,72.8376,-0.0199,Act1
3.4494,1,1.4003,8.0584,18.0108,0.7207,2.0528,11.4671,3.9047,56.703,0.0216,Act1
2.5077,0,1.2579,7.8333,0.0,0.6434,2.0612,5.5887,3.546,25.0765,-0.1443,Act1
2.2881,0,1.246,7.7179,18.0108,0.6549,1.98,3.7091,2.822,15.716,-0.1839,Act-1
2.0665,0,1.3016,8.4012,85.3667,0.6654,2.116,7.5188,3.7691,44.8185,-0.0819,Act-1
0.4788,0,1.015,8.207,177.6411,0.6274,2.0094,12.8255,3.2941,46.6335,0.0729,Act-1
1.6005,0,1.2754,7.7222,32.8972,0.6861,2.0019,2.7495,2.9292,11.7247,-0.0227,Act-1
2.6081,0,1.2727,8.0833,42.6833,0.6449,2.0222,6.6138,3.0361,12.3501,-0.1043,Act-1
3.6625,1,1.2664,7.7315,0.0,0.6276,2.0444,16.3863,3.9116,64.4999,-0.0942,Act1
1.9564,0,1.0,7.1481,18.0108,0.5806,2.031,0.0,1.5524,14.7784,-0.0532,Act-1
3.7899,1,1.5304,7.8712,101.9072,0.6612,2.0745,11.558,4.1645,30.9963,-0.1341,Act1
4.3469,1,1.5275,7.8963,59.2238,0.6605,2.0747,14.3805,4.1645,61.6062,-0.0891,Act-1
2.7672,1,1.3238,7.8309,17.8882,0.6424,2.0903,11.4143,4.3424,45.0437,0.0048,Act-1
6.9136,1,1.6883,7.6325,42.6833,0.6932,2.0939,13.0154,4.5591,40.4305,-0.135,Act-1
1.922,1,1.3751,7.5648,32.8972,0.6414,2.1025,4.879,3.7254,17.7729,0.0399,Act-1
1.937,1,1.3382,7.8561,18.0108,0.645,2.0843,10.544,4.3613,43.3668,-0.0217,Act-1
4.1507,1,1.4417,7.8698,59.2238,0.648,2.0749,11.6975,3.6173,30.394,-0.1311,Act-1
1.2021,0,1.0558,8.5238,42.6833,0.5715,1.8967,4.0,1.4142,8.5135,0.0001,Act-1
3.4364,0,1.1029,7.9548,42.6833,0.6253,2.1397,10.6638,3.9018,52.7038,-0.0024,Act1
5.2528,0,1.1593,7.5481,42.6833,0.6301,2.1336,10.2148,3.6243,36.3733,-0.0012,Act1
1.9839,1,1.2784,8.5294,188.7441,0.6344,2.1415,14.0784,4.1123,71.4529,0.0716,Act1
4.0955,0,1.0992,8.1299,42.6833,0.6231,2.1412,11.1359,3.724,40.4434,-0.0877,Act1
3.4675,0,1.0832,7.892,85.3667,0.596,1.9912,13.4645,3.1935,40.2047,-0.0184,Act-1
2.431,0,1.389,8.0563,121.3882,0.6397,1.9945,17.3408,3.7863,44.2336,0.0658,Act-1
3.9119,0,1.0337,8.0219,0.0,0.5939,2.0139,7.6892,2.5696,17.7417,-0.0319,Act-1
4.7927,0,1.0,7.2257,32.8972,0.5798,2.0799,6.2287,2.5993,30.3759,-0.1193,Act1
2.3845,0,1.0417,8.1667,60.6941,0.587,1.9937,12.825,2.829,32.6533,0.0377,Act-1
5.61,1,1.3143,7.7284,0.0,0.6632,2.0521,6.675,3.2977,34.6641,0.1685,Act-1
11.5449,1,1.4034,7.675,54.0323,0.6318,2.065,13.3705,3.7718,89.2898,0.0784,Act1
4.0538,0,1.2124,7.8519,42.6833,0.6185,2.0036,7.6798,2.6834,25.1074,0.0045,Act-1
8.3929,1,1.4218,7.6196,85.3667,0.64,2.0867,14.8747,3.9721,61.7318,0.1246,Act-1
3.642,0,1.0203,8.2901,85.3667,0.5948,2.0243,12.3015,3.3221,36.4577,-0.0664,Act1
2.5635,0,1.2643,7.9444,42.6833,0.6197,1.9605,10.9689,3.1991,27.3732,-0.1636,Act1
2.9287,0,1.2378,7.625,42.6833,0.6266,2.0169,3.9203,2.3379,10.7892,-0.0343,Act1
5.6153,0,1.1612,7.6333,42.6833,0.5979,1.9743,17.0,2.4365,31.3243,0.0043,Act-1
5.3623,0,1.2483,7.6833,42.6833,0.6066,1.962,17.0,2.4869,26.2552,0.007,Act-1
6.128,0,1.1513,7.4848,0.0,0.5968,1.9755,16.8238,2.4365,42.1981,-0.0584,Act-1
0.3627,0,1.3407,8.2092,426.8334,0.5956,2.0128,15.7317,3.2881,33.1877,-0.1047,Act-1
3.7494,0,1.1777,7.8155,128.05,0.6164,2.0833,12.9499,3.1451,39.9276,0.0537,Act-1
2.0953,0,1.1328,7.94,85.3667,0.6085,1.9617,13.0675,2.9348,34.7689,-0.0007,Act-1
2.7362,0,1.1338,8.0133,170.7334,0.5969,1.9719,13.1819,2.7125,23.7207,0.0137,Act-1
4.7572,1,1.4415,7.5911,0.0,0.6692,2.0664,11.7463,3.9365,41.9502,-0.1168,Act-1
3.9273,1,1.3265,7.7971,0.0,0.676,2.0152,5.3746,3.4632,25.3453,-0.0489,Act-1
3.4532,1,1.2734,7.9236,42.6833,0.6643,2.0197,7.5593,3.5651,22.5264,-0.0237,Act1
2.2084,0,1.0428,7.9825,18.0108,0.6095,2.0716,6.3174,2.8546,33.9614,-0.1291,Act-1
3.7393,1,1.3707,7.4333,0.0,0.6328,2.1304,7.708,3.0681,27.019,-0.0571,Act1
4.1916,1,1.2579,7.8423,34.4157,0.6693,2.073,13.4825,3.5143,58.5323,0.107,Act1
4.4103,1,1.5343,7.6815,59.2238,0.683,2.0745,11.6925,4.1625,32.936,-0.1073,Act1
4.3147,1,1.4536,7.9556,85.3667,0.6825,2.04,11.4286,3.7464,61.3411,0.181,Act1
6.1231,1,1.4083,7.7244,16.405,0.6376,2.0472,15.9566,4.432,63.5486,0.0247,Act-1
5.2049,0,1.0622,7.6586,0.0,0.6204,2.1454,10.3628,3.8283,51.0582,-0.0299,Act1
3.0538,0,1.0849,8.0267,128.05,0.5969,1.9801,13.1819,2.7101,33.9232,-0.0078,Act1
5.146,0,1.0897,7.6481,42.6833,0.5902,1.9781,15.0,2.3088,31.3243,-0.0004,Act1
3.5076,0,1.0271,7.8462,42.6833,0.5796,1.9846,6.5975,1.8261,18.6516,-0.0615,Act1
4.8365,0,1.0867,7.7619,85.3667,0.5874,1.9832,15.3346,2.4959,33.8588,0.0042,Act1
1.9296,0,1.2238,8.8633,65.7072,0.6464,2.1152,8.9113,4.6271,19.1819,0.1864,Act1
6.1287,0,1.0568,7.4889,0.0,0.616,2.1524,11.0549,3.6148,45.9248,-0.0053,Act-1
5.9566,0,1.1553,7.5089,42.6833,0.6261,2.1336,11.0427,3.6243,41.4423,0.0012,Act-1
3.7238,1,1.259,7.9257,0.0,0.653,2.0238,10.4617,3.6693,57.5805,0.0517,Act1
4.9767,1,1.3425,7.6389,16.7855,0.6524,1.9967,5.5595,3.589,34.4394,0.1083,Act1
3.352,0,1.2319,7.8214,85.3667,0.6176,2.0191,8.2617,2.7787,15.8582,-0.0258,Act1
4.7162,0,1.0795,7.8,85.3667,0.5949,1.9847,15.7704,2.8741,45.2737,-0.0636,Act-1
3.4282,0,1.1623,7.6149,60.6941,0.6119,2.0531,12.4725,3.1502,54.1552,0.0503,Act1
2.7072,0,1.037,8.0667,42.6833,0.5769,1.9507,7.0,1.7938,16.1171,0.0087,Act-1
7.1611,0,1.0256,7.7374,0.0,0.5875,1.9699,11.6768,2.8211,76.3803,0.0737,Act-1
3.0685,0,1.1066,7.9744,0.0,0.5982,1.965,10.0,1.931,24.4564,0.0047,Act1
6.1744,0,1.088,7.5833,42.6833,0.5899,1.9828,17.0,2.3092,36.3933,0.0001,Act-1
3.1099,0,1.1344,7.5794,18.0108,0.6055,2.0435,11.4525,3.0584,41.1494,-0.0334,Act1
3.8288,0,1.1993,7.7698,60.6941,0.6097,2.0162,13.0683,2.9088,32.9811,0.0141,Act1
6.5291,0,1.427,7.5694,0.0,0.6182,1.9742,18.8199,2.7015,32.06,-0.0271,Act-1
3.8235,0,1.1876,7.6402,118.2639,0.6018,2.0509,13.4543,3.2437,29.1819,0.1098,Act-1
-5.203,1,1.1807,8.4304,563.0336,0.6152,2.0355,11.8289,3.9187,145.0786,0.0706,Act-1
2.7472,0,1.0271,7.9744,20.1582,0.5802,1.9701,9.7205,1.8777,24.9809,0.0052,Act1
3.4783,0,1.0298,7.8889,42.6833,0.5788,1.9677,9.0,1.8745,21.1861,0.0071,Act1
6.9804,0,1.0567,7.4489,0.0,0.6149,2.1349,12.6901,3.4678,56.0629,0.0044,Act-1
7.2443,0,1.0555,7.4479,0.0,0.6138,2.1444,12.533,3.6068,56.0629,0.0199,Act1
6.9804,0,1.0567,7.4489,0.0,0.6149,2.1349,12.6901,3.4678,56.0629,0.0044,Act1
8.0054,1,1.3536,7.8232,0.0,0.6444,2.0741,13.8092,3.7899,95.292,0.0737,Act-1
7.4821,1,1.2832,7.8191,0.0,0.6369,2.0761,16.2606,3.7697,93.3545,0.052,Act1
7.1233,0,1.0,7.254,42.6833,0.5785,2.0083,10.5988,1.9033,40.5525,0.0001,Act-1
6.9313,0,1.0239,7.6714,18.0108,0.5918,2.0523,14.0701,3.1363,57.4697,0.0155,Act-1
9.3051,0,1.015,7.439,0.0,0.6194,1.9781,13.2775,2.7832,75.2114,-0.1073,Act1
8.3524,1,1.2558,7.5901,0.0,0.6415,2.0804,18.1289,3.9915,87.6076,0.0267,Act-1
4.5983,0,1.1545,7.2569,0.0,0.5986,2.0736,12.8103,3.1823,39.3925,0.0197,Act1
6.2582,1,1.354,7.2197,0.0,0.6261,2.1684,9.622,3.0556,32.597,0.0002,Act-1
5.1088,0,1.159,7.1812,0.0,0.6008,2.0931,10.6988,3.0775,35.2768,-0.0417,Act1
5.8403,0,1.0171,7.4737,0.0,0.5821,1.9868,12.4686,1.9956,37.6057,-0.1245,Act1
7.017,0,1.0172,7.695,0.0,0.591,2.038,17.3726,3.096,91.0943,0.1097,Act-1
6.2538,0,1.1759,7.1746,0.0,0.6023,2.0849,11.8965,2.7084,35.7057,0.0197,Act1
19.5706,0,1.7243,7.3794,0.0,0.6145,2.0697,10.5063,3.907,120.9723,-0.0887,Act1
6.5611,0,1.0152,7.4286,0.0,0.5826,1.9913,14.4417,1.9963,42.6748,-0.1082,Act-1
10.7673,0,1.3455,7.3706,0.0,0.6097,2.0646,14.2118,3.2301,67.6131,-0.0297,Act1
7.0544,0,1.1677,8.024,60.6941,0.6259,2.0943,17.4548,3.3903,57.9141,0.0758,Act1
6.373,0,1.0096,7.6768,103.3774,0.6061,2.0172,18.1414,3.1999,89.3083,0.0926,Act-1
8.5424,1,1.3065,7.6076,0.0,0.6222,2.0856,17.3578,3.9477,96.0321,-0.0029,Act-1
7.4435,0,1.0886,7.8111,85.3667,0.6106,2.1405,16.8919,4.012,70.8578,-0.0332,Act-1
4.228,0,1.0624,8.0115,128.05,0.5918,1.9911,17.5967,2.8437,54.4585,0.0677,Act-1
4.7971,0,1.0,7.1,0.0,0.5744,2.0564,15.0,1.9616,37.5891,-0.001,Act-1
6.1663,0,1.1462,7.1603,0.0,0.5991,2.0931,13.445,3.0775,42.8804,-0.0353,Act-1
6.1674,1,1.2099,7.3108,0.0,0.6075,2.089,18.3108,3.5271,54.2344,0.065,Act-1
1.5977,0,1.0254,8.1237,293.6843,0.5882,2.0286,8.4068,3.1937,84.4686,0.0682,Act1
5.4504,0,1.0123,7.68,85.3667,0.5792,1.9944,18.376,2.2846,52.3362,0.048,Act1
6.0286,0,1.0136,7.5507,42.6833,0.5808,1.9943,18.5109,1.9658,52.3362,0.0051,Act-1
5.6895,0,1.0927,7.7708,146.0608,0.5952,2.0027,11.5729,3.1425,61.999,0.0678,Act1
10.0335,0,1.0,7.1724,42.6833,0.5809,2.0027,12.9802,1.9532,65.8978,0.0003,Act1
7.9284,0,1.0,7.2174,42.6833,0.5792,1.9989,17.9498,1.9258,50.6906,0.0005,Act-1
7.9668,1,1.1574,7.7006,18.0108,0.609,2.0949,12.4289,3.8023,101.5128,0.0677,Act-1
6.4995,0,1.0,7.2632,42.6833,0.5776,1.9943,17.0,1.8916,40.5525,0.0008,Act-1
5.775,0,1.0,7.2941,42.6833,0.5764,1.9909,15.0,1.8649,35.4834,0.001,Act-1
8.004,0,1.2369,7.4943,0.0,0.6152,2.0462,16.8911,3.108,63.2675,0.0648,Act-1
4.0158,0,1.0112,7.6039,0.0,0.5893,2.038,17.3982,3.096,46.7739,0.048,Act1
3.218,0,1.0136,7.5942,96.7156,0.5747,1.9883,9.6975,1.9748,38.8894,0.0019,Act1
3.3535,0,1.0468,8.2042,0.0,0.6,1.9815,13.616,2.7313,38.0287,0.0553,Act-1
4.1464,0,1.0,7.4375,42.6833,0.5724,1.9811,13.289,1.8478,34.5301,-0.0067,Act1
2.9526,0,1.0,7.575,42.6833,0.5701,1.9813,7.3404,1.9754,108.0082,0.0376,Act1
3.7098,0,1.0385,8.0833,0.0,0.5948,1.9811,12.1842,1.9437,29.9377,-0.0036,Act1
4.7639,0,1.0,7.386,42.6833,0.5943,1.9774,14.2705,1.8916,68.549,-0.0031,Act1
5.2226,0,1.1868,7.7523,117.3762,0.6447,1.9866,0.0,3.0441,33.4036,0.0241,Act1
6.9265,1,1.4265,7.6146,16.7855,0.6393,2.0244,6.1869,3.69,54.6929,0.1055,Act1
1.3368,0,1.1127,8.5093,36.0215,0.6073,1.9849,8.2617,3.0508,34.6211,0.1615,Act-1
5.217,1,1.4976,7.8333,50.9079,0.6466,2.061,16.1487,3.8121,65.1273,-0.0047,Act-1
3.8655,1,1.3317,7.7348,0.0,0.6508,2.01,11.1854,3.5841,35.5943,0.082,Act1
-0.6918,0,1.0337,8.8085,154.0789,0.6172,1.9663,7.2108,3.4495,14.3495,0.0965,Act-1
3.5702,0,1.1669,8.1019,60.6941,0.6403,2.017,10.4313,3.3116,44.5169,0.0531,Act1
3.18,0,1.1852,7.7611,36.0215,0.622,2.0795,12.2407,3.454,48.5487,0.0664,Act1
2.9425,0,1.1887,7.7759,36.0215,0.6237,2.0792,11.6594,3.454,51.0833,0.0149,Act1
4.2758,1,1.3012,7.7567,0.0,0.6786,2.0159,8.0213,3.6242,33.6295,-0.0027,Act1
4.4179,1,1.4244,7.5893,18.0108,0.646,2.0433,10.7944,3.9356,36.6339,-0.1836,Act1
0.9009,0,1.1205,8.4,103.3774,0.602,1.9793,13.052,3.1627,34.6832,0.2141,Act-1
-3.8458,1,1.3389,8.3848,546.1971,0.6297,2.0332,13.9565,3.9773,93.0829,0.0184,Act-1
-1.041,1,1.3452,8.1829,474.2038,0.6316,2.0867,14.9463,3.8104,78.7659,0.0361,Act-1
3.0922,0,1.2162,7.8864,18.0108,0.6531,2.0075,9.7981,3.3668,70.4548,-0.0369,Act1
3.0231,0,1.2343,7.7424,0.0,0.6509,1.9799,6.8432,3.2693,61.5899,-0.0181,Act1
5.8562,1,1.4058,7.5901,18.0108,0.6692,2.0489,12.5631,3.8399,78.3615,0.058,Act1
4.5311,1,1.3939,7.6111,18.0108,0.6749,1.9806,10.6394,3.6971,63.1655,0.0673,Act1
4.2079,1,1.2277,7.7613,42.6833,0.6326,2.0262,11.4307,3.7419,52.9271,0.0276,Act-1
3.1419,0,1.0298,7.5,0.0,0.6591,1.9455,3.0,1.7662,14.3495,-0.1252,Act-1
8.4787,1,1.4889,7.581,42.6833,0.7012,2.0264,9.1019,3.721,49.2561,0.1122,Act-1
3.6293,0,1.181,7.6364,32.8972,0.6073,2.0103,7.2912,3.0124,36.7158,0.0008,Act-1
1.4487,0,1.016,7.6548,0.0,0.5876,2.0307,9.5867,3.2461,53.9049,-0.0659,Act1
-0.9464,0,1.0,8.2222,170.7334,0.5677,2.0469,5.7487,2.3949,9.2805,-0.0845,Act-1
3.9187,1,1.3061,7.7882,0.0,0.6848,2.0146,7.4706,3.6242,31.095,-0.0111,Act1
3.361,1,1.42,7.744,18.0108,0.6455,2.0603,10.7978,4.1418,37.8403,-0.1055,Act1
4.3454,1,1.4338,7.4514,18.0108,0.6499,2.0622,9.7132,3.638,29.3469,-0.0094,Act1
3.3963,1,1.3486,7.6975,18.0108,0.6493,2.1357,10.2654,3.5148,37.9204,0.0574,Act1
3.8093,0,1.184,7.5,18.0108,0.6197,2.0686,5.3906,3.1829,30.7166,-0.0239,Act1
0.3306,0,1.0648,8.1212,132.2626,0.5706,1.9244,0.0,2.398,10.973,-0.222,Act-1
2.6593,1,1.2857,7.9983,78.7048,0.6531,2.0737,14.527,3.7571,42.9789,0.032,Act-1
1.8526,0,1.2306,8.1898,34.4157,0.6421,2.0393,5.7301,3.3994,16.1869,0.0355,Act-1
0.5197,0,1.2129,7.6667,21.1351,0.6063,2.0311,5.6569,3.0682,30.1308,-0.0147,Act-1
1.1765,0,1.2013,7.6032,21.1351,0.604,2.047,7.5786,3.0683,34.3422,0.0454,Act-1
2.7403,0,1.2129,7.6842,18.0108,0.6115,2.0223,10.6908,3.0682,27.0065,-0.0052,Act-1
1.8009,0,1.2145,7.8444,103.3774,0.6108,2.0154,7.4935,2.8527,12.466,0.0365,Act-1
2.2903,0,1.2417,7.9286,32.8972,0.6291,2.005,4.0218,3.0123,22.7951,-0.0618,Act-1
2.4912,0,1.2417,8.0714,42.6833,0.6319,1.9931,5.5159,3.0123,20.0384,-0.0854,Act-1
4.2438,1,1.3962,7.862,16.405,0.6726,2.0321,10.8296,3.9022,63.257,-0.1558,Act1
1.9083,0,1.2341,8.0,57.2784,0.62,2.0144,7.7083,2.9356,25.3296,0.0567,Act1
5.197,1,1.4836,8.4583,36.0215,0.6759,2.0621,14.037,3.9939,37.7496,-0.1313,Act-1
1.3394,1,1.3549,7.6,21.1351,0.6219,2.1294,7.7464,3.227,38.6305,0.1169,Act-1
3.56,1,1.3549,7.6133,18.0108,0.6264,2.128,9.4361,3.227,35.5062,0.1181,Act-1
2.8831,0,1.2042,7.7348,32.8972,0.6055,2.0177,9.3029,3.2091,38.948,0.0905,Act-1
3.6515,0,1.1863,7.5238,0.0,0.6211,2.0438,8.5393,3.0702,39.6792,0.0937,Act1
2.7396,1,1.2298,7.5909,42.6833,0.6325,2.1077,13.2531,3.6194,40.7112,0.1213,Act1
2.6676,0,1.1774,7.4444,0.0,0.6097,2.0117,11.3098,2.7765,42.7771,0.0643,Act-1
1.6596,0,1.216,7.8646,0.0,0.62,1.9765,8.7038,2.5541,29.2231,-0.0065,Act1
3.2317,0,1.1882,7.5278,0.0,0.6054,2.0165,12.5364,3.1456,61.2007,0.0014,Act1
2.8727,0,1.182,7.9028,77.0991,0.6193,2.045,11.6342,3.6439,39.3186,0.0834,Act1
4.5335,1,1.3092,7.6726,0.0,0.6783,2.0387,7.2793,3.8707,71.9659,-0.1878,Act1
3.7621,0,1.2084,7.575,18.0108,0.6118,2.0469,5.0784,3.1708,23.113,-0.131,Act-1
2.2678,0,1.1808,8.1042,60.6941,0.6193,2.0232,8.2461,3.2612,27.8543,-0.0919,Act-1
5.5632,1,1.3597,7.8185,18.0108,0.6447,2.0519,14.1692,3.7791,95.5088,0.0461,Act-1
3.7265,0,1.1989,7.4352,42.6833,0.6185,2.0977,5.8848,2.8018,23.2552,-0.0857,Act1
3.7265,0,1.1965,7.4352,42.6833,0.6185,2.0978,6.1723,2.8836,23.2552,-0.0645,Act1
2.8129,0,1.2227,7.5351,18.0108,0.6242,2.0231,6.3159,2.8399,30.2878,-0.049,Act-1
4.3059,1,1.2651,7.4242,42.6833,0.6648,2.0969,6.8847,3.4801,55.8913,0.0204,Act1
1.5264,0,1.1687,7.4405,50.9079,0.645,1.996,3.7798,2.5979,48.1374,-0.109,Act-1
3.8381,1,1.4193,7.9401,32.81,0.7172,2.0433,11.0675,3.7733,37.8347,-0.0125,Act1
3.8028,1,1.273,7.2273,16.7855,0.6624,2.1338,4.2987,3.196,56.0225,-0.0476,Act-1
3.5654,1,1.443,7.5417,18.0108,0.6498,2.0618,9.5286,3.9108,27.4634,-0.046,Act1
1.9366,0,1.2045,7.7244,36.0215,0.653,2.0716,7.3996,3.8712,34.7036,-0.0259,Act1
3.5294,0,1.2041,7.7622,36.0215,0.7043,2.0648,8.0162,3.8936,33.7525,-0.1343,Act1
2.1353,0,1.1999,7.6975,36.0215,0.6492,2.0686,9.4712,3.8911,37.2382,-0.1124,Act1
3.448,0,1.1892,7.525,18.0108,0.6218,2.0675,5.0784,3.1827,28.1821,-0.0654,Act-1
1.7268,0,1.1844,8.0152,0.0,0.6191,2.015,8.4504,3.2162,33.5482,-0.2714,Act-1
3.8264,1,1.4655,7.8659,36.0215,0.671,2.1159,12.2569,3.9008,40.4354,0.0406,Act1
1.8993,0,1.2001,7.9737,36.0215,0.6378,1.947,6.3348,3.0567,55.1146,0.0121,Act1
2.3162,0,1.2285,7.7083,36.0215,0.62,2.0248,3.5717,3.0278,15.2872,0.0943,Act-1
3.3034,1,1.3373,7.74,60.6941,0.6398,2.0373,9.841,3.4446,33.1554,-0.0083,Act1
3.2872,1,1.4576,8.0,102.0297,0.6625,2.008,10.9101,3.7815,36.6897,-0.1467,Act1
2.1119,0,1.2532,8.1538,42.6833,0.6373,1.992,4.4851,3.0122,17.5038,-0.2151,Act1
2.4885,0,1.2607,7.9028,0.0,0.6449,1.9913,3.8756,2.5534,17.5038,-0.3443,Act1
3.7711,1,1.2267,7.5957,0.0,0.6434,2.0694,7.6062,3.2977,29.9699,-0.0079,Act1
3.0637,1,1.4433,7.9213,59.4689,0.6908,2.0215,8.4297,3.8628,24.9536,-0.0633,Act-1
2.5199,0,1.216,7.7698,32.8972,0.6066,2.0169,7.1733,3.0129,36.4135,0.0367,Act1
2.5199,0,1.2044,7.7698,32.8972,0.6066,2.0165,8.69,3.2181,36.4135,0.0302,Act1
2.7093,1,1.3486,7.8704,18.0108,0.6747,1.9808,7.319,3.2088,53.8012,0.0571,Act-1
4.8086,1,1.3979,7.6167,36.0215,0.6495,2.1159,10.3227,4.527,27.2528,-0.1637,Act1
2.6748,1,1.3722,8.0694,146.0608,0.6486,2.0053,12.9115,3.9147,73.6233,0.0142,Act1
2.674,1,1.3486,7.8148,34.7963,0.671,1.9921,7.0437,3.2088,50.1544,0.0928,Act1
1.6842,0,1.2491,7.8696,75.5805,0.6562,2.0171,8.4631,3.6096,80.5869,-0.1507,Act1
3.3961,1,1.3623,8.0178,42.6833,0.6982,2.0741,5.7681,3.7134,26.9003,-0.1483,Act1
2.4925,0,1.2234,7.7407,0.0,0.6134,2.0329,5.8689,3.102,17.2972,0.0501,Act1
4.6737,1,1.2865,7.8833,16.405,0.7245,2.0648,7.7487,3.9193,51.6294,0.0914,Act1
2.3937,0,1.3064,8.0104,0.0,0.7075,2.0515,5.4963,3.7921,49.544,-0.2548,Act1
3.3173,0,1.2819,7.5947,36.0215,0.6248,2.0971,14.9052,3.8489,67.4002,-0.0191,Act-1
1.3353,0,1.2096,8.0167,78.4598,0.5972,2.0175,8.2692,2.9707,20.2221,-0.1247,Act1
1.8842,1,1.3079,8.1006,34.7963,0.6442,2.0267,8.6857,4.3254,35.4851,-0.2897,Act1
1.7253,0,1.1836,7.662,32.8972,0.627,1.9937,4.6955,3.1507,16.7419,-0.1595,Act-1
3.762,1,1.3069,7.9254,18.0108,0.6741,2.035,11.6339,3.6483,77.9352,-0.0025,Act1
3.7423,1,1.4574,7.6304,0.0,0.6665,2.0793,7.5652,3.7363,22.3322,-0.1116,Act1
4.3683,1,1.3609,7.8657,0.0,0.6499,2.1145,12.8671,3.8774,54.5512,-0.0379,Act1
2.5751,0,1.2432,7.7143,0.0,0.6307,2.0281,3.9311,3.0408,15.2872,-0.2032,Act-1
2.051,0,1.1728,7.7586,0.0,0.6181,2.1311,8.1824,3.373,42.2459,-0.0571,Act1
2.3769,1,1.2729,7.4933,34.7963,0.6342,2.1339,7.3077,3.2058,26.7503,-0.112,Act-1
4.0366,1,1.433,7.6061,0.0,0.6743,2.0294,4.4999,3.6647,20.3719,-0.0586,Act1
0.5924,0,1.0209,7.619,0.0,0.5807,2.032,2.8284,2.4331,16.91,-0.1437,Act-1
3.3111,0,1.0415,7.5208,0.0,0.7071,1.8772,2.0,3.0194,68.7863,-0.4203,Act-1
4.6133,1,1.3479,7.3333,0.0,0.6747,2.0684,5.5452,3.5799,47.1516,-0.0424,Act1
1.7162,1,1.3596,7.5667,0.0,0.6279,2.0853,4.3869,3.0725,10.5826,-0.2185,Act-1
3.7499,0,1.2101,7.6891,42.6833,0.6279,2.0742,8.3106,3.0662,33.9591,-0.0007,Act-1
2.648,0,1.2294,7.6569,18.0108,0.6174,2.039,3.916,2.8692,20.1497,0.0359,Act1
2.1487,0,1.2426,7.9417,18.0108,0.6188,2.0373,5.7106,2.9848,27.341,0.0679,Act-1
1.8154,0,1.2287,7.9825,18.0108,0.6212,2.0081,6.5266,3.0153,26.2133,0.0323,Act-1
1.7185,0,1.2873,8.0538,60.6941,0.6252,1.9935,13.871,3.8727,51.7282,0.0196,Act-1
4.4559,1,1.4816,7.6511,60.6941,0.6796,2.1255,7.9773,3.8959,23.2339,0.1461,Act-1
6.6874,1,1.4719,6.5503,18.0108,0.6421,2.1927,9.2081,3.9122,32.3212,0.0842,Act1
6.8111,1,1.5173,7.5072,18.0108,0.6799,2.1306,10.9364,3.8205,31.8036,0.0598,Act1
4.2237,1,1.3592,7.4596,18.0108,0.6461,2.1217,7.7734,3.1788,22.3606,0.0689,Act-1
4.8141,1,1.2822,6.9933,0.0,0.648,2.0304,7.1758,3.5601,25.1543,0.0349,Act1
4.4521,1,1.367,7.5972,18.0108,0.6579,2.0031,12.1848,3.8775,52.7341,0.0107,Act1
4.4254,1,1.4869,7.5677,18.0108,0.669,2.0504,12.3994,3.9115,68.7933,0.1227,Act1
4.3929,1,1.4343,7.7586,0.0,0.6408,2.1063,11.1805,3.8154,33.3517,0.1263,Act1
4.6994,1,1.3216,7.5735,0.0,0.6456,2.1132,9.4365,3.745,45.0945,0.1495,Act1
2.7412,1,1.3829,7.9195,52.807,0.643,1.9707,10.6988,4.1111,47.9657,0.048,Act1
1.7596,1,1.3783,8.3509,180.8571,0.6276,1.9707,10.3325,4.1111,52.32,0.0876,Act1
2.2595,0,1.338,7.9253,36.0215,0.643,1.9696,10.2605,3.9117,44.7801,0.066,Act1
1.921,0,1.215,7.8722,50.9079,0.6285,2.0116,6.8419,3.2399,27.8138,0.1777,Act-1
1.3809,0,1.2372,8.072,18.0108,0.6272,2.0472,7.5652,3.8948,23.1072,0.171,Act-1
1.395,0,1.2139,7.7647,50.9079,0.6138,2.0177,5.5317,3.0127,19.0698,0.0917,Act-1
3.3504,0,1.1686,7.587,18.0108,0.6062,2.0294,7.7613,2.8884,25.9266,0.0356,Act-1
4.2261,1,1.3575,7.5417,18.0108,0.6769,2.067,7.6327,3.7664,61.1908,0.0121,Act1
2.7747,1,1.4321,7.7244,60.6941,0.6622,2.1355,8.1604,3.9152,29.7292,0.1555,Act1
4.1896,1,1.3227,7.5298,0.0,0.632,2.1394,8.6315,3.1495,41.1628,0.0902,Act-1
3.5375,0,1.165,7.5516,0.0,0.6211,2.021,7.0453,3.0422,31.4245,-0.095,Act-1
2.5049,0,1.2168,7.9043,32.8972,0.6387,1.9936,5.2718,3.0128,27.5438,0.0248,Act1
1.3808,0,1.216,7.8021,0.0,0.618,1.9836,6.204,2.5642,21.2864,0.1247,Act1
6.2386,1,1.3855,7.4866,0.0,0.6838,2.0618,10.8616,3.5622,32.3958,0.0494,Act-1
3.0543,1,1.322,7.45,0.0,0.645,1.9902,6.5865,3.2312,50.8213,0.068,Act1
4.1903,1,1.341,7.5903,0.0,0.6434,2.0379,9.7796,3.4446,32.7266,0.0727,Act1
3.72,0,1.1636,7.6076,0.0,0.6062,2.0488,9.9724,3.0354,35.5402,-0.0916,Act1
3.3835,0,1.1509,7.566,0.0,0.6144,2.0195,9.9724,3.0419,40.6093,-0.0676,Act1
3.2942,1,1.3148,7.9556,16.405,0.6615,2.0826,8.6154,4.7023,25.2924,0.0102,Act1
1.9546,1,1.2989,7.9672,34.7963,0.64,2.083,9.9582,4.3336,46.3946,-0.1731,Act1
2.6512,1,1.3776,8.15,18.0108,0.6845,2.0616,7.6876,3.7392,19.5947,-0.07,Act1
4.3273,1,1.4061,8.0651,18.0108,0.6763,2.0713,10.6562,3.7591,38.5515,0.0105,Act1
1.7305,1,1.3031,7.8254,42.6833,0.653,2.0425,8.1841,3.4568,15.2872,-0.0351,Act1
4.935,1,1.2977,7.3016,0.0,0.6438,2.0345,5.7106,3.444,22.8264,0.0183,Act1
4.429,1,1.266,7.672,0.0,0.6246,2.0396,12.4165,3.6403,45.7002,-0.0275,Act1
3.5186,1,1.5077,7.8684,95.3679,0.6463,2.1183,13.9113,3.7498,52.4686,0.0532,Act1
3.1412,1,1.5046,8.0806,126.9482,0.6567,2.1183,16.257,3.7498,54.5265,0.0645,Act-1
2.7768,1,1.3619,7.9779,0.0,0.6395,2.0631,13.0502,3.8337,42.3651,-0.1184,Act1
0.6836,0,1.206,7.8611,18.0108,0.6062,2.0169,8.973,3.0974,32.9592,-0.0588,Act1
3.3158,1,1.354,7.6135,60.6941,0.6422,2.1217,11.2038,3.1788,22.3606,0.0369,Act1
-3.2823,0,1.0329,7.947,262.7631,0.5799,2.0738,10.9599,3.232,19.1163,-0.1025,Act-1
-0.3339,0,1.1916,8.2609,49.3022,0.661,2.029,5.3674,4.6057,47.9073,0.0121,Act-1
5.756,1,1.6688,7.3765,0.0,0.726,2.0281,7.0723,3.9696,76.9575,-0.3706,Act-1
2.0777,1,1.319,8.1019,18.0108,0.6511,2.0208,8.9267,4.2322,28.136,-0.3234,Act1
3.5999,1,1.4337,7.5521,18.0108,0.6519,2.0681,9.5829,4.135,35.6944,-0.1202,Act1
2.0362,1,1.3753,7.8211,75.5805,0.6275,2.0331,13.0182,4.039,41.1626,-0.1601,Act1
4.8794,1,1.4555,7.7269,0.0,0.7461,1.9979,8.4917,3.6896,51.3033,-0.216,Act1
3.9318,1,1.5362,7.5764,0.0,0.7467,2.0222,9.1663,3.8464,79.8646,-0.1191,Act1
2.8671,1,1.3723,7.869,0.0,0.6434,2.0155,9.3359,3.9247,34.2769,-0.354,Act1
1.1605,0,1.2255,8.0556,18.0108,0.6566,1.9989,4.7298,3.2633,14.2718,-0.2078,Act1
0.1352,0,1.073,7.8732,128.05,0.6185,2.126,10.2471,3.7904,31.4411,-0.0186,Act-1
4.8851,1,1.5101,7.6306,18.0108,0.7065,2.1364,10.8748,3.9769,34.9441,0.0939,Act1
2.3177,1,1.3211,7.9194,60.6941,0.6818,2.0878,13.031,3.5374,30.2113,-0.1274,Act1
2.9237,1,1.3073,7.8003,0.0,0.6695,2.0956,11.0141,3.7092,46.2388,-0.0364,Act1
3.9041,1,1.3345,7.6278,18.0108,0.669,2.0543,11.5395,3.6143,68.7312,-0.0141,Act1
3.3499,1,1.3987,7.6449,18.0108,0.6842,2.0184,8.1075,3.6347,56.804,-0.0266,Act1
3.5674,1,1.4305,8.0574,18.0108,0.7105,2.0335,8.9698,3.8461,38.1567,-0.1452,Act1
3.2276,1,1.4294,7.8943,18.0108,0.6998,2.0345,10.8708,3.8461,34.2791,-0.1115,Act1
3.6604,1,1.4305,8.0574,18.0108,0.7105,2.0332,8.536,3.7989,38.1567,-0.1981,Act1
3.3207,1,1.4294,7.8943,18.0108,0.6998,2.0343,10.3689,3.799,34.2791,-0.1568,Act1
3.1203,1,1.5502,7.746,50.9079,0.6624,2.0519,15.5929,3.8879,59.8493,0.0653,Act1
3.1259,1,1.307,7.7759,0.0,0.678,2.0758,11.6223,3.7088,41.9733,-0.0327,Act1
3.9563,0,1.1549,7.4828,42.6833,0.6192,2.08,9.957,3.0328,38.4884,-0.0657,Act1
-0.8528,0,1.2447,8.3667,18.0108,0.6388,2.1236,6.6034,3.719,50.3977,-0.0611,Act-1
-1.3425,0,1.2508,8.2029,18.0108,0.6441,2.1169,4.3664,3.6607,43.3824,0.0575,Act-1
1.7983,0,1.2447,8.3467,60.6941,0.6388,2.1053,6.6034,3.719,44.5929,-0.0699,Act-1
1.3086,0,1.2508,8.1812,60.6941,0.6441,2.1017,4.3664,3.6607,37.5775,0.0433,Act-1
1.289,0,1.2508,8.2246,60.6941,0.6413,2.0936,4.5974,3.6607,36.7199,-0.0337,Act-1
1.2824,0,1.294,8.2353,42.6833,0.6614,2.074,5.048,3.4801,19.6049,-0.1463,Act-1
1.4193,0,1.259,8.0476,42.6833,0.6474,2.0674,4.3514,3.5364,28.0277,-0.1939,Act-1
3.1116,1,1.1933,7.503,0.0,0.6479,2.0689,9.0105,3.2977,33.3236,-0.0417,Act1
3.578,1,1.2654,7.8114,18.0108,0.6565,2.0696,10.077,3.9269,54.7246,0.0847,Act1
0.7641,0,1.2803,8.2792,49.3022,0.6718,2.0455,6.121,3.5079,13.0169,0.0482,Act-1
0.607,0,1.2149,8.0833,49.3022,0.6325,2.0426,8.9187,3.895,26.0706,0.1723,Act-1
3.3173,1,1.2832,7.9637,68.9187,0.7133,1.9862,9.4677,3.8744,67.5269,-0.1051,Act1
3.9084,1,1.2415,7.5694,0.0,0.6541,2.0655,7.2577,3.2977,24.9487,0.0495,Act1
0.4626,0,1.047,7.8333,0.0,0.593,1.8424,2.3811,1.5641,13.9851,-0.1138,Act-1
1.2034,0,1.2084,8.0033,50.9079,0.6273,2.0601,8.7937,3.9421,29.727,0.0676,Act-1
-1.5563,0,1.1441,8.3313,121.3882,0.6486,2.0592,14.5157,3.8159,103.1953,-0.047,Act-1
-0.5499,0,1.1102,8.294,36.0215,0.6589,2.0514,11.225,3.6483,71.5313,-0.0295,Act-1
-0.8444,1,1.1947,8.2841,78.7048,0.6779,2.0655,15.057,3.811,112.1857,0.0674,Act-1
5.1249,1,1.2863,7.4815,0.0,0.6424,2.1139,8.1522,3.573,49.4981,0.0701,Act-1
2.1771,0,1.2324,8.0192,42.6833,0.6444,2.0976,6.6334,3.6641,42.6466,0.1506,Act-1
4.033,1,1.3956,7.8401,0.0,0.6786,2.0792,10.56,3.9052,43.8296,0.0491,Act1
2.2783,1,1.4094,7.8654,0.0,0.6612,2.1078,8.3889,3.6562,35.1974,0.1952,Act1
2.5401,1,1.3026,7.6667,0.0,0.6381,2.0392,13.3868,3.6915,44.5107,-0.0679,Act1
3.159,1,1.2571,7.3567,0.0,0.6866,2.0938,7.4543,3.7113,62.9128,-0.0105,Act1
3.6074,1,1.3104,7.3542,0.0,0.6416,2.0568,12.7018,3.3018,31.3757,0.108,Act1
4.6791,1,1.4992,7.7568,18.0108,0.6495,2.086,12.8214,4.0235,50.8474,0.0597,Act1
0.9986,0,1.2675,8.2719,42.6833,0.6665,2.0551,5.1206,3.6451,33.9852,0.042,Act-1
3.6402,1,1.4423,7.7481,18.0108,0.6855,2.0449,8.2217,3.8884,34.6294,-0.0155,Act1
2.7897,1,1.4315,7.7037,36.0215,0.6579,2.1239,10.3046,3.9349,39.7057,-0.0666,Act1
4.0855,1,1.3583,7.8905,18.0108,0.6528,2.1143,12.5009,3.8544,54.9801,-0.0584,Act1
2.9318,0,1.2668,7.8167,146.0608,0.6198,2.0174,14.2792,3.2097,27.7377,-0.0063,Act-1
5.1178,1,1.3396,7.8699,54.0323,0.6902,2.0602,14.4967,3.8788,56.9605,-0.0147,Act1
3.2417,1,1.447,7.7475,36.0215,0.6909,2.0783,10.1124,3.9935,64.9167,-0.1119,Act1
4.1971,1,1.4545,7.7688,50.9079,0.7029,2.1326,9.0968,3.9274,36.2788,0.0241,Act-1
2.5445,1,1.4651,7.7381,52.6845,0.6769,2.0541,8.3742,3.94,20.2265,-0.129,Act-1
1.0234,0,1.2336,7.9744,103.3774,0.6159,2.0131,4.559,2.7281,7.397,0.023,Act-1
4.0972,1,1.607,7.7564,108.4777,0.7004,2.1231,8.4666,4.336,49.4111,0.0131,Act1
1.0631,1,1.3478,8.2125,148.2979,0.7333,2.0597,15.9165,3.9821,158.4152,0.0317,Act-1
1.0631,1,1.3478,8.2125,148.2979,0.7333,2.0597,15.9165,3.9821,158.4152,0.0317,Act-1
2.8193,1,1.3426,8.1458,42.6833,0.6532,2.0348,11.2987,3.6462,32.0217,0.0009,Act1
1.7957,0,1.1343,8.0675,68.9187,0.6328,2.0274,12.3589,3.5622,45.0499,-0.0724,Act-1
0.6144,1,1.2645,8.057,36.0215,0.647,2.1278,13.4733,3.5341,53.2834,-0.1242,Act-1
4.8454,1,1.552,8.1349,49.6827,0.7418,2.1196,8.259,4.0428,76.0486,-0.0597,Act-1
5.5297,0,1.5,7.6859,0.0,0.639,2.0554,11.2646,3.3495,36.1406,-0.2011,Act-1
5.0557,1,1.5206,8.2174,65.7944,0.6698,2.0691,13.8091,4.0103,42.3595,0.0688,Act1
0.0162,0,1.0419,8.358,32.8972,0.6185,1.8585,2.0,1.6044,12.6834,-0.1995,Act-1
1.2443,0,1.0367,8.0278,36.0215,0.5915,1.989,9.6603,3.1192,28.3678,0.0266,Act1
3.6632,1,1.3216,8.0056,60.6941,0.643,2.0716,12.6942,3.3184,37.0931,-0.0677,Act1
1.298,0,1.1508,7.9278,60.6941,0.6293,2.0262,10.3775,3.4471,32.0344,-0.0153,Act-1
3.2204,1,1.2427,7.9242,60.6941,0.6416,2.0282,10.374,3.4475,39.1988,-0.0158,Act1
1.1863,0,1.1509,8.2011,60.6941,0.6229,2.0262,10.3775,3.4471,32.0344,-0.0123,Act1
2.7132,1,1.2505,7.9676,60.6941,0.6339,2.0953,13.2066,3.4479,47.1511,-0.0685,Act1
2.9003,1,1.2622,7.9531,60.6941,0.6442,2.0925,10.7036,3.4475,36.6643,-0.0122,Act1
1.8996,0,1.1523,8.0432,60.6941,0.6215,2.0263,10.7796,3.3965,32.8276,-0.182,Act-1
3.0135,0,1.1212,7.8978,60.6941,0.6226,2.0313,10.583,3.4467,38.3255,-0.0366,Act1
2.9464,1,1.2759,7.9731,60.6941,0.6472,2.026,10.2512,3.4473,38.77,-0.044,Act-1
2.141,0,1.1273,7.9389,60.6941,0.6221,2.0367,10.8173,3.4449,40.0024,-0.0962,Act1
2.9083,1,1.1914,7.9375,60.6941,0.6746,2.0244,10.0843,3.4475,95.6196,-0.0737,Act-1
3.107,0,1.2223,7.9913,0.0,0.6552,1.9831,5.2491,3.4709,20.5277,-0.1643,Act-1
0.4966,0,1.0317,8.0722,36.0215,0.625,1.9451,2.8284,3.0878,29.5782,-0.1853,Act1
2.7589,0,1.1714,7.6096,0.0,0.626,2.0414,5.5213,3.04,26.7843,-0.0259,Act1
3.563,1,1.2647,7.6833,16.7855,0.6318,2.0791,11.0679,4.0186,50.9928,-0.0761,Act1
2.5038,0,1.3142,8.2564,18.0108,0.6433,2.1164,7.221,3.9122,36.802,-0.186,Act1
2.4013,0,1.2309,8.2245,36.0215,0.6909,2.039,6.5198,3.8052,39.4278,-0.241,Act1
2.3795,0,1.1607,7.8621,18.0108,0.6351,2.0245,9.9614,3.1461,88.4467,-0.0886,Act1
1.0773,0,1.0847,7.947,50.9079,0.5946,2.0531,6.3997,2.9582,27.2775,-0.0122,Act-1
2.8877,0,1.2067,7.7105,50.9079,0.6228,2.0653,5.8419,3.2273,33.1554,-0.0065,Act1
2.4923,1,1.4198,7.9444,0.0,0.6739,2.0449,7.2331,3.7592,34.8601,-0.1602,Act1
1.982,1,1.3829,8.1348,65.7944,0.6435,2.0534,14.7855,4.1764,97.7515,-0.115,Act-1
4.3605,1,1.3946,7.6012,0.0,0.6538,2.0398,8.5858,4.0279,43.3248,-0.2146,Act1
4.749,1,1.3971,7.7762,16.663,0.6868,2.0467,10.8954,3.8197,45.9299,0.0197,Act1
4.2364,1,1.3845,7.8125,16.663,0.6922,2.0436,10.6498,3.8136,42.9497,-0.0179,Act1
5.5134,1,1.3851,7.8704,16.663,0.7567,2.0278,9.481,3.8963,73.9526,-0.0402,Act1
3.633,1,1.4266,7.756,0.0,0.6666,2.0843,8.6414,3.7963,41.7195,-0.1487,Act1
3.0356,1,1.3092,7.8667,18.0108,0.6901,2.1282,12.7308,3.773,74.6514,0.0122,Act1
3.909,1,1.3008,7.484,0.0,0.6549,2.1413,5.6828,3.7706,39.5494,-0.0654,Act-1
3.9028,1,1.441,7.8654,0.0,0.6689,2.0726,7.7059,3.7301,38.7624,-0.2607,Act1
2.7097,1,1.5375,8.0028,16.405,0.7045,2.1057,11.2604,4.5513,26.9344,-0.1011,Act1
2.745,0,1.2664,7.8583,18.0108,0.6611,2.1183,7.2001,3.6494,42.5544,-0.1651,Act1
2.3235,1,1.4398,8.1694,34.4157,0.7067,2.058,12.2816,3.9416,61.7022,0.0694,Act1
2.1256,1,1.3409,8.0278,32.8972,0.6936,2.0291,7.1247,3.6927,65.8237,0.0404,Act1
2.2981,1,1.3455,8.0227,32.8972,0.7096,2.0259,6.4747,3.5672,60.5803,-0.0359,Act1
3.3465,1,1.3973,8.2335,34.4157,0.7424,2.0223,15.5249,3.8749,66.2252,-0.121,Act-1
1.982,1,1.3829,8.1348,65.7944,0.6435,2.0534,14.7855,4.1764,97.7515,-0.115,Act-1
1.5053,0,1.2661,8.0833,32.8972,0.6401,2.0031,2.9375,3.0116,17.726,-0.24,Act1
2.2038,0,1.2006,7.8413,18.0108,0.6276,2.0404,7.7167,3.1501,36.3514,-0.0928,Act-1
1.7062,0,1.2661,8.25,42.6833,0.6441,1.9906,3.4862,3.0116,14.9693,-0.3014,Act1
-0.4634,0,1.1726,8.2133,170.7334,0.6065,2.047,9.9972,3.1582,29.0165,-0.1018,Act-1
1.5053,0,1.2676,8.0833,32.8972,0.6401,2.0033,3.8883,2.9179,17.726,-0.2843,Act-1
2.2852,0,1.2692,8.1667,0.0,0.6383,2.0112,4.6823,2.9199,29.9386,-0.311,Act-1
3.1235,0,1.1634,8.0645,36.0215,0.6545,2.0512,9.2474,3.6415,39.8026,-0.1529,Act1
3.3346,1,1.2927,7.862,36.0215,0.6428,2.0648,14.4843,3.6455,39.1726,-0.2845,Act1
2.7162,0,1.1484,7.9474,36.0215,0.645,2.0971,9.5276,3.7272,43.9056,-0.1723,Act1
3.0712,0,1.1426,7.9148,36.0215,0.642,2.0456,9.489,3.7143,46.4401,-0.1638,Act1
3.3047,0,1.1401,8.1801,36.0215,0.6228,2.0845,9.5027,3.7165,63.7161,-0.147,Act1
2.1163,1,1.2944,7.8133,18.0108,0.6327,2.0603,8.1497,3.3591,34.713,-0.1254,Act1
4.2407,1,1.2997,7.6413,0.0,0.7089,2.021,9.6699,3.4784,61.84,-0.0703,Act1
3.8807,1,1.3522,7.859,42.6833,0.626,2.1247,9.2741,3.6993,39.358,-0.0643,Act-1
2.4729,1,1.3506,7.7963,0.0,0.6544,2.0364,6.2191,3.4844,17.726,-0.1533,Act-1
2.366,1,1.3396,7.9221,0.0,0.7391,1.992,6.3554,3.9332,31.7095,-0.0427,Act1
1.9642,1,1.3379,8.1894,0.0,0.6635,2.0187,6.5219,3.8658,39.1709,-0.2232,Act1
1.5025,0,1.0497,8.2091,0.0,0.6663,1.8671,4.5858,3.1098,54.9084,-0.0244,Act1
3.5993,1,1.382,7.7315,0.0,0.6765,2.0614,8.4564,3.3373,23.875,-0.0597,Act1
3.8601,1,1.4021,7.6344,18.0108,0.6606,2.0555,11.2317,3.8048,42.2449,0.0368,Act1
1.4551,0,1.1675,7.9559,111.7244,0.6192,2.0911,14.0756,3.4606,51.4164,-0.0441,Act-1
4.7551,1,1.4281,7.6979,0.0,0.6938,2.0122,9.3589,3.9075,69.8266,-0.1049,Act-1
3.106,1,1.3752,7.9653,0.0,0.6841,2.0651,10.0835,3.6741,43.611,0.0092,Act-1
4.962,1,1.323,7.8148,18.0108,0.6514,2.1183,13.794,3.5043,46.9333,-0.0508,Act-1
4.464,1,1.3866,7.6276,0.0,0.6831,2.066,8.9326,3.7406,47.8897,-0.1729,Act-1
4.823,1,1.3344,7.7827,36.0215,0.7021,2.0005,10.688,3.9039,112.1704,0.0211,Act1
4.0511,1,1.3479,7.7222,36.0215,0.6639,2.031,11.8254,3.6805,78.7905,-0.011,Act1
0.6617,0,1.1243,8.0833,0.0,0.6643,1.801,2.8284,2.6791,11.6394,-0.1569,Act-1
3.2954,1,1.37,7.7333,18.0108,0.6398,2.0667,13.5021,3.7758,44.39,-0.1763,Act1
3.0499,1,1.2875,7.6989,18.0108,0.6184,2.0632,12.5934,3.388,38.4955,-0.2935,Act1
2.2971,1,1.2609,7.8434,0.0,0.6347,2.0573,11.0447,3.6473,46.7533,-0.1326,Act1
1.8915,0,1.161,7.8611,0.0,0.6089,2.0393,10.6104,3.3314,42.9167,-0.1189,Act1
2.8109,1,1.3462,8.1136,68.9187,0.6461,2.0387,8.009,3.6139,33.1798,0.0697,Act1
2.1854,1,1.4532,8.0804,34.4157,0.6631,2.1095,8.8822,4.449,30.0395,-0.0799,Act1
1.7807,1,1.4043,7.951,35.7765,0.6544,2.119,6.8748,2.9442,18.8287,-0.1995,Act1
3.226,0,1.1029,8.0119,42.6833,0.6245,2.1396,10.0887,3.9018,54.285,-0.0189,Act1
3.4784,0,1.1021,7.9957,42.6833,0.6384,2.1393,8.6418,3.9018,46.932,-0.0054,Act-1
1.5224,0,1.1338,8.1432,50.9079,0.6438,2.0353,13.3769,3.6036,65.8473,-0.1165,Act-1
2.0271,1,1.3377,8.1909,18.0108,0.6673,2.0989,9.9323,3.8311,33.6106,-0.2373,Act1
2.3854,0,1.206,8.151,36.0215,0.6283,2.0233,11.9691,3.1399,91.0589,-0.0134,Act1
1.8788,0,1.2456,8.1379,32.8972,0.6322,2.0177,9.5764,3.6294,77.5915,-0.1551,Act-1
6.7085,1,1.3824,7.5171,31.672,0.6682,2.051,11.8116,3.5669,41.8057,-0.0063,Act1
6.9415,1,1.3782,7.5042,31.672,0.6651,2.0476,12.6844,3.5653,44.3402,-0.0333,Act-1
3.6517,1,1.2407,7.5238,0.0,0.639,2.0668,11.3159,3.5509,28.7312,0.0002,Act1
5.1631,1,1.49,7.7677,18.0108,0.681,2.0369,12.0335,4.149,83.5387,-0.111,Act1
5.2857,1,1.4847,7.5909,18.0108,0.6775,2.0438,11.7362,3.9349,71.8832,-0.0016,Act1
5.175,1,1.4847,7.5808,0.0,0.6775,2.0402,11.8404,3.9125,74.4177,-0.0295,Act1
4.5354,1,1.4169,7.7849,18.0108,0.6676,2.0533,13.2486,3.9123,46.8923,-0.2155,Act1
3.4276,1,1.3195,7.7101,18.0108,0.6466,2.033,9.3091,3.6698,35.3877,-0.2238,Act1
3.8832,1,1.422,7.6556,18.0108,0.6488,2.0382,12.4894,3.9122,43.4357,-0.1764,Act1
2.7809,1,1.4216,7.7069,18.0108,0.6502,2.0286,12.8691,3.9122,39.8213,-0.1412,Act1
4.2801,1,1.3857,7.619,18.0108,0.6593,2.0279,9.1644,3.9123,69.1264,-0.1374,Act1
4.8597,1,1.5589,7.6306,18.0108,0.6845,2.0533,15.3725,3.9123,77.1745,-0.0718,Act1
4.4516,1,1.5186,7.6176,18.0108,0.6622,2.0621,13.0644,3.9123,48.1528,-0.1196,Act1
4.7421,1,1.5186,7.6176,18.0108,0.6622,2.0603,12.7916,3.9123,47.724,-0.1417,Act1
3.7651,1,1.5186,7.6471,18.0108,0.6607,2.056,12.9913,3.9123,46.8663,-0.1202,Act1
3.6222,1,1.5186,7.6471,18.0108,0.6607,2.056,12.7114,3.9123,47.2951,-0.1173,Act-1
3.9127,1,1.5186,7.6471,18.0108,0.6607,2.0533,12.9504,3.9123,46.8663,-0.1366,Act1
4.0146,1,1.4902,7.6302,18.0108,0.6808,2.0328,11.3932,3.9123,74.4177,-0.056,Act1
3.3944,1,1.3648,7.5294,18.0108,0.6459,2.0442,13.5863,3.9123,81.7607,0.0366,Act1
3.2647,1,1.368,7.5758,18.0108,0.6501,2.0307,13.5863,3.9123,86.734,-0.006,Act1
3.8763,1,1.28,7.6,18.0108,0.6631,2.0241,9.7259,3.9123,76.9857,-0.1557,Act1
3.7898,1,1.421,7.6543,18.0108,0.6512,2.0305,10.3913,3.9123,39.6759,-0.2117,Act1
4.8566,1,1.5184,7.6048,18.0108,0.6588,2.0662,12.7929,3.9123,50.4807,-0.2068,Act1
4.5266,1,1.5186,7.6176,18.0108,0.6622,2.0601,12.6701,3.9123,47.2951,-0.1214,Act1
4.2635,1,1.518,7.6313,18.0108,0.6658,2.0551,12.4711,3.9123,44.5384,-0.0956,Act1
3.3691,1,1.3995,7.5784,18.0108,0.6379,2.0517,13.6709,3.9123,57.2835,-0.0494,Act1
3.7365,1,1.422,7.7179,18.0108,0.6571,2.0247,10.3913,3.9123,45.0601,-0.1898,Act1
3.9423,1,1.4765,8.0084,36.0215,0.6848,2.1399,10.7641,3.8742,45.4407,-0.0145,Act1
4.0972,1,1.5515,7.8111,36.0215,0.6868,2.1401,15.4016,3.8956,48.9123,-0.0324,Act-1
3.8873,1,1.2974,7.9531,34.4157,0.7147,2.046,10.0446,3.9248,62.8242,0.0464,Act1
3.9807,1,1.4616,7.6379,0.0,0.646,2.1426,8.264,4.1017,51.0825,-0.1493,Act1
2.4399,0,1.2583,7.9147,18.0108,0.6572,2.0774,8.6384,4.0248,51.6409,-0.127,Act1
5.3964,1,1.6122,7.8111,0.0,0.7393,2.0725,8.9108,4.2887,24.2434,0.0724,Act1
2.7049,1,1.306,7.6957,32.8972,0.6688,2.0242,8.5842,3.5006,61.5417,-0.1565,Act-1
4.103,1,1.4149,7.8189,18.0108,0.7106,1.9928,11.1555,3.7745,68.0423,-0.0286,Act1
3.8301,1,1.5736,7.8423,0.0,0.7047,2.0715,8.3268,4.6318,25.8442,-0.0498,Act1
4.4305,1,1.4246,7.7583,54.0323,0.6725,2.0862,12.5108,3.8518,47.829,-0.0449,Act1
3.1843,1,1.3121,7.7366,0.0,0.6564,2.0557,9.164,3.8262,49.649,0.0655,Act1
4.6256,1,1.3796,7.7745,16.663,0.7035,2.0386,10.408,3.814,76.7872,-0.058,Act1
5.8297,1,1.3982,7.625,18.0108,0.683,2.0628,11.5719,3.8407,79.1234,0.0477,Act-1
3.7448,1,1.3953,7.7333,18.0108,0.6559,2.0322,15.3544,3.6915,49.1093,-0.1338,Act1
3.249,1,1.4515,7.5159,18.0108,0.6641,2.056,7.4343,3.638,22.1721,0.006,Act1
2.9458,1,1.386,7.7917,0.0,0.6512,2.0029,9.8289,3.8053,48.2012,-0.1621,Act1
2.7123,1,1.3959,7.7628,0.0,0.6754,2.002,10.5418,3.7347,32.0421,-0.0881,Act1
3.527,1,1.4306,8.2454,18.0108,0.71,2.052,10.7982,3.9055,37.4539,0.1173,Act1
4.2855,1,1.2577,7.9905,18.0108,0.6813,2.0109,10.244,3.8112,81.1519,0.0642,Act1
4.4639,1,1.2808,7.5967,18.0108,0.6609,2.03,9.642,3.7944,61.2232,0.1784,Act1
3.439,1,1.4834,8.5735,36.0215,0.6847,2.0584,12.6653,3.9938,32.6805,-0.1798,Act1
3.5818,1,1.4834,8.5735,36.0215,0.6847,2.0576,12.7247,3.9938,32.2517,-0.2285,Act-1
3.4607,1,1.4142,7.8125,16.405,0.6818,2.0518,11.352,3.9705,35.4013,-0.0685,Act1
2.6438,1,1.2604,7.9028,0.0,0.6735,2.0667,8.593,3.8141,68.1201,0.1169,Act1
5.57,1,1.4966,7.5653,0.0,0.6606,2.0514,13.2233,3.8979,43.6807,-0.0763,Act1
-0.1276,0,1.1296,7.8235,0.0,0.6091,2.0292,3.4641,2.7863,30.6934,-0.1242,Act-1
1.6717,1,1.3132,8.2109,18.0108,0.6646,2.0314,9.6321,3.9442,42.4064,-0.0385,Act-1
1.54,0,1.2559,8.1667,18.0108,0.6298,2.0205,5.2428,3.1279,27.6741,-0.2659,Act1
2.3665,0,1.2271,8.1364,42.6833,0.616,2.0275,8.0694,3.2999,43.8054,-0.051,Act-1
4.0972,1,1.5515,7.8111,36.0215,0.6868,2.1401,15.4016,3.8956,48.9123,-0.0324,Act-1
4.0771,1,1.4223,7.5833,18.0108,0.6485,2.0273,6.915,3.6322,27.513,-0.167,Act1
2.6935,0,1.208,7.7368,0.0,0.613,2.0036,7.2916,3.0674,31.1222,0.0263,Act1
-2.8308,0,1.0972,8.201,267.4502,0.6232,2.0405,17.7873,3.4351,148.8241,0.0787,Act-1
1.6439,1,1.2833,8.0148,170.7334,0.6534,2.0568,11.2909,3.7165,30.0201,0.0017,Act-1
1.8655,1,1.3045,8.0218,170.7334,0.6506,2.0704,11.2746,3.6212,25.4277,0.0328,Act-1
4.5435,1,1.4561,7.5632,0.0,0.6463,2.1389,9.5115,3.9141,52.966,-0.1417,Act1
1.4921,0,1.2301,8.0208,60.6941,0.62,2.0093,7.0614,2.9614,19.8317,-0.2537,Act1
1.6689,0,1.26,7.9231,18.0108,0.634,2.0042,5.3454,2.8972,17.2972,-0.1704,Act-1
1.627,1,1.3442,8.1542,49.3022,0.6718,2.0463,7.3342,3.624,16.0424,0.0141,Act-1
3.2467,0,1.2672,7.4635,18.0108,0.6375,2.0894,4.7451,3.3039,18.9637,-0.3339,Act1
1.8645,1,1.3183,8.0603,18.0108,0.6833,2.1375,10.4112,3.7713,66.5109,-0.0985,Act-1
0.9925,1,1.3809,8.2135,31.2914,0.7198,1.9782,5.901,4.2408,44.0034,-0.0904,Act-1
2.3313,1,1.5149,7.693,65.7944,0.6776,2.1939,4.4972,3.9126,24.7835,-0.1104,Act-1
1.2419,0,1.2838,8.0833,32.8972,0.6401,2.0023,4.3645,2.5966,17.726,-0.3582,Act-1
2.8346,1,1.2808,7.529,18.0108,0.6466,2.0517,6.5431,3.5583,27.0686,-0.028,Act1
2.3026,1,1.3316,7.9137,49.3022,0.6398,2.0546,11.5564,3.8019,34.2916,-0.1978,Act1
4.6281,1,1.593,7.9363,63.3084,0.6923,2.0867,12.3483,4.1389,41.3003,-0.0933,Act-1
5.2048,1,1.5801,7.9603,0.0,0.6906,2.0862,15.3367,4.1389,71.9102,-0.0653,Act1
1.6135,0,1.2003,7.8434,60.6941,0.6248,2.009,7.5652,2.9484,29.9162,0.0994,Act-1
4.4825,1,1.3885,7.6054,42.6833,0.6384,2.0766,14.4755,3.9434,39.1084,0.0357,Act-1
2.2251,0,1.299,7.8889,0.0,0.6297,2.0017,7.7399,3.0399,29.3975,0.1707,Act1
2.6065,0,1.262,8.3905,0.0,0.6545,2.0763,5.4937,3.8387,12.5926,-0.292,Act-1
1.2816,0,1.0497,8.4167,18.0108,0.6232,1.9083,6.9972,3.1245,18.4159,-0.1069,Act-1
-0.0208,0,1.0228,7.7759,0.0,0.6172,2.0294,2.8284,3.0961,40.9966,-0.429,Act1
3.7725,0,1.2657,7.9811,0.0,0.7188,2.0337,7.4134,3.868,36.7347,-0.4114,Act1
2.1205,0,1.0751,8.0807,0.0,0.6673,1.9989,7.7988,3.2725,33.3577,0.0025,Act1
3.8123,1,1.3682,8.7778,0.0,0.7127,2.0628,7.0975,3.9638,13.7924,0.1313,Act1
4.5303,1,1.4153,8.0158,18.0108,0.6807,2.0739,8.3748,3.9786,42.9056,0.0954,Act-1
0.7341,0,1.2556,8.6094,0.0,0.6307,2.0418,6.7432,4.2339,8.5609,0.2545,Act-1
0.6066,1,1.4233,7.9936,16.7855,0.6838,2.1076,9.0231,4.5164,17.8762,-0.0099,Act1
4.468,1,1.3142,7.2778,0.0,0.6823,2.0645,10.0447,3.6694,90.6732,0.0997,Act1
3.9646,0,1.0,8.2222,0.0,0.8731,1.9102,0.0,2.3028,0.0,0.0208,Act1
0.6174,0,1.2314,8.6019,103.3774,0.687,2.0515,5.9751,3.5482,9.441,0.0447,Act-1
2.4081,1,1.4001,8.0764,65.7944,0.7507,2.0224,4.4544,3.6781,17.1705,-0.1741,Act-1
1.921,0,1.215,7.8722,50.9079,0.6285,2.0116,6.8419,3.2399,27.8138,0.1777,Act-1
1.5931,1,1.3374,7.6528,54.0323,0.7238,1.9962,3.7798,3.2272,45.5833,0.1342,Act-1
-0.2869,0,1.2681,8.7418,65.7072,0.7309,2.0871,2.7495,4.6179,11.0357,0.1522,Act-1
-0.7971,0,1.2053,8.4327,246.3139,0.649,2.1542,8.6729,4.1911,30.5635,-0.1353,Act-1
3.5254,1,1.5197,7.9456,0.0,0.7373,2.0851,8.8779,4.1902,20.1216,0.1057,Act-1
3.1944,1,1.3913,7.5505,18.0108,0.7016,2.0315,4.3885,3.7317,30.6805,0.0772,Act-1
4.6508,1,1.3455,7.4066,0.0,0.6721,2.0344,5.8054,3.7264,27.2003,0.018,Act-1
6.3309,1,1.3336,7.9108,0.0,0.8435,2.0333,0.0,3.5349,13.3724,-0.2478,Act-1
5.6669,1,1.3282,7.7911,0.0,0.7689,2.0145,6.9201,3.9279,27.0717,-0.0048,Act1
3.8184,1,1.4329,8.0644,42.6833,0.7018,2.0515,8.3605,3.7791,30.7381,0.0634,Act-1
4.6524,1,1.2569,7.4324,0.0,0.6693,2.0525,7.0417,3.4261,28.3848,0.0678,Act1
4.1064,1,1.2669,7.9306,42.6833,0.6703,2.0752,9.4975,3.7557,40.5815,0.1037,Act-1
4.1661,1,1.3139,7.5905,0.0,0.6805,2.0881,8.4362,3.618,34.8683,0.0904,Act-1
6.2898,1,1.3197,7.6333,0.0,0.7639,2.0054,6.6757,3.6148,54.6324,-0.0292,Act-1
3.998,0,1.1663,7.3722,0.0,0.6351,2.0305,8.6788,2.7084,37.3953,0.1058,Act-1
5.0654,1,1.3233,7.7292,0.0,0.7469,2.02,7.9596,3.6142,23.5711,0.0438,Act-1
5.8311,1,1.3233,7.6597,0.0,0.7775,1.9898,6.5145,3.6142,52.0979,-0.0381,Act1
3.1944,1,1.3913,7.5505,18.0108,0.7016,2.0315,4.3885,3.7317,30.6805,0.0772,Act1
3.9961,1,1.3904,7.4217,18.0108,0.7005,2.0605,4.436,3.7405,36.5348,-0.0753,Act1
4.4674,1,1.3515,7.4418,0.0,0.7092,2.0573,5.8419,3.6595,51.0811,0.0628,Act-1
4.2237,1,1.3592,7.4596,18.0108,0.6461,2.1217,7.7734,3.1788,22.3606,0.0689,Act-1
3.3158,1,1.354,7.6135,60.6941,0.6422,2.1217,11.2038,3.1788,22.3606,0.0369,Act-1
1.8105,1,1.3765,7.7049,36.0215,0.7524,1.9899,4.5858,3.283,47.4824,0.2606,Act1
3.5781,1,1.3125,7.4918,42.6833,0.6814,2.0667,12.2551,3.6595,61.6096,0.106,Act-1
3.3302,1,1.4379,7.6035,16.7855,0.7339,2.0797,6.4869,3.8557,14.16,-0.0665,Act-1
5.1749,1,1.3456,7.5411,0.0,0.7372,2.1048,5.4565,3.5803,13.0573,-0.0491,Act1
1.6001,1,1.3146,7.3987,3.1243,0.7257,2.0864,0.0,3.775,54.4838,0.0185,Act-1
3.8207,1,1.3146,7.4183,0.0,0.7368,2.023,3.5961,3.775,51.3595,0.1036,Act1
4.4103,1,1.5343,7.6815,59.2238,0.683,2.0745,11.6925,4.1625,32.936,-0.1073,Act-1
2.6827,1,1.2383,7.6667,85.3667,0.6523,2.1517,10.5528,3.693,38.9234,-0.0616,Act1
2.6827,1,1.2383,7.6667,85.3667,0.6523,2.1517,10.5528,3.693,38.9234,-0.0616,Act-1
2.8588,1,1.3102,8.209,0.0,0.7221,2.0104,7.5768,3.6615,25.345,-0.1814,Act-1
3.3479,1,1.2182,7.7402,42.6833,0.6246,2.0511,9.5867,3.5879,27.1666,-0.0503,Act1
-0.876,0,1.208,8.4525,249.4382,0.7548,1.9887,7.9593,3.4165,32.4322,-0.1342,Act-1
3.3619,0,1.2821,7.94,0.0,0.8983,1.9524,6.1202,3.1341,22.705,-0.2265,Act-1
-0.2181,0,1.2974,8.2308,49.6827,0.6092,1.8669,0.0,2.6678,9.7893,-0.4115,Act-1
-0.9877,0,1.2422,8.3411,325.0187,0.6236,2.1502,13.3488,4.154,42.5445,-0.0551,Act-1
-1.6509,0,1.2563,8.5152,288.9972,0.64,2.1493,8.4884,4.1543,27.7139,-0.1143,Act-1
-0.7334,0,1.2581,8.4271,246.3139,0.6433,2.1498,8.4966,4.1512,30.2484,-0.115,Act-1
3.7472,1,1.3947,7.5977,18.0108,0.6907,2.0305,10.7453,3.7443,56.5121,0.0836,Act1
-0.4753,0,1.2561,8.2595,203.6306,0.6336,2.1487,8.5317,4.1788,38.0742,-0.0859,Act-1
-0.4721,0,1.0821,8.3704,114.2519,0.5656,1.8926,0.0,2.5143,3.7982,0.0121,Act-1
0.4334,0,1.3106,8.0526,50.9079,0.6616,2.0551,5.6838,3.6593,21.7228,-0.2372,Act1
2.4399,1,1.4621,7.8386,0.0,0.7101,2.0766,6.5491,3.6748,18.1908,-0.1549,Act1
2.9798,1,1.4623,7.904,0.0,0.7353,2.0666,6.4869,3.8968,22.1202,-0.1054,Act1
1.2845,1,1.4713,8.0799,0.0,0.6901,2.0774,5.2607,4.6408,16.6698,-0.1103,Act1
3.6837,1,1.2997,7.5978,0.0,0.7052,2.0316,9.5889,3.4787,54.761,-0.0475,Act1
1.8925,1,1.3381,8.1839,82.5799,0.65,2.0319,11.49,3.6359,42.4846,0.1028,Act-1
4.1552,0,1.1527,7.5734,18.0108,0.6436,2.0792,8.8404,3.0701,37.235,0.0214,Act1
1.6626,0,1.2092,8.0353,60.6941,0.6034,2.032,6.4488,3.1119,29.3031,0.1419,Act-1
0.5459,0,1.2547,7.9487,0.0,0.6195,2.0577,4.0,3.0242,12.0059,-0.2057,Act-1
0.2074,0,1.2361,7.8125,0.0,0.6112,2.0887,4.4557,3.1953,14.7627,0.0316,Act-1
1.4772,0,1.0648,7.7273,0.0,0.7288,1.7925,1.0,2.7913,32.2195,0.0209,Act1
1.8902,0,1.0585,7.6944,0.0,0.7671,1.779,0.0,2.9474,60.3635,-0.6818,Act1
3.7125,1,1.4458,7.8954,36.0215,0.6706,2.132,11.5476,3.8721,48.9532,-0.015,Act1
2.7911,1,1.4342,7.6381,18.0108,0.6659,2.0511,7.979,4.6014,38.6587,-0.0046,Act1
0.5797,1,1.3725,7.9896,65.7944,0.6847,2.0074,3.1552,3.423,45.7442,-0.1858,Act1
3.8155,1,1.5314,7.58,0.0,0.7071,2.0221,8.0863,3.8925,48.9065,0.0374,Act1
3.9927,1,1.4013,7.4286,36.0215,0.6619,2.0504,10.3723,3.6841,25.3921,0.0182,Act1
2.3021,1,1.3399,7.6944,32.8972,0.6454,2.0837,8.4148,3.5394,25.0121,0.0474,Act1
4.074,1,1.4084,7.5309,18.0108,0.6708,2.0676,9.2926,3.7344,35.0119,-0.0245,Act1
3.1586,1,1.4084,7.5679,18.0108,0.6691,2.0663,9.9779,3.7344,35.0119,-0.0342,Act1
3.3442,1,1.4107,7.5267,18.0108,0.6793,2.0659,8.6236,3.7139,29.7685,-0.0283,Act1
3.3348,1,1.3687,7.42,16.7855,0.6777,2.0219,8.3666,3.5862,50.6876,-0.0935,Act1
2.1607,1,1.3399,7.6944,32.8972,0.6454,2.0823,7.9017,3.5394,24.5833,-0.0033,Act1
2.4038,1,1.3352,7.9133,32.8972,0.6441,2.0828,8.0773,3.5815,33.7043,0.0196,Act1
2.024,1,1.3399,7.7361,32.8972,0.643,2.0774,8.1285,3.5394,24.1545,0.0145,Act1
2.4362,1,1.3341,7.9133,32.8972,0.6441,2.0829,8.184,3.6857,33.7043,-0.0082,Act1
2.0861,1,1.3095,7.6957,32.8972,0.6641,2.0213,7.9616,3.5516,52.6355,-0.0505,Act1
3.5837,1,1.3915,7.7937,68.9187,0.6635,2.1408,12.2005,3.5057,38.1411,0.0431,Act-1
4.8485,1,1.558,7.9464,18.0108,0.6941,2.1404,7.882,3.8705,35.8852,-0.0285,Act1
-0.4056,0,1.2605,8.4529,246.3139,0.6586,2.1462,8.6729,4.1929,33.749,-0.1467,Act-1
-0.1993,0,1.2446,8.2063,239.6521,0.6248,2.1516,12.3599,4.2015,45.1068,-0.0276,Act-1
2.1288,1,1.4783,8.2412,42.6833,0.7023,2.165,8.4063,4.6594,26.5032,0.0837,Act-1
3.9898,1,1.375,7.4167,0.0,0.6603,2.0971,6.1688,3.6397,21.0125,-0.0113,Act1
-0.1083,0,1.2588,8.2753,203.6306,0.6389,2.1489,8.2889,4.1719,35.5397,-0.1855,Act-1
3.5464,1,1.504,7.4417,0.0,0.6941,2.1363,5.0526,3.9394,42.571,0.1271,Act1
4.1839,1,1.4351,7.5259,0.0,0.6669,2.1427,8.8238,3.8953,36.6841,0.0397,Act1
1.4296,0,1.229,7.6333,0.0,0.594,2.0196,0.0,2.8748,5.6973,-0.1661,Act-1
2.5348,1,1.3077,8.0764,18.0108,0.641,2.0488,7.5825,3.7462,41.3551,-0.2046,Act1
-0.2091,0,1.0558,8.6667,42.6833,0.56,1.8787,0.0,1.9189,3.0156,-1.2412,Act-1
2.6073,0,1.1715,7.6535,85.3667,0.6148,2.0831,6.3222,3.3286,17.9639,0.05,Act-1
5.0377,1,1.4034,7.4497,0.0,0.7273,2.0545,6.1075,3.6634,53.0186,0.1128,Act1
3.4023,1,1.3867,7.7467,42.6833,0.6613,2.0453,8.3499,3.7431,33.8483,-0.04,Act-1
3.7997,1,1.401,7.4206,0.0,0.6684,2.0353,6.6826,3.6647,27.2183,-0.07,Act1
4.5171,1,1.401,7.3413,0.0,0.6968,2.0347,5.8533,3.6647,52.0525,-0.0982,Act-1
3.5512,1,1.3262,7.5234,0.0,0.6769,2.057,6.4142,3.4261,14.0832,0.0739,Act1
1.9646,0,1.2629,7.4167,0.0,0.6337,2.0109,3.7798,2.2583,5.2913,-0.3066,Act-1
3.4031,1,1.2563,7.4008,0.0,0.6554,2.058,5.7085,3.2977,15.6038,-0.1536,Act1
2.0779,0,1.233,8.1354,0.0,0.6232,2.0158,4.7785,3.216,27.3237,0.0803,Act1
3.6183,1,1.3215,7.6681,42.6833,0.6733,2.0614,5.5947,3.4813,14.512,-0.0237,Act-1
4.5215,1,1.4823,7.373,0.0,0.6814,2.0291,5.5375,3.6647,20.5681,-0.0575,Act1
1.6629,1,1.3198,7.6508,34.7963,0.6376,2.0473,6.7593,3.1725,29.6179,0.0805,Act1
1.96,1,1.4173,7.4833,16.7855,0.6502,2.0515,6.1417,3.5217,17.8342,0.1616,Act-1
2.946,1,1.3129,7.8472,0.0,0.6716,2.0423,8.9161,3.9415,50.6151,0.0603,Act1
3.0417,1,1.5174,7.6989,34.7963,0.6827,2.0408,9.3035,4.5214,38.3317,0.102,Act1
4.0909,1,1.3467,7.6111,42.6833,0.703,2.0572,6.0475,3.7361,51.0811,0.0609,Act-1
3.8596,1,1.3571,7.35,0.0,0.6878,2.0624,5.5058,3.5799,47.5804,-0.1588,Act1
3.5266,1,1.5292,7.8011,0.0,0.6734,2.1071,10.9528,3.8571,34.8226,0.0079,Act1
2.7386,1,1.2844,7.4259,0.0,0.6691,2.0104,5.7777,3.437,41.2811,0.0895,Act1
2.6415,1,1.2844,7.4259,0.0,0.6691,2.0138,5.8878,3.437,43.1083,0.0936,Act-1
-0.2314,1,1.2347,7.8143,93.5913,0.6909,2.0467,11.1265,3.8384,124.4742,0.0701,Act-1
1.6222,1,1.361,7.9127,32.8972,0.6646,2.1726,6.0623,3.4434,27.8945,-0.0325,Act1
2.7707,1,1.3614,7.6061,0.0,0.6587,2.0272,6.1502,3.7156,20.3719,-0.1312,Act1
5.9818,1,1.4018,7.481,31.672,0.6807,2.0476,10.0721,3.5654,32.1921,0.0807,Act1
0.2878,1,1.2347,8.0441,93.5913,0.6867,2.0467,11.1265,3.8384,124.4742,0.0847,Act-1
2.0653,1,1.4476,7.6739,34.7963,0.6644,2.0736,9.5388,3.6834,22.3322,0.0719,Act1
2.2921,0,1.165,7.7579,42.6833,0.6197,2.0268,6.8042,3.1907,27.2131,-0.0634,Act1
2.1612,0,1.2139,7.9477,0.0,0.646,1.9642,6.2396,2.8539,27.2258,0.2033,Act-1
2.6086,1,1.3079,7.5042,0.0,0.6448,2.0576,6.6227,3.2977,12.6404,-0.0478,Act-1
3.0108,1,1.3152,7.5972,0.0,0.6712,2.0379,7.1103,3.4261,16.141,0.0252,Act1
5.9715,1,1.3813,7.4866,0.0,0.6838,2.0794,10.6583,3.5671,33.2535,0.0511,Act-1
3.5583,1,1.3783,7.4474,0.0,0.6519,2.0491,8.2153,3.4036,20.8472,0.057,Act1
1.0654,1,1.335,8.1792,34.7963,0.6742,2.0462,5.2428,3.7213,11.7689,-0.2352,Act1
3.5238,1,1.3144,8.303,16.405,0.6531,2.0819,11.2294,4.0152,28.1333,0.2051,Act-1
5.0656,1,1.5084,7.4205,0.0,0.6626,2.1376,5.7777,3.418,12.5429,-0.2008,Act1
4.893,1,1.5572,7.3939,0.0,0.6888,2.1378,5.4304,3.5088,15.7285,-0.1127,Act1
3.854,1,1.5336,8.3414,0.0,0.7081,2.0955,10.1858,3.8467,24.2469,-0.062,Act1
4.0221,1,1.4158,7.6867,0.0,0.7169,2.0132,9.3231,3.7632,62.9063,-0.1036,Act1
3.4412,1,1.4204,7.936,36.0215,0.7242,2.0269,12.1096,3.6285,36.4142,0.0325,Act1
2.8541,0,1.243,7.7971,18.0108,0.6825,2.046,8.5228,3.6047,62.0588,-0.0722,Act1
4.7368,1,1.485,7.9409,18.0108,0.7398,2.0258,11.3235,3.7631,94.5162,-0.022,Act-1
3.7075,1,1.4572,7.75,18.0108,0.6674,2.0774,10.6082,3.616,36.4839,-0.0072,Act1
2.5558,1,1.3234,7.8254,18.0108,0.6657,2.0443,12.0615,3.6584,39.6454,-0.0206,Act-1
-0.9469,0,1.1974,8.4103,274.1108,0.7261,1.9991,7.4345,3.4925,32.4322,0.0218,Act-1
2.4924,1,1.399,7.9907,59.0883,0.7005,2.0479,10.183,3.9994,46.6206,0.0182,Act1
3.6705,0,1.196,7.5673,57.2784,0.6354,2.1832,10.5656,3.4562,30.4944,-0.1016,Act1
4.3241,1,1.4064,7.4881,0.0,0.6672,2.1433,9.3133,3.4752,29.7136,-0.0668,Act1
2.1531,1,1.4584,7.8194,57.2784,0.6767,2.0585,11.8477,3.799,73.4732,-0.1569,Act1
7.1623,1,1.5792,8.055,36.0215,0.6913,2.0804,14.9244,4.1271,45.5637,-0.0449,Act1
2.6161,1,1.2404,7.625,0.0,0.6099,2.0894,16.2194,3.8697,54.013,0.0345,Act-1
1.6615,0,1.0,7.7778,0.0,0.6468,1.8941,1.0,1.247,9.9105,-0.202,Act-1
3.5174,1,1.3745,7.523,0.0,0.6522,2.0643,11.1576,3.7812,66.291,-0.0109,Act1
2.5911,1,1.3162,7.86,18.0108,0.6845,2.0208,11.0753,3.5373,59.9835,0.0435,Act-1
1.9165,1,1.3356,8.0862,32.81,0.6557,2.0439,8.9765,4.4414,25.2808,0.002,Act-1
-2.5885,0,1.0305,8.8796,188.7441,0.5687,2.0146,0.0,3.0148,4.2758,0.0562,Act-1
-0.8516,0,1.2196,7.9286,39.1458,0.6197,2.0127,6.4474,3.5919,54.5802,-0.095,Act-1
1.369,0,1.2196,7.9444,36.0215,0.6253,2.0127,7.5854,3.5919,51.4559,-0.0951,Act1
-6.7309,0,1.005,8.3611,433.4965,0.5725,2.0738,11.2402,3.2473,16.043,-0.1063,Act-1
-6.2631,0,1.0,8.2342,405.6996,0.5735,2.0824,11.1712,3.1609,5.0691,-0.066,Act-1
-6.3019,0,1.0169,8.4813,481.954,0.5782,2.0544,6.1723,3.3154,3.7982,0.0077,Act-1
-6.424,0,1.0121,8.4437,524.6373,0.5733,2.0545,6.1723,3.3146,3.7982,0.0116,Act-1
1.1701,1,1.3287,7.713,67.6935,0.6515,2.042,6.6138,3.5035,26.1532,0.1574,Act-1
-2.4828,0,1.0125,8.1775,164.0715,0.5866,2.0926,5.6676,3.2627,7.668,-0.1413,Act-1
1.14,1,1.5633,8.1437,674.2969,0.647,2.107,16.056,4.1556,145.7226,0.0994,Act-1
1.3778,1,1.2978,7.808,33.1905,0.64,2.0788,7.5906,3.7881,17.654,-0.0989,Act1
2.7709,1,1.3589,7.6374,34.7963,0.709,1.9885,5.201,3.5679,19.39,0.0845,Act1
2.3217,1,1.2732,7.529,18.0108,0.6402,2.1127,8.2594,3.2118,24.8512,0.0884,Act-1
1.9391,0,1.1562,7.9921,42.6833,0.6419,2.0211,7.217,3.3607,18.8904,0.1424,Act-1
1.6932,0,1.1736,7.7576,36.0215,0.6434,2.0099,6.7248,3.1302,24.2033,0.226,Act-1
1.8854,0,1.1494,7.7583,42.6833,0.6337,2.0153,7.4127,3.1006,20.515,0.2544,Act-1
4.028,1,1.2095,7.3333,0.0,0.6583,2.0593,7.1,3.2977,16.5093,0.2303,Act1
2.1099,1,1.4041,8.3095,0.0,0.7358,2.1033,2.7445,3.7855,7.7381,-0.1047,Act-1
2.9944,1,1.3805,8.0952,35.899,0.6945,2.1308,6.6067,3.901,40.3448,0.1588,Act1
4.1736,1,1.5269,8.2532,0.0,0.755,2.0243,8.3249,3.8715,77.7589,-0.1448,Act1
3.8352,1,1.5386,7.6932,0.0,0.8034,1.9965,8.5105,3.8227,78.0739,-0.1285,Act1
3.4684,1,1.5386,7.8623,0.0,0.7747,2.0084,8.3157,3.8227,83.6943,-0.1166,Act1
3.1403,1,1.5347,7.6597,0.0,0.7519,2.0118,8.3083,3.8231,79.8167,0.0155,Act1
2.7585,1,1.5501,7.9327,0.0,0.7676,2.0432,8.175,4.606,76.124,-0.0157,Act1
3.9414,1,1.5371,7.6341,0.0,0.8189,1.9937,8.872,3.8218,77.6284,-0.0115,Act1
3.0351,1,1.5594,7.7847,0.0,0.7908,2.0133,8.412,3.8228,77.7589,-0.0918,Act1
4.1736,1,1.523,8.2532,0.0,0.755,2.0239,8.3249,3.8462,77.7589,-0.1837,Act1
3.8352,1,1.5371,7.6932,0.0,0.8034,1.997,8.872,3.8218,78.0739,-0.0533,Act1
3.4684,1,1.5371,7.8623,0.0,0.7747,2.0084,7.651,3.8218,83.6943,-0.0717,Act1
5.1072,1,1.7035,7.5402,0.0,0.8113,2.0496,10.1711,4.5927,112.4885,-0.0658,Act1
4.1884,1,1.647,7.5769,0.0,0.7793,2.1324,8.9481,4.3567,79.7192,0.0002,Act1
2.3147,1,1.5141,7.6508,16.7855,0.7699,1.9341,7.637,3.821,74.1445,-0.1166,Act1
3.1623,1,1.5141,7.619,0.0,0.8186,1.9172,7.5433,3.821,104.0238,0.0476,Act1
2.9504,1,1.513,7.68,0.0,0.7646,1.9918,7.5098,3.9237,91.7104,-0.0111,Act1
3.6484,1,1.6153,7.64,0.0,0.7802,1.9921,9.7519,4.3587,84.2457,0.0092,Act1
2.9758,1,1.5141,7.619,0.0,0.8186,1.9242,7.5433,3.821,105.851,-0.0591,Act1
1.6609,1,1.4632,7.7083,0.0,0.7877,1.9118,5.744,3.8146,68.2021,-0.1403,Act1
-9.7891,1,1.2322,8.0066,60.6941,1.1278,2.0936,12.9056,3.8163,70.3713,-0.0663,Act-1
-0.3504,0,1.1951,8.4144,136.2746,0.7184,2.0486,12.2518,3.9205,156.4322,-0.203,Act-1
0.318,1,1.2388,8.2374,18.0108,0.7049,2.0558,14.0089,3.8109,92.1834,0.0115,Act-1
0.0626,1,1.2455,8.2043,60.6941,0.704,2.0548,14.1565,3.8109,92.1834,0.055,Act-1
4.0089,1,1.4047,7.6029,18.0108,0.6906,2.0265,13.0389,3.7796,60.2658,-0.0528,Act1
2.4728,0,1.1693,7.5762,60.6941,0.6358,2.0989,9.7563,4.1249,35.0545,-0.0629,Act-1
4.3936,1,1.5605,7.8841,18.0108,0.6658,2.1252,15.8887,4.0441,82.2933,0.111,Act1
1.7867,0,1.1365,8.1422,42.6833,0.6274,2.0673,5.8178,3.1758,22.733,-0.1524,Act1
2.8861,1,1.352,7.8433,17.8882,0.6996,2.0562,8.4695,3.8504,30.308,0.0379,Act1
0.7254,0,1.2114,8.256,16.7855,0.7051,1.9703,3.7893,3.1967,16.2626,0.0315,Act-1
-0.1111,0,1.2185,8.2821,16.7855,0.6407,1.9708,0.0,3.0664,14.0651,-0.6138,Act-1
1.8844,1,1.3875,7.8994,34.7963,0.7101,2.0236,7.4187,4.1409,30.7157,-0.0552,Act1
0.2328,0,1.2129,8.1905,0.0,0.634,1.9823,0.0,3.1772,14.0651,-0.6727,Act-1
-0.8075,0,1.195,8.3889,85.3667,0.614,1.9959,0.0,3.1981,16.1708,-0.3061,Act-1
1.4344,0,1.2262,8.0167,0.0,0.6601,2.0165,5.4226,3.2503,15.1294,-0.0424,Act-1
1.1437,0,1.237,8.0595,0.0,0.6689,2.002,5.4831,3.2468,15.1294,0.2531,Act-1
1.5704,0,1.2467,8.1667,32.8972,0.6514,2.078,7.4037,3.7062,38.1867,0.0493,Act-1
1.4166,0,1.2502,7.9667,32.8972,0.6528,2.0778,7.4734,3.6971,29.0657,0.0647,Act-1
1.6239,0,1.2252,8.2859,0.0,0.7049,2.0788,6.0069,3.6083,14.8251,-0.0561,Act-1
3.2979,1,1.3795,7.7806,0.0,0.724,2.0318,6.1937,3.567,22.1956,0.0469,Act-1
0.1663,0,1.0706,8.5083,0.0,0.6008,1.8524,2.8284,2.6769,11.4672,-0.9467,Act-1
1.1755,0,1.2561,7.7361,50.9079,0.7119,1.9784,3.0,3.0376,8.5548,0.0515,Act-1
0.2518,0,1.2819,8.0449,54.0323,0.7036,2.0618,7.3325,3.8662,32.8224,0.0351,Act-1
2.1486,0,1.1771,7.7319,78.7048,0.6688,2.0023,6.6633,3.3163,23.3975,0.1033,Act-1
2.2288,1,1.3357,8.0988,54.0323,0.7178,2.03,9.6073,3.8217,27.7534,-0.0201,Act-1
2.2405,1,1.3278,7.8261,36.0215,0.7176,2.0154,6.4731,3.973,33.5821,0.1011,Act-1
1.0924,0,1.2628,8.0882,36.0215,0.7189,1.994,5.2643,3.1606,15.7939,-0.0157,Act-1
1.6711,1,1.3328,7.7937,36.0215,0.7123,2.0176,7.1234,3.479,18.9795,-0.0253,Act-1
2.2288,1,1.3455,8.0988,54.0323,0.7178,2.03,9.7035,3.8186,27.7534,-0.0942,Act-1
2.2001,1,1.4212,7.9829,0.0,0.7578,2.0083,5.4989,3.2847,10.1168,0.1415,Act-1
0.5494,1,1.3889,8.3007,18.0108,0.7117,2.0949,7.4501,3.8054,19.2924,-0.2454,Act-1
0.9538,1,1.3492,8.3708,18.0108,0.7704,2.0161,7.5484,3.8357,50.4164,0.0388,Act-1
1.1746,1,1.3889,8.2572,60.6941,0.7025,2.0956,7.4501,3.8054,14.5256,-0.2864,Act1
1.3792,1,1.3386,8.3273,60.6941,0.7586,1.997,7.5484,3.6436,45.6496,-0.0191,Act-1
1.031,1,1.3572,8.2841,60.6941,0.7326,2.0172,7.5725,3.8068,43.9761,-0.1763,Act-1
3.2955,1,1.3212,7.8937,42.6833,0.6649,2.0525,6.6855,3.4116,27.7969,-0.0173,Act1
0.8062,0,1.2457,8.6028,49.3022,0.7308,2.0993,4.3654,4.6441,12.2084,0.0863,Act-1
1.706,0,1.2218,8.9611,49.3022,0.7047,2.0986,4.3654,4.6441,43.3777,0.047,Act1
1.5735,0,1.2243,8.1667,60.6941,0.6192,2.0938,12.5015,3.661,30.7426,-0.0212,Act-1
1.9572,0,1.2205,8.0064,42.6833,0.6559,2.0782,6.2547,3.6802,38.864,0.16,Act-1
2.4864,1,1.2736,7.7442,77.4796,0.656,2.134,11.4405,3.9652,45.2718,-0.0848,Act-1
2.3713,1,1.3162,7.7636,77.4796,0.6631,2.1223,11.4405,3.9654,45.9229,-0.102,Act-1
4.0164,1,1.3384,7.4806,0.0,0.7058,1.9948,4.624,3.7578,24.57,-0.0212,Act1
3.1747,1,1.3913,7.7173,36.0215,0.7081,2.0659,9.1436,4.1029,37.9619,-0.1053,Act1
3.073,1,1.3913,7.7659,36.0215,0.6971,2.0662,9.1436,4.1029,38.4074,-0.1125,Act1
4.0572,1,1.2846,8.4593,18.0108,0.6681,2.007,8.2683,4.0539,32.8046,-0.0421,Act1
4.1068,1,1.5386,8.0133,18.0108,0.7029,2.128,7.3321,3.871,33.5573,-0.0157,Act-1
1.7846,1,1.3688,7.7244,0.0,0.653,2.0964,6.5096,3.9676,33.2251,-0.082,Act1
3.3142,1,1.5155,7.8081,82.5799,0.7042,2.0366,8.54,4.5977,70.0383,0.0239,Act1
2.3873,1,1.3536,8.45,18.0108,0.6492,2.0485,8.3023,3.6929,30.2077,-0.1688,Act1
4.1125,1,1.4066,7.8727,0.0,0.7088,2.0472,6.6278,3.9524,38.346,-0.0819,Act-1
2.3391,1,1.5058,7.7798,60.6941,0.688,2.0844,10.7916,3.7842,26.5977,0.1535,Act1
2.6923,1,1.5457,7.8155,18.0108,0.7123,2.0825,9.9206,3.9827,26.5977,0.1055,Act1
1.7918,1,1.4561,7.9167,36.0215,0.6865,2.0811,10.4481,3.9827,33.1858,0.0909,Act1
2.7548,1,1.4079,7.6319,32.8972,0.6867,2.037,8.2359,3.9015,56.423,-0.1007,Act1
2.1414,1,1.4816,7.942,42.6833,0.6829,2.0302,7.6486,3.7651,20.7947,-0.0402,Act-1
3.234,1,1.4495,8.143,81.3192,0.711,2.0664,8.3598,3.9003,37.9611,0.0389,Act1
3.0541,1,1.3155,8.0631,0.0,0.7193,2.024,7.5929,3.6154,25.5,0.046,Act1
-0.9512,0,1.1217,8.5238,36.0215,0.6322,1.9719,0.0,3.0397,18.341,-0.2824,Act-1
3.7348,1,1.3029,7.7984,57.2784,0.6463,2.0527,11.3456,3.4115,39.1953,0.0061,Act-1
3.5005,1,1.3859,7.6706,18.0108,0.6746,2.0429,9.8402,3.6157,38.8002,0.0901,Act1
1.1092,1,1.3371,8.0313,18.0108,0.6404,2.0641,6.8683,4.5223,22.9619,-0.0839,Act1
3.7098,1,1.4359,7.9128,18.0108,0.7493,2.0256,9.5556,3.8459,29.985,-0.0232,Act1
3.6101,1,1.4359,7.9598,18.0108,0.7385,2.0267,9.5556,3.8459,30.4306,-0.1021,Act1
2.8608,1,1.406,7.8889,18.0108,0.7339,2.0142,8.9412,3.8455,58.915,-0.1832,Act1
1.9255,1,1.3382,7.8353,18.0108,0.6793,2.0158,9.3309,3.8454,35.1305,-0.1194,Act1
1.7317,1,1.4694,8.0433,0.0,0.6829,2.0911,5.6983,4.6258,19.6716,-0.0174,Act1
2.0668,1,1.4365,7.8556,32.8972,0.7267,2.0355,7.8917,3.6864,52.8626,-0.0383,Act1
3.0481,1,1.4325,7.6875,32.8972,0.7335,2.0353,6.1414,3.669,85.0822,-0.0498,Act1
3.0574,1,1.4479,8.0694,0.0,0.7311,2.0295,8.1127,3.7871,60.5853,-0.0863,Act1
2.8669,1,1.4405,8.0156,0.0,0.7366,2.0292,8.1127,3.7888,59.2269,0.0011,Act1
4.1423,1,1.4974,7.5977,18.0108,0.669,2.0553,13.0522,3.6965,29.5847,0.0418,Act1
3.5453,1,1.4991,7.748,18.0108,0.7102,2.0544,11.2838,3.8816,27.7319,-0.0589,Act1
-1.3944,0,1.2261,8.7292,50.7854,0.6648,1.9621,5.0901,3.8943,20.6429,0.032,Act-1
3.8939,1,1.4226,7.7625,34.7963,0.7069,2.0811,9.5031,4.1263,40.3008,-0.0044,Act1
4.7347,1,1.343,7.6782,0.0,0.6835,2.1233,6.7612,3.8109,39.0513,-0.0277,Act1
3.8022,1,1.3721,7.7892,18.0108,0.6828,2.0666,14.2617,3.8386,79.5782,-0.0716,Act1
1.6179,1,1.3778,7.9815,18.0108,0.6605,2.0701,8.609,4.0599,36.1666,-0.2752,Act1
1.9243,1,1.3936,8.1133,18.0108,0.6851,2.0702,8.6243,3.773,30.8132,-0.1687,Act1
4.2665,1,1.476,8.0278,18.0108,0.6739,2.1357,9.6118,4.1102,42.8141,0.057,Act-1
-0.5215,0,1.2531,8.3081,190.3069,0.6314,2.0767,10.843,3.7711,33.4356,-0.0628,Act-1
1.9531,0,1.1445,7.7222,42.6833,0.6306,2.027,7.0752,3.1009,20.515,0.1825,Act-1
3.8271,1,1.1312,7.6358,42.6833,0.6771,2.1239,6.8327,3.474,82.6016,0.0961,Act1
1.9693,1,1.3747,7.7644,16.7855,0.686,2.0937,8.1496,3.9595,45.0316,-0.002,Act-1
2.4001,1,1.4011,7.6111,16.7855,0.679,2.0391,7.2402,3.8588,26.1532,-0.0553,Act1
4.0919,1,1.5446,7.6197,18.0108,0.6923,2.0905,12.923,4.604,45.7287,0.0606,Act-1
-0.896,0,1.2264,8.2451,125.1407,0.6328,1.9628,2.796,3.1975,17.8373,0.0843,Act-1
-1.0422,0,1.2264,8.3627,93.4688,0.6356,1.9624,4.2642,3.1975,20.2141,0.1148,Act-1
1.3831,0,1.2467,7.8295,60.6941,0.625,2.0661,7.9343,3.1029,23.0173,0.011,Act-1
1.4219,1,1.1848,7.2292,248.9256,0.6152,2.1425,4.6697,4.3717,37.5787,-0.0305,Act-1
3.8205,1,1.3365,7.3016,0.0,0.6954,2.0603,5.3751,3.5799,49.6861,-0.1126,Act1
-0.026,0,1.1415,7.7619,18.0108,0.7063,1.7154,0.0,1.7321,0.2845,0.7847,Act-1
3.353,1,1.324,8.2649,0.0,0.6532,2.0671,7.6859,3.7871,40.0914,0.0964,Act1
4.5248,1,1.4732,7.3182,0.0,0.6888,2.0688,5.7777,3.6647,28.3939,0.0402,Act1
3.7602,1,1.3928,7.3182,0.0,0.6733,2.0694,6.6673,3.6647,33.0342,0.0316,Act1
4.5157,1,1.4728,7.8974,18.0108,0.6816,2.1397,7.4633,3.869,40.3032,0.0748,Act1
3.3642,1,1.4526,7.6275,18.0108,0.6664,2.0961,10.6989,4.0214,37.3006,0.1203,Act1
2.327,1,1.4115,7.7556,18.0108,0.6565,2.0835,10.8005,3.9387,37.3494,0.1227,Act1
3.6636,1,1.3916,7.6512,16.7855,0.6737,2.0678,9.4646,4.5042,25.7825,0.1381,Act-1
4.7294,1,1.2505,7.4456,0.0,0.6643,2.0594,7.7844,3.4519,24.1734,0.0806,Act1
3.9525,1,1.3506,7.3083,0.0,0.6887,2.024,5.4749,3.4532,22.6738,-0.0375,Act1
4.0026,1,1.3829,7.3,0.0,0.6887,2.0603,5.3891,3.6985,28.3939,-0.0725,Act-1
5.3084,1,1.4562,7.6136,85.3667,0.6639,2.1278,9.8705,4.1012,64.9236,0.0999,Act1
5.5253,1,1.4346,7.4762,18.0108,0.6772,2.1447,9.8001,4.0731,75.4104,0.0586,Act1
1.6066,0,1.2047,7.4762,0.0,0.6475,2.0674,3.4973,3.17,30.2542,0.1348,Act1
2.8286,1,1.3362,7.675,85.3667,0.6758,2.1571,5.4052,3.8479,23.1026,0.0132,Act1
1.0311,1,1.2048,7.9715,54.0323,0.6642,2.069,13.1228,3.6448,75.3191,-0.0194,Act-1
5.4368,1,1.3307,6.942,0.0,0.6946,2.0927,6.2741,3.5799,53.5072,-0.0386,Act1
5.0244,1,1.3308,7.2576,0.0,0.6895,2.0927,6.2741,3.5799,53.5072,-0.0585,Act1
4.1661,1,1.3139,7.5905,0.0,0.6805,2.0881,8.4362,3.618,34.8683,0.0904,Act-1
3.0653,1,1.3795,7.7739,59.4689,0.672,2.022,9.6739,3.8628,32.1283,0.1355,Act-1
4.1652,1,1.3268,7.4509,0.0,0.6903,2.0771,8.2259,3.7262,56.7348,0.1341,Act-1
4.0342,1,1.2565,7.4066,0.0,0.6721,2.0629,7.1615,3.4313,20.8291,0.0683,Act1
2.3707,0,1.3011,7.4048,0.0,0.6867,1.9997,3.7798,3.2819,41.7099,0.1854,Act-1
2.9798,0,1.1588,7.6833,42.6833,0.6278,2.0759,7.53,3.2657,36.7158,-0.0311,Act-1
1.1609,0,1.232,8.1282,42.6833,0.6415,2.1239,5.7649,3.724,44.8788,0.1087,Act-1
1.3083,1,1.3257,7.7692,18.0108,0.6602,2.0488,7.6823,3.7049,30.9648,0.1355,Act-1
3.19,1,1.3749,7.625,0.0,0.68,2.0715,8.5049,4.0747,59.4915,0.1142,Act1
3.6553,1,1.5539,7.6765,18.0108,0.685,2.1487,14.8631,4.3893,39.5154,0.0459,Act1
3.4642,1,1.5325,7.5885,16.7855,0.6777,2.074,13.2891,3.9557,39.9939,0.1829,Act1
2.8994,1,1.3389,8.0563,36.0215,0.6476,2.1024,11.8543,3.9484,54.7754,0.2053,Act1
4.0837,1,1.5258,7.6559,18.0108,0.6819,2.1406,10.557,3.9357,35.6158,0.0497,Act1
3.7477,1,1.5228,7.5104,18.0108,0.6742,2.1406,10.4792,3.9548,31.7383,0.0376,Act1
4.5076,1,1.4783,7.7967,52.6845,0.6565,2.0883,14.762,4.0301,70.2731,0.0903,Act1
4.1423,1,1.4444,7.7407,36.0215,0.6796,2.0715,13.6824,3.699,36.8554,0.1844,Act1
3.513,1,1.3917,7.6071,18.0108,0.6972,2.0645,10.2228,3.7067,58.189,0.1489,Act1
1.5845,1,1.3506,7.8409,42.6833,0.6457,2.1404,5.5761,3.3751,26.2736,0.1209,Act1
4.6834,1,1.5313,7.8281,18.0108,0.6808,2.1423,10.5098,3.8707,44.308,0.1338,Act-1
4.0849,1,1.4104,7.5771,36.0215,0.6637,2.0975,15.4128,3.9727,39.301,0.099,Act1
5.7892,1,1.3111,7.3972,0.0,0.6759,2.0752,8.8515,3.7697,59.1888,0.0767,Act1
4.4901,1,1.3113,7.9256,0.0,0.6657,2.0752,8.8515,3.7697,59.1888,0.0797,Act1
2.8601,1,1.3211,7.6194,0.0,0.6688,2.0844,8.5848,4.0574,57.554,0.083,Act1
3.5639,1,1.3244,7.2917,0.0,0.6743,2.0692,8.8515,3.5799,56.0033,-0.0231,Act1
3.3887,1,1.3383,7.3,0.0,0.6716,2.0648,5.324,3.6985,21.1651,-0.0237,Act1
2.8961,1,1.3383,7.35,0.0,0.6694,2.0621,5.3089,3.6985,20.7363,-0.0456,Act1
-0.0611,0,1.2217,8.2821,18.0108,0.6407,1.9632,0.0,3.0224,14.0651,-0.5378,Act-1
1.4598,1,1.2294,7.8468,50.9079,0.6426,2.0566,11.0907,3.5262,41.7071,0.0237,Act1
1.8731,1,1.4135,8.1111,42.6833,0.6701,2.0569,8.4991,3.9127,32.2018,-0.1069,Act1
0.0089,0,1.2852,8.4762,32.8972,0.6472,1.9657,0.0,3.225,14.0651,-0.4313,Act-1
0.318,1,1.2388,8.2374,18.0108,0.7049,2.0558,14.0089,3.8109,92.1834,0.0115,Act-1
0.0626,1,1.2455,8.2043,60.6941,0.704,2.0548,14.1565,3.8109,92.1834,0.055,Act-1
0.9446,0,1.1299,8.2847,0.0,0.7907,1.6975,2.8284,2.3032,38.5514,-0.5452,Act-1
-1.0155,0,1.1305,8.3652,172.2961,0.6432,2.0443,11.2263,3.7143,57.6681,0.0159,Act-1
3.0922,1,1.5237,7.887,18.0108,0.7109,2.0946,9.8069,3.8,29.2666,0.0007,Act1
4.1513,1,1.434,8.5918,54.0323,0.6893,2.0365,12.7734,3.9183,43.5448,-0.0183,Act-1
3.9333,1,1.6307,7.6845,34.6738,0.7273,2.0116,11.3968,3.9458,53.4418,-0.0547,Act1
3.1189,1,1.5051,7.7172,18.0108,0.6819,2.1086,12.6834,3.8265,35.4753,-0.1233,Act1
3.4227,1,1.3052,7.625,18.0108,0.7141,2.0267,8.973,3.4784,54.761,-0.0308,Act1
-1.4838,1,1.3827,8.2083,178.958,0.6332,2.0378,7.1868,3.9427,15.9767,-0.0516,Act-1
2.6297,1,1.3035,7.6049,36.0215,0.6376,2.0752,11.069,3.6495,31.2814,0.0104,Act-1
1.9977,0,1.1914,7.6625,18.0108,0.6287,1.9947,5.0901,3.3177,22.5885,-0.1995,Act1
-0.0875,0,1.1914,7.6458,21.1351,0.6228,2.0019,5.2718,3.3177,25.7128,-0.1592,Act-1
0.3068,0,1.2411,8.2037,36.0215,0.6183,2.0031,5.7487,2.8501,28.2233,0.0604,Act-1
2.4451,0,1.2378,7.4097,18.0108,0.624,2.0316,0.0,3.0681,5.7201,0.0926,Act1
1.0324,0,1.2321,8.0,103.3774,0.6159,2.0203,3.5431,2.9249,3.1856,0.0486,Act-1
1.409,0,1.2378,7.7361,60.6941,0.6219,2.0201,3.586,2.554,3.1856,-0.0216,Act-1
2.2189,0,1.0,7.1667,18.0108,0.5813,1.9468,0.0,2.1205,12.6727,0.0273,Act1
2.0398,0,1.2443,7.5128,18.0108,0.6184,2.0244,3.586,2.3582,10.9635,-0.0059,Act-1
-3.513,0,1.0,7.9505,262.7631,0.5742,2.0708,10.964,3.1893,14.3017,-0.124,Act-1
0.3088,0,1.2378,8.2949,146.0608,0.613,2.0114,2.8284,2.9924,5.2913,0.0116,Act-1
0.676,0,1.2437,8.0556,103.3774,0.6193,2.011,3.5961,2.7272,5.2913,-0.0882,Act-1
2.4661,0,1.0,7.1806,18.0108,0.5945,2.0094,0.0,2.4888,7.6036,0.0554,Act1
2.732,0,1.2139,7.7413,18.0108,0.669,2.0741,4.5032,3.2617,21.9578,-0.1376,Act1
3.6647,1,1.5374,7.7,18.0108,0.7219,2.1452,8.4262,3.9418,16.6017,-0.1855,Act1
3.4497,1,1.479,7.7619,18.0108,0.7141,2.0546,9.9805,3.8524,22.3535,-0.1652,Act1
3.4497,1,1.5146,7.7619,18.0108,0.7141,2.0565,7.8598,3.873,22.3535,-0.1543,Act1
2.9361,1,1.5141,7.7895,18.0108,0.7172,2.128,7.0511,4.0095,21.1282,-0.1743,Act1
2.9912,1,1.4851,7.8413,18.0108,0.6841,2.128,7.3155,4.0549,28.3196,-0.1829,Act1
3.1416,1,1.5141,7.7018,18.0108,0.757,2.1225,7.4743,4.0095,44.2251,-0.1486,Act1
2.5807,0,1.4358,7.9633,18.0108,0.6983,2.0105,8.3386,3.8866,32.9368,0.1157,Act1
3.0367,1,1.5225,7.7895,18.0108,0.7172,2.1291,5.695,3.9943,21.1282,-0.0711,Act1
3.0975,1,1.4987,7.5784,18.0108,0.6991,2.1287,5.0218,3.7408,18.3715,-0.1199,Act-1
3.2378,1,1.5283,7.5463,18.0108,0.704,2.1434,6.4142,3.6911,12.9873,-0.1418,Act1
3.0914,1,1.3099,7.8041,36.0215,0.735,2.0227,5.5906,3.6279,49.3901,0.023,Act1
1.9408,0,1.2305,8.0357,60.6941,0.6375,2.1019,7.339,3.7274,46.642,0.0006,Act-1
3.2108,1,1.3634,7.8889,60.6941,0.6715,2.1053,8.64,3.9372,35.3105,-0.1453,Act1
4.282,1,1.4683,8.0801,60.6941,0.673,2.047,17.6673,3.9771,91.0339,-0.0659,Act1
3.033,0,1.2183,8.0267,60.6941,0.61,2.0327,6.7939,3.508,30.1608,0.0753,Act1
3.6107,1,1.3327,7.4649,18.0108,0.6519,2.0417,3.5461,3.5317,16.2548,0.0189,Act-1
3.9599,1,1.4403,7.4444,18.0108,0.699,2.1253,3.5461,3.5815,47.6657,-0.0343,Act-1
2.1985,1,1.4376,8.0938,18.0108,0.696,2.0197,6.5096,3.9503,21.9054,-0.1297,Act1
2.7734,1,1.4227,7.8333,52.807,0.6786,2.0384,7.5595,3.7897,40.7878,-0.0924,Act1
4.207,1,1.3127,8.2538,18.0108,0.6472,2.041,3.6185,3.5536,16.2548,-0.0353,Act1
4.1986,1,1.402,7.3417,18.0108,0.6737,2.0349,0.0,3.6647,25.6372,-0.0952,Act1
0.7253,0,1.2629,7.5167,18.0108,0.6281,1.9964,1.7548,2.1145,7.397,0.0748,Act-1
4.2922,1,1.4323,7.35,18.0108,0.6737,2.0432,0.0,3.6647,19.9171,-0.0696,Act1
3.819,1,1.3729,7.425,18.0108,0.6473,2.0492,5.5317,3.4036,25.9163,0.0316,Act-1
3.6762,1,1.3554,7.3333,18.0108,0.6577,2.0379,2.752,3.6647,23.6996,-0.1217,Act1
1.1215,1,1.3498,7.8542,33.1905,0.6445,2.056,5.4749,4.4485,16.6282,0.1176,Act-1
1.6955,1,1.3152,7.7138,33.1905,0.6448,2.0707,7.7235,4.4683,23.8029,0.1207,Act1
3.6375,1,1.3063,7.8383,32.81,0.686,2.0692,8.8404,4.0185,28.7633,0.005,Act-1
2.3396,1,1.31,7.753,32.81,0.6459,2.0764,11.1354,3.8618,27.0056,-0.0008,Act-1
-0.9299,0,1.1773,8.36,50.9079,0.7098,2.0409,8.3325,3.7645,89.2919,0.0915,Act-1
-0.2834,1,1.2235,8.1979,93.5913,0.687,2.0572,10.9794,3.9349,91.1063,0.0326,Act-1
0.7316,1,1.2113,8.2451,93.5913,0.72,2.0458,12.5904,3.9233,128.7393,-0.03,Act-1
-0.0828,0,1.1528,8.3524,50.9079,0.6503,2.0531,12.1154,3.861,82.414,-0.0352,Act-1
1.3646,0,1.1563,8.1642,50.9079,0.663,2.0513,12.5004,3.9172,106.7957,0.003,Act-1
-1.0195,0,1.1669,8.3944,50.9079,0.689,2.0504,10.7459,3.9228,104.2612,0.1217,Act-1
-1.3173,0,1.1468,8.0365,93.5913,0.6638,2.0765,10.2742,3.9304,98.0588,0.1696,Act-1
-0.5813,0,1.177,8.2238,167.9466,0.6736,2.0536,10.76,3.9256,93.212,0.1006,Act-1
0.4157,1,1.2165,8.1563,93.5913,0.7436,2.0456,9.592,3.9232,150.8439,0.057,Act-1
2.0747,1,1.254,8.0549,50.9079,0.6889,2.0513,13.338,3.9426,142.1885,0.0774,Act1
-1.0195,0,1.1669,8.3944,50.9079,0.689,2.0504,10.7459,3.9228,104.2612,0.1217,Act-1
-0.5111,0,1.1643,8.4253,93.5913,0.6639,2.051,10.9534,3.8602,68.9412,-0.0015,Act-1
4.7405,0,1.2327,7.6957,85.3667,0.6206,2.0828,12.0444,3.6057,39.9554,-0.04,Act1
1.2159,0,1.2524,8.1786,75.5805,0.6432,2.0631,7.3727,3.6757,40.3343,-0.0888,Act-1
3.9506,1,1.4346,8.4312,0.0,0.7425,2.0759,7.7162,3.9794,9.3588,-0.2105,Act-1
-1.3835,1,1.2323,8.4514,60.6941,0.673,2.0936,12.9056,3.8163,70.3713,-0.0751,Act-1
-0.3504,0,1.1951,8.4144,136.2746,0.7184,2.0486,12.2518,3.9205,156.4322,-0.203,Act-1
-1.4137,0,1.1594,8.3813,93.5913,0.6814,2.0493,9.7957,3.8158,123.9267,-0.0741,Act-1
-0.5665,0,1.1736,8.2861,18.0108,0.7105,2.0487,8.8014,3.8158,123.0168,-0.0929,Act-1
-1.3925,0,1.1183,8.184,83.8051,0.6339,1.991,6.1471,3.7477,35.6122,-0.0547,Act-1
-0.5008,0,1.1442,8.1304,32.8972,0.6281,2.0054,6.1389,3.4358,41.9293,-0.1974,Act-1
1.7984,0,1.101,7.8804,128.05,0.5942,2.0649,16.4023,3.2605,32.1244,-0.071,Act-1
1.3608,0,1.0987,7.863,170.7334,0.5924,2.0645,16.5331,3.2577,24.9331,-0.0906,Act-1
1.7617,1,1.3298,8.1761,136.2746,0.6402,2.0742,17.5315,3.9629,55.1313,0.0462,Act1
1.4708,0,1.0668,8.0099,85.3667,0.5984,2.0638,17.6192,3.2781,41.9147,-0.1024,Act-1
2.6124,0,1.0185,7.9254,0.0,0.5964,2.0591,14.027,3.2774,46.0948,-0.0276,Act1
-0.2104,0,1.1693,8.5807,103.3774,0.6543,2.0874,8.9343,3.8432,89.8911,-0.0983,Act-1
-0.9178,1,1.2065,8.1239,469.5168,0.6042,2.1681,17.7759,3.9063,45.4202,-0.0341,Act-1
3.5334,0,1.3367,7.9153,164.0715,0.6269,2.0576,15.5802,4.0076,62.9907,0.0912,Act-1
3.89,1,1.4196,7.9299,231.4275,0.6246,2.1364,16.1285,4.0323,61.4788,0.0886,Act-1
-3.4616,0,1.0089,8.1071,216.9554,0.5742,2.0722,8.4698,3.0124,11.8794,-0.0307,Act-1
0.369,1,1.2067,8.0934,341.4667,0.6063,2.1681,17.138,3.9063,59.8029,-0.0744,Act-1
2.135,0,1.0268,7.7872,213.4167,0.6024,2.1565,17.7265,3.5865,42.8491,-0.0245,Act1
3.2469,0,1.2534,7.8889,42.6833,0.6287,2.0018,15.0352,3.3478,23.4828,-0.0607,Act1
4.7101,0,1.1856,7.6939,128.1724,0.6153,2.1027,14.8326,3.4437,51.977,-0.0191,Act1
4.6159,0,1.2272,7.8936,128.05,0.6084,2.0709,16.7686,3.4468,66.1876,-0.019,Act-1
4.1811,0,1.2228,7.9658,170.7334,0.6064,2.073,17.9554,3.5977,73.379,-0.0231,Act1
4.4021,0,1.1868,7.6823,128.05,0.6126,2.0963,17.899,3.5381,46.6858,-0.0148,Act1
3.2147,1,1.1551,8.0069,103.3774,0.6298,2.1653,14.4887,3.9036,55.8737,-0.0131,Act-1
2.7679,1,1.4226,8.0042,231.4275,0.6242,2.1363,14.6339,4.0323,51.3407,0.1211,Act-1
4.3251,1,1.5547,7.9751,188.7441,0.6416,2.1658,14.3418,4.5183,48.9214,0.0807,Act-1
2.9485,0,1.0,7.5,0.0,0.5994,2.1054,4.812,3.2087,10.1381,-0.1226,Act1
4.4728,1,1.5623,7.9327,49.6827,0.7694,2.119,8.2411,3.9281,61.8897,-0.0703,Act1
0.2388,0,1.17,8.7333,0.0,0.6035,1.8331,2.0,2.6855,14.3827,0.4326,Act-1
-0.3665,0,1.048,8.5278,32.8972,0.624,1.8393,0.0,1.5321,8.091,-0.0728,Act-1
2.7231,0,1.0608,7.7833,0.0,0.6358,2.1034,8.3957,3.8952,42.978,0.076,Act1
3.5436,1,1.2826,7.7196,0.0,0.7165,2.0365,5.1442,3.8371,56.4451,0.0518,Act1
2.6945,1,1.6291,8.1042,16.405,0.716,2.1222,13.2072,4.4135,31.5482,-0.0412,Act1
2.1333,0,1.1515,7.8561,0.0,0.6381,2.0224,7.217,3.379,25.1718,0.1461,Act-1
3.6511,1,1.3635,7.7355,16.7855,0.6401,2.1335,14.4339,4.1147,61.0164,-0.0693,Act1
3.4995,1,1.359,7.7829,59.4689,0.6463,2.1335,14.2849,3.9093,50.5295,-0.0087,Act1
3.2652,1,1.3083,7.7462,16.7855,0.6377,2.1341,13.1124,4.1415,61.0164,-0.046,Act-1
3.4472,1,1.3137,7.7302,16.7855,0.6419,2.1341,13.5976,4.1415,55.7729,-0.0611,Act-1
3.0586,1,1.4025,7.9928,16.7855,0.6876,2.0742,9.1411,3.8209,41.502,-0.0205,Act1
2.1772,0,1.1868,7.6765,18.0108,0.6324,2.0665,4.5032,2.9349,20.0862,-0.0192,Act1
4.5003,1,1.3711,7.8848,31.672,0.6984,2.0233,11.6355,3.6262,39.4761,0.0466,Act-1
3.8055,1,1.3723,7.8838,31.672,0.6746,2.0312,11.2655,3.5203,36.421,0.1191,Act1
2.2134,0,1.1914,7.8739,85.3667,0.6226,2.0063,11.1951,3.8148,65.0875,0.0824,Act1
2.2641,0,1.3159,8.3571,18.0108,0.6561,2.1146,7.8748,3.9242,32.2096,-0.1349,Act-1
5.9653,1,1.3463,7.8685,18.0108,0.6536,2.1172,15.5408,3.9135,45.3267,-0.1442,Act-1
2.1568,1,1.3923,7.9691,18.0108,0.6488,2.0839,7.0943,4.0105,33.7412,-0.208,Act-1
2.1783,0,1.3334,8.3067,18.0108,0.6472,2.1237,5.5309,3.9148,32.2096,-0.1569,Act1
1.8435,1,1.3446,7.9414,21.1351,0.649,2.1253,12.9483,3.9125,49.9057,-0.0629,Act-1
1.9343,0,1.3265,8.369,18.0108,0.6468,2.1239,7.3696,3.9151,41.9355,-0.1219,Act1
3.1502,0,1.3191,8.1786,18.0108,0.6368,2.124,7.7757,3.9151,36.802,-0.1146,Act1
6.3905,1,1.441,7.7974,18.0108,0.669,2.1169,15.1628,3.9123,60.0728,-0.0643,Act1
4.7954,1,1.34,7.8519,18.0108,0.659,2.1169,15.9592,3.9122,53.7017,-0.0433,Act-1
3.0694,1,1.3913,8.2963,36.0215,0.7621,2.033,13.1892,4.0164,66.0124,0.1561,Act1
2.3614,1,1.4578,7.8994,50.9079,0.6832,2.0584,11.4557,3.9139,34.792,0.0621,Act1
2.7577,1,1.4593,7.8951,18.0108,0.6842,2.0553,12.8342,3.6691,31.6064,-0.0079,Act1
7.2122,1,1.4307,7.6301,31.672,0.7018,2.0496,12.9374,3.8057,43.6489,-0.012,Act1
3.5783,1,1.4653,7.9375,18.0108,0.7261,2.0132,9.7661,3.9454,55.9879,-0.0545,Act1
-2.1866,0,1.1609,8.4194,256.1001,0.6027,2.0323,12.1829,3.1518,24.8051,-0.0488,Act-1
2.595,1,1.39,7.9444,52.6845,0.6933,2.0708,9.543,4.0432,48.7843,0.0003,Act1
1.5245,0,1.2868,8.3636,42.6833,0.6531,1.9886,3.8183,2.6437,10.3769,-0.4102,Act1
0.6251,0,1.2932,8.1833,0.0,0.6588,1.9723,2.8888,2.5391,10.3769,-0.3625,Act-1
2.1388,1,1.3579,7.8431,0.0,0.6609,2.0361,6.2202,3.4841,13.1337,-0.1161,Act-1
-0.8574,0,1.0331,7.8788,0.0,0.5651,2.0504,2.0,2.8024,14.3661,0.0327,Act-1
1.7815,0,1.2054,7.8889,60.6941,0.6078,2.0197,6.8982,2.8642,27.3875,0.1839,Act-1
2.4899,0,1.2239,7.9714,75.5805,0.6538,2.0171,14.1516,3.6096,133.6345,-0.0367,Act-1
1.4647,1,1.4486,8.2068,18.0108,0.6879,2.0798,8.0788,4.1293,25.9668,0.0156,Act1
2.3785,1,1.4481,8.1736,18.0108,0.6812,2.0786,8.5177,3.6705,33.5371,0.0139,Act1
1.8946,1,1.4481,8.0532,18.0108,0.7041,2.0758,9.4159,3.6705,27.4878,0.0278,Act1
2.4327,1,1.4493,8.1022,18.0108,0.7273,2.0657,9.0263,3.8947,31.4173,0.0438,Act1
0.554,1,1.4486,8.2438,18.0108,0.6863,2.0713,7.6006,4.1293,25.9668,0.0452,Act-1
0.9789,1,1.4481,8.0949,18.0108,0.7027,2.0664,9.7706,3.6705,27.4878,0.0584,Act1
2.5695,1,1.5164,8.0376,65.7944,0.6692,2.0521,12.198,4.1161,37.9603,-0.1861,Act1
1.2927,1,1.4555,8.3772,17.8882,0.6595,2.1987,7.7719,3.3288,13.8075,-0.1489,Act-1
6.4736,1,1.4648,7.859,69.5926,0.6548,2.0685,16.1489,4.4324,74.2471,-0.0486,Act-1
5.9809,1,1.2558,7.8218,72.043,0.6327,2.0722,16.5289,3.7407,69.5892,-0.082,Act-1
4.3805,1,1.4447,7.7963,69.5926,0.6419,2.068,16.2052,3.9819,60.1955,-0.1165,Act1
6.0546,1,1.4701,7.7385,69.5926,0.6562,2.106,17.2243,4.0954,72.9128,-0.0807,Act-1
3.3983,1,1.4561,7.8016,34.7963,0.7171,1.9994,8.7256,3.4951,48.2709,-0.0468,Act1
2.417,1,1.4489,7.9874,34.7963,0.7096,2.0223,8.5151,3.7939,16.0513,0.0081,Act1
2.6541,1,1.4489,8.0076,34.7963,0.6911,2.0564,9.9759,3.7939,24.4545,-0.029,Act-1
0.9203,0,1.2399,8.2917,18.0108,0.6457,2.0267,3.7798,3.2121,11.6385,-0.0452,Act-1
3.3511,1,1.3147,7.878,42.6833,0.6689,2.0714,6.0351,3.8086,17.1803,-0.151,Act1
5.5759,1,1.4012,7.5762,31.672,0.6836,2.0508,10.0957,3.5677,27.5519,0.1008,Act1
5.812,1,1.3965,7.5602,31.672,0.6792,2.0475,10.771,3.5662,30.0864,0.0674,Act1
5.0673,1,1.518,7.7564,69.5926,0.6571,2.1779,16.2074,4.2108,79.8465,-0.0083,Act-1
5.8086,0,1.0,7.1399,0.0,0.6292,2.137,8.7015,3.5536,62.6339,-0.0091,Act-1
1.6445,0,1.351,8.0551,103.3774,0.6306,2.0798,14.6339,3.9544,67.5997,0.1534,Act-1
2.5649,0,1.3323,7.7564,32.8972,0.6703,2.0245,6.3533,3.7833,72.4454,-0.1411,Act1
2.6251,1,1.4143,8.3383,128.05,0.764,2.0186,8.5156,3.9796,21.5933,-0.0544,Act-1
2.5897,1,1.4425,7.9333,60.6941,0.6951,2.0126,7.9859,3.8753,22.2616,-0.0876,Act1
4.8744,1,1.406,7.7157,18.0108,0.6936,2.035,11.4104,3.9723,77.2399,-0.1522,Act1
5.6576,1,1.6374,7.904,18.0108,0.7146,2.1405,11.9003,4.1264,45.1719,-0.1491,Act1
2.788,1,1.4792,8.2678,31.2914,0.7208,2.0626,6.4017,4.3159,27.686,-0.0509,Act1
2.9202,1,1.5413,7.9423,59.3464,0.6936,2.0635,8.2942,3.9079,33.2941,-0.0145,Act1
2.344,1,1.5474,7.8621,50.9079,0.6801,2.108,9.3695,3.9626,30.2617,-0.0688,Act1
2.2423,1,1.3052,7.7569,32.8972,0.664,2.0213,7.6741,3.7036,60.7944,-0.1415,Act1
2.288,1,1.3052,7.7569,32.8972,0.664,2.0244,7.6899,3.7036,62.1927,-0.1772,Act1
2.882,1,1.5374,7.6603,18.0108,0.6862,2.0952,8.3302,3.9707,23.2292,-0.0745,Act1
4.1433,1,1.4424,7.5811,31.672,0.6677,2.1709,11.2159,4.0115,55.183,0.0783,Act1
1.8781,1,1.3076,7.873,50.9079,0.6832,2.0375,5.3749,3.8826,56.3764,-0.0788,Act1
1.239,0,1.2516,7.9365,50.9079,0.6673,2.0295,6.8162,3.5498,25.6298,-0.2425,Act1
3.2768,1,1.4123,8.0171,36.0215,0.7077,2.0336,9.7107,3.7418,32.3012,0.102,Act1
3.4129,1,1.379,7.7123,50.9079,0.7134,2.1346,9.0256,3.9162,69.2822,0.081,Act1
3.3979,1,1.4022,7.6131,78.7048,0.6643,2.0457,11.5698,3.8892,27.8788,-0.0802,Act1
2.4877,1,1.4052,8.0288,77.0991,0.7084,2.0515,10.1736,3.8894,46.6206,0.0381,Act1
1.7191,1,1.4032,7.8551,51.4593,0.6655,2.008,8.5161,3.9085,26.2185,-0.1644,Act1
2.8729,1,1.4239,8.0655,34.4157,0.731,2.0613,10.3277,3.7163,23.253,-0.0441,Act-1
4.0947,1,1.5621,7.8205,18.0108,0.7069,2.1386,7.89,3.8886,29.6797,-0.155,Act1
2.4791,1,1.3436,7.9924,35.899,0.6664,2.0719,11.3482,4.0883,44.9722,-0.0432,Act1
2.2574,1,1.4082,7.9328,18.0108,0.6769,2.0747,11.1452,3.9767,33.5941,-0.0134,Act-1
5.0787,1,1.2803,7.3431,18.0108,0.6219,2.1444,10.6331,3.5776,55.7336,0.084,Act1
3.9725,1,1.3096,7.4,18.0108,0.6209,2.1289,10.337,3.5761,49.8069,-0.0416,Act-1
2.7044,0,1.2234,7.441,32.8972,0.6287,2.0524,8.2359,3.6198,44.8738,-0.0221,Act1
2.6913,1,1.3094,8.0255,42.6833,0.666,2.112,10.7855,4.1606,41.7162,-0.06,Act1
2.5608,1,1.2976,7.9551,85.3667,0.6596,2.1074,6.4329,3.891,34.3618,-0.0283,Act1
4.6238,1,1.5971,7.8833,16.7855,0.7074,2.0312,9.3353,3.9471,40.3732,0.0229,Act1
2.5897,1,1.4437,7.9333,60.6941,0.6951,2.0129,7.9859,3.8766,22.2616,-0.0344,Act1
4.4561,1,1.5631,7.6709,18.0108,0.7294,2.1379,8.2016,3.8902,24.0593,-0.1594,Act1
4.0947,1,1.5631,7.8205,18.0108,0.7069,2.1386,7.7888,3.8902,29.6797,-0.121,Act1
3.0656,1,1.5627,7.8917,34.4157,0.7014,2.1395,10.3749,4.4486,23.3154,-0.0869,Act1
2.3864,1,1.3706,7.6985,0.0,0.6522,2.1011,9.8815,3.9402,42.5843,0.008,Act1
2.7738,1,1.3038,7.6111,42.6833,0.6669,2.1373,7.2579,4.1013,44.4033,-0.0223,Act1
4.2466,1,1.568,8.0185,18.0108,0.7054,2.1389,8.104,3.9185,38.8007,-0.0946,Act1
4.5099,1,1.5602,8.023,18.0108,0.6919,2.1391,8.2337,4.0726,43.6153,-0.2539,Act1
2.8422,1,1.4922,8.0333,42.6833,0.6978,2.1279,7.0237,4.0495,24.5248,-0.1524,Act-1
3.0384,1,1.4851,7.8889,0.0,0.688,2.1279,7.0237,4.0549,30.8062,-0.1295,Act1
15.0778,0,1.6792,7.4709,0.0,0.6214,2.0244,6.7726,3.2334,107.1368,0.0098,Act1
2.9318,0,1.1385,7.9167,42.6833,0.6054,2.0265,11.424,3.2059,49.9357,-0.1841,Act-1
2.4877,1,1.4087,8.0288,77.0991,0.7084,2.0515,10.3387,3.8907,46.6206,0.1374,Act1
2.4877,1,1.4109,8.0288,77.0991,0.7084,2.0517,10.8035,3.8926,46.6206,0.1375,Act1
3.4126,1,1.4119,7.6481,34.6738,0.6558,2.053,8.5614,3.9856,36.3306,0.1521,Act1
3.2566,1,1.5076,7.6765,0.0,0.6781,2.1481,11.5693,3.9969,39.3584,-0.0421,Act1
3.3832,1,1.4752,7.6839,0.0,0.6853,2.0375,8.5371,4.1222,66.2418,0.0896,Act1
3.6542,1,1.4081,7.523,36.0215,0.6601,2.0466,11.3746,3.9084,33.1222,0.0001,Act1
2.2382,0,1.2302,7.9282,0.0,0.6637,2.0138,7.7155,3.8355,40.7253,-0.0212,Act1
3.9736,1,1.47,7.5139,18.0108,0.6767,2.1278,6.6044,3.9088,34.2634,-0.1132,Act1
3.4717,1,1.3767,7.6528,0.0,0.6469,2.1059,13.1258,3.945,55.9095,-0.1376,Act1
2.481,1,1.2872,8.0221,18.0108,0.6555,2.0342,12.3366,3.9334,50.7169,0.0376,Act1
4.234,1,1.4334,7.6975,59.4689,0.7136,2.0065,7.4501,4.0654,57.3355,-0.0002,Act1
4.1092,1,1.4891,8.237,18.0108,0.6505,2.0399,10.4886,4.1146,35.3058,-0.1889,Act1
3.784,1,1.3968,7.7452,34.7963,0.6743,2.0421,9.9553,4.1415,45.3841,-0.0946,Act1
3.2731,1,1.4,7.6905,34.7963,0.6578,2.0424,10.0261,4.1414,41.8835,-0.1376,Act1
2.1115,1,1.301,7.7821,32.8972,0.655,2.025,7.559,3.7875,67.4362,-0.2035,Act1
1.3541,1,1.3538,7.8651,65.7944,0.6337,2.0494,4.3813,3.8751,28.863,-0.2778,Act1
2.3341,1,1.431,8.0,60.6941,0.6629,2.0121,10.7015,4.087,34.5828,-0.2315,Act1
4.9603,1,1.5546,8.023,18.0108,0.6919,2.1389,7.9127,3.9151,43.1865,0.0133,Act1
3.1433,1,1.5472,7.987,34.4157,0.7293,2.0528,13.2222,3.9771,55.1619,0.0558,Act1
2.1509,1,1.3114,7.9167,128.05,0.6373,2.0203,8.8178,3.9073,30.3561,-0.105,Act-1
2.4638,1,1.4484,7.628,36.0215,0.69,2.0849,6.1826,3.7525,22.5122,-0.0135,Act-1
3.666,1,1.2841,8.251,18.0108,0.6865,2.0502,9.1215,3.6857,25.2928,-0.0489,Act1
3.8056,1,1.2881,7.6956,18.0108,0.7193,2.0475,10.9911,3.6857,26.0366,0.0499,Act1
4.4576,1,1.2794,8.6344,18.0108,0.6605,2.0742,9.9549,3.6857,25.4066,0.1408,Act1
3.6189,1,1.2867,8.1759,18.0108,0.6694,2.0655,9.9549,3.6857,22.221,0.0247,Act1
3.6189,1,1.2984,8.1759,18.0108,0.6694,2.0676,9.9549,3.6857,22.221,-0.0613,Act-1
1.9852,0,1.2373,8.0637,0.0,0.6692,2.011,6.0997,3.8676,40.4614,-0.1559,Act-1
1.1411,1,1.4011,7.8611,34.7963,0.6887,1.9746,5.8652,3.5565,21.8327,0.2528,Act1
3.9557,1,1.2373,7.6398,18.0108,0.6476,2.0697,13.192,3.4571,40.4425,-0.0623,Act1
2.908,1,1.2995,7.8167,18.0108,0.6566,2.0554,9.8286,3.7837,37.018,-0.052,Act1
3.1779,1,1.4805,7.619,16.663,0.6824,2.0277,7.2367,3.6494,22.8003,0.0154,Act1
3.2107,1,1.4409,7.9533,42.6833,0.6755,2.023,7.6987,3.6572,31.6936,0.0395,Act-1
1.7729,1,1.342,7.9286,68.9187,0.6653,2.0856,11.3562,3.6239,38.4608,-0.1485,Act1
2.3775,1,1.3087,7.7273,32.8972,0.6748,2.0239,7.6162,3.4985,56.9493,-0.1147,Act1
4.7914,1,1.4771,7.8981,60.6941,0.7156,2.0869,13.2102,3.8127,75.5186,0.1192,Act1
2.9948,1,1.4712,7.6232,0.0,0.7271,2.0281,7.4201,3.7799,50.5116,0.0351,Act1
3.4864,1,1.3768,7.7133,18.0108,0.6853,2.0961,8.184,3.6783,26.6305,0.074,Act1
4.1374,1,1.2722,8.3194,18.0108,0.6728,2.0212,9.4138,3.84,62.1654,0.0483,Act-1
2.1314,0,1.3245,7.7632,49.6827,0.6536,2.0905,13.0943,3.6352,55.9756,0.0693,Act1
5.4739,1,1.3976,7.6036,31.672,0.6759,2.0522,10.0961,3.6447,32.7953,0.106,Act1
5.6978,1,1.4027,7.6111,74.3553,0.6792,2.0523,11.277,3.6447,37.8644,0.0603,Act1
5.0942,1,1.4141,7.6471,74.3553,0.6885,2.0521,10.0872,3.6447,32.7953,0.0489,Act1
5.4404,1,1.3769,7.5405,31.672,0.6829,2.0532,10.4807,3.645,44.0858,0.0728,Act1
2.8495,1,1.2847,7.8131,36.0215,0.6467,2.0851,12.6291,3.6461,51.9087,0.1219,Act1
3.8424,1,1.3294,7.5833,0.0,0.6926,2.0565,8.0662,3.6312,62.6216,-0.0615,Act1
3.2394,1,1.2516,7.5133,0.0,0.6723,2.0541,10.2895,3.6397,68.4458,-0.0078,Act1
2.2021,1,1.4782,7.7955,18.0108,0.689,2.114,8.5324,3.6371,22.2844,0.1214,Act1
1.9576,0,1.2613,7.8333,18.0108,0.6496,2.0634,9.9167,3.6356,38.1302,0.135,Act1
2.908,1,1.3016,7.8167,18.0108,0.6566,2.0555,10.7636,3.7863,37.018,-0.0298,Act1
3.2386,1,1.3051,7.9828,18.0108,0.6635,2.0548,10.3829,3.7871,40.8956,-0.0786,Act1
2.2444,0,1.206,7.78,18.0108,0.6434,2.028,8.9958,3.4291,33.6581,-0.0886,Act1
3.2988,1,1.2945,7.95,18.0108,0.6592,2.0513,10.7971,3.6337,43.4302,0.0605,Act1
3.2988,1,1.2945,7.95,18.0108,0.6592,2.0513,10.7971,3.6337,43.4302,0.0605,Act1
2.2939,1,1.2942,7.8046,18.0108,0.6586,2.0474,11.4016,3.4931,33.8803,0.0593,Act1
3.073,1,1.2942,7.8046,36.0215,0.6586,2.0454,10.9544,3.4931,30.917,-0.0011,Act1
3.8889,0,1.187,7.5123,18.0108,0.6286,2.0739,10.9157,3.4194,38.6628,0.0482,Act1
2.1994,0,1.206,7.78,18.0108,0.6434,2.0281,8.5033,3.4211,33.6581,-0.1276,Act1
3.2538,1,1.2945,7.95,18.0108,0.6592,2.051,10.5661,3.6335,43.4302,0.0299,Act1
3.368,1,1.4253,7.62,0.0,0.6691,2.0819,7.242,3.7242,31.9937,-0.0077,Act1
5.3485,1,1.4268,8.2328,18.0108,0.7018,2.0301,9.4836,3.8266,31.8183,-0.0839,Act1
3.319,1,1.4536,7.7273,18.0108,0.6743,1.9986,7.2407,3.6523,23.3483,0.1508,Act1
5.0794,1,1.5154,7.7625,36.0215,0.7207,2.142,10.17,3.6734,29.6216,-0.0239,Act1
3.7094,1,1.2774,7.7949,18.0108,0.647,2.0662,10.5697,3.6399,39.361,0.0134,Act1
1.4994,1,1.2676,7.9684,0.0,0.6667,2.079,11.3192,3.8212,35.0009,-0.0652,Act1
3.1433,1,1.545,7.987,34.4157,0.7293,2.0527,13.4085,3.977,55.1619,0.0747,Act1
2.7491,1,1.4751,8.0545,77.0991,0.6933,2.0623,9.0674,3.8196,14.6356,0.1226,Act1
2.5824,1,1.4405,7.7284,18.0108,0.6697,2.1378,10.8372,3.8069,36.3316,0.0069,Act1
0.7305,1,1.2972,8.1233,18.0108,0.6868,1.9992,10.5106,3.8127,58.3083,-0.0166,Act1
2.3775,1,1.3114,7.7273,32.8972,0.6748,2.024,8.2101,3.5075,56.9493,-0.1061,Act1
3.002,1,1.4296,7.7153,18.0108,0.677,2.0299,7.8704,3.9085,37.7765,0.0329,Act1
4.3016,1,1.3713,7.4349,0.0,0.6829,2.1046,13.3632,3.7258,39.3567,0.0263,Act-1
3.5127,1,1.3507,7.7885,36.0215,0.6789,2.1131,9.6272,3.7081,43.0466,-0.0737,Act1
3.1431,1,1.4357,7.9856,77.0991,0.6774,2.0652,11.7535,3.9962,22.8424,0.0056,Act1
2.4877,1,1.4177,8.0288,77.0991,0.7084,2.0519,9.6086,4.0035,46.6206,0.0427,Act-1
2.2868,1,1.411,7.9519,67.3129,0.7048,2.0557,10.364,3.9962,49.3774,0.0594,Act1
1.9964,1,1.4013,8.2006,77.0991,0.7179,2.0334,10.3171,4.0821,49.2196,-0.0307,Act1
4.2972,1,1.4284,7.5784,42.6833,0.6785,2.1072,11.5437,3.9981,34.4566,-0.0631,Act1
2.8012,1,1.415,7.88,78.7048,0.699,2.0419,10.9014,3.7826,52.9601,0.0692,Act1
3.5067,1,1.4128,7.8157,95.1098,0.6674,2.0859,13.4196,3.9962,30.065,0.004,Act-1
2.6449,1,1.4128,7.8359,95.1098,0.666,2.0795,12.1398,3.9962,28.7785,-0.0051,Act1
2.7301,1,1.4381,8.0154,77.0991,0.6864,2.062,12.0756,3.9962,17.1701,-0.0271,Act1
3.3452,1,1.5607,7.9274,77.0991,0.6988,2.1344,12.202,4.4071,22.7449,0.0051,Act1
4.2538,1,1.5607,7.8952,77.0991,0.6998,2.1395,12.6033,4.4071,22.7449,-0.0158,Act1
3.014,1,1.411,7.9904,77.0991,0.7095,2.0519,10.3324,3.9962,47.0495,-0.0014,Act1
2.1934,1,1.4128,7.8662,95.1098,0.6645,2.0747,12.5048,3.9962,28.3497,-0.0098,Act1
2.2797,1,1.4381,8.0154,77.0991,0.6864,2.0626,11.1408,3.9962,17.5989,-0.026,Act-1
2.1214,1,1.4381,8.0525,77.0991,0.6849,2.06,11.9487,3.9962,16.7413,-0.0024,Act1
3.3481,1,1.5268,7.9917,77.0991,0.6945,2.0533,12.4565,4.3883,26.4137,0.0436,Act1
2.7515,1,1.4108,7.9167,34.4157,0.7005,2.0531,10.5347,4.0187,51.8641,-0.0737,Act1
4.0692,1,1.2867,8.1759,18.0108,0.6694,2.0654,10.9796,3.6857,21.7922,-0.0257,Act1
4.158,1,1.4822,8.5909,36.0215,0.6919,2.0616,11.8697,3.9933,28.0881,-0.1787,Act-1
3.2546,1,1.4555,7.8678,36.0215,0.7389,2.0562,12.5245,3.9487,91.8639,-0.0064,Act1
4.0752,1,1.4124,7.6911,34.7963,0.6962,2.039,8.5038,3.9376,34.8973,-0.0723,Act1
2.0474,1,1.4544,7.9667,18.0108,0.6706,2.0791,9.4304,3.8323,29.6595,0.0025,Act1
2.3775,1,1.3196,7.7273,32.8972,0.6748,2.024,8.825,3.5315,56.9493,-0.1154,Act1
5.2421,1,1.6495,7.5469,18.0108,0.7098,2.139,12.3789,3.916,29.4644,-0.0407,Act-1
3.9638,1,1.331,7.3939,18.0108,0.6487,2.0723,8.0382,3.6869,27.8632,-0.0251,Act1
2.928,1,1.418,7.9033,34.4157,0.7144,2.0519,10.5271,3.8023,46.6206,0.0529,Act1
3.368,1,1.4353,7.62,0.0,0.6691,2.0823,8.8053,3.8421,31.9937,-0.0764,Act1
3.9013,1,1.4034,7.649,0.0,0.6656,2.1523,12.2638,4.2991,36.8338,-0.1329,Act1
3.9715,1,1.4059,7.5323,18.0108,0.6546,2.131,15.7466,3.8618,38.7396,-0.0524,Act1
3.7967,1,1.2877,7.7656,0.0,0.6611,2.0744,11.2676,3.8332,39.9736,-0.0319,Act1
3.5268,1,1.4123,7.8556,18.0108,0.6678,2.0721,11.7092,3.787,37.6612,-0.1451,Act1
3.8869,1,1.4173,7.7259,18.0108,0.6855,2.0699,12.0423,3.8532,32.0408,-0.1162,Act1
1.1335,1,1.5251,8.2125,248.213,0.6386,2.0449,13.7763,3.7998,40.3804,-0.1281,Act1
3.1433,1,1.5539,7.987,34.4157,0.7293,2.0533,12.4996,3.9782,55.1619,-0.1363,Act1
4.911,1,1.4024,7.6667,60.6941,0.6563,2.0661,9.2064,3.6633,40.0679,0.105,Act1
2.3548,1,1.3859,7.8542,36.0215,0.6688,2.047,10.5054,4.0571,44.5886,-0.1165,Act1
2.9089,1,1.4826,7.8462,18.0108,0.6928,2.0593,9.1058,3.9492,34.8529,0.2034,Act1
3.2409,1,1.4835,8.04,18.0108,0.7061,2.0593,7.9885,3.9365,38.7305,0.174,Act1
3.0871,1,1.4867,7.8264,18.0108,0.7078,2.0593,8.6234,3.922,29.6095,0.145,Act1
2.9564,1,1.4568,7.8333,18.0108,0.7375,2.0589,7.3016,3.9288,59.06,0.1268,Act1
2.635,1,1.3864,7.8142,52.6845,0.6918,2.0708,8.8017,4.0431,43.6508,0.0889,Act1
4.037,1,1.3262,7.6467,0.0,0.6644,2.0894,6.3142,3.6604,48.3287,0.0376,Act1
3.9605,1,1.5112,7.9617,36.0215,0.682,2.1227,14.6247,3.9343,54.8037,0.0595,Act1
1.7373,0,1.2241,7.7889,18.0108,0.6355,2.0649,12.9264,3.5833,41.4361,-0.0575,Act1
4.4979,1,1.599,8.1902,77.0991,0.6917,2.1558,12.8212,4.3709,65.2463,-0.1386,Act1
3.0751,1,1.6252,7.5897,16.663,0.7144,2.13,8.4104,4.4339,24.4181,-0.0139,Act-1
1.8049,1,1.4087,7.7778,16.663,0.6858,2.0441,10.4792,3.6416,28.3721,0.0124,Act1
5.2091,1,1.561,8.0635,18.0108,0.7263,2.1368,7.882,4.0546,41.8725,-0.2779,Act1
2.8155,0,1.2751,8.1957,85.3667,0.6358,2.0315,8.5574,3.358,41.4685,-0.0356,Act1
3.6109,1,1.4771,7.9952,34.4157,0.6786,2.153,11.5352,4.2205,34.44,-0.1063,Act-1
1.5897,1,1.2435,7.6012,102.1522,0.6291,2.1332,8.8559,3.4193,27.7179,-0.0543,Act-1
-0.6656,0,1.2161,7.9943,18.0108,0.6443,2.0761,8.7255,3.7294,54.5525,0.0428,Act-1
1.6378,0,1.2337,8.0741,60.6941,0.6405,2.0989,6.3104,3.7273,43.6786,-0.0393,Act1
-1.1252,0,1.1835,8.529,213.4167,0.62,2.0911,5.3221,3.3958,18.8059,-0.103,Act-1
0.0137,0,1.1042,8.033,213.4167,0.5927,2.0562,15.4947,3.205,24.4564,-0.0884,Act-1
0.8977,1,1.3218,7.7429,50.9079,0.6425,2.0566,10.0681,3.7644,57.2857,0.0469,Act1
1.5177,0,1.1998,7.5521,0.0,0.6355,2.0699,3.4944,3.17,35.4976,-0.1396,Act1
2.0811,1,1.4034,7.9688,0.0,0.7026,2.0521,5.2491,3.5508,28.2729,-0.3442,Act-1
9.024,0,1.1626,7.4489,42.6833,0.6265,2.1043,17.8924,3.9093,46.6858,-0.0073,Act-1
1.3223,0,1.2375,7.7667,0.0,0.6221,2.0438,10.1128,3.2538,48.1342,-0.1499,Act1
0.7936,1,1.2195,7.9603,128.05,0.6364,2.1059,10.0246,4.0602,53.5568,0.0326,Act1
0.4785,1,1.2273,8.1226,159.6304,0.6443,2.1056,10.5702,4.0972,58.8002,0.0512,Act1
1.9297,1,1.2549,7.9094,128.05,0.6633,2.1057,11.986,4.0602,86.1929,-0.046,Act1
2.2987,1,1.3125,7.7738,18.0108,0.6283,2.0355,9.5956,3.6381,40.8533,-0.0295,Act1
4.9611,1,1.4755,7.8923,34.4157,0.6731,2.0648,14.7676,4.6189,51.1501,-0.1043,Act1
2.5524,1,1.2386,7.8062,0.0,0.6155,2.0112,14.9569,4.1411,81.637,-0.0472,Act1
5.0258,0,1.4962,7.8264,42.6833,0.6452,2.0553,10.8014,3.3325,25.2668,-0.1889,Act1
1.8747,1,1.3625,7.8083,65.7944,0.6385,2.0578,4.9155,3.8619,26.8051,-0.0509,Act-1
1.8425,1,1.3501,7.7549,0.0,0.6367,2.0057,4.7066,3.6646,17.0418,-0.2158,Act1
2.1846,1,1.3166,7.8267,103.3774,0.6386,2.0981,7.2243,4.0736,32.4618,-0.1699,Act-1
1.5748,1,1.3888,8.1905,213.4167,0.6653,2.0945,11.6484,3.9753,35.6639,-0.1378,Act-1
1.517,1,1.3795,8.3986,170.7334,0.6786,2.0634,7.2431,3.9729,27.2349,-0.2136,Act-1
1.3541,1,1.3538,7.8651,65.7944,0.6337,2.0494,4.3813,3.8751,28.863,-0.2778,Act-1
3.5184,0,1.2288,7.7955,60.6941,0.6177,2.0158,13.2765,2.9089,25.3775,-0.0354,Act1
2.7065,1,1.253,7.9201,50.9079,0.6441,2.0604,12.4759,3.6142,49.734,0.1192,Act-1
1.4332,1,1.4056,7.7333,32.8972,0.6629,2.0948,4.5045,3.3246,10.3281,-0.2984,Act-1
3.5304,1,1.602,7.8482,34.4157,0.7047,2.1965,10.3454,3.9462,22.9479,-0.0959,Act1
0.3737,1,1.3769,7.5263,18.0108,0.6269,2.1297,5.2987,3.0624,19.892,-0.0205,Act-1
2.1756,1,1.3769,7.5789,50.9079,0.6331,2.1293,5.2987,3.0624,19.892,-0.0327,Act-1
3.8163,1,1.4281,7.7191,18.0108,0.677,2.1339,12.7404,4.0468,53.8031,0.1336,Act1
2.497,1,1.4622,7.7654,83.8051,0.6449,2.1407,6.5685,4.1038,35.908,-0.2922,Act-1
1.2334,1,1.3529,8.2149,49.3022,0.68,2.046,6.5581,3.6545,11.45,0.1457,Act-1
2.3249,1,1.2902,7.9462,78.7048,0.6367,2.0058,11.314,3.8568,61.8283,0.0458,Act1
1.6075,0,1.2506,7.7917,0.0,0.6222,1.9878,1.8899,2.6043,15.7303,0.1616,Act1
3.3847,1,1.3827,7.4345,16.7855,0.646,2.0679,10.1385,3.5838,36.9661,0.0074,Act1
0.9255,1,1.3035,7.7321,49.6827,0.6267,2.1781,10.4792,3.5701,42.2199,-0.1792,Act-1
3.0646,1,1.3142,7.725,42.6833,0.6352,2.1106,6.2646,4.1097,55.9222,-0.0497,Act-1
1.8905,0,1.3308,7.8966,18.0108,0.6457,2.0251,6.7036,3.7877,48.6232,-0.1854,Act-1
4.0289,1,1.3542,8.2079,85.3667,0.6706,2.1038,9.6895,3.982,41.942,-0.0468,Act-1
1.8454,0,1.1701,7.5144,0.0,0.6539,2.0852,6.6688,3.6811,40.7268,0.0107,Act1
3.2433,1,1.4554,7.6577,0.0,0.6238,2.1671,13.127,4.1407,128.8833,-0.0781,Act-1
2.9548,0,1.1817,7.5797,0.0,0.6253,2.1287,8.1339,3.315,33.8065,-0.0223,Act1
3.3947,0,1.1632,7.6111,32.8972,0.6108,2.1334,9.6519,3.2819,35.8643,-0.0645,Act1
2.1829,1,1.268,7.6954,0.0,0.6463,2.1209,11.5913,3.5316,41.6323,0.0167,Act-1
1.9284,1,1.2738,7.5298,3.1243,0.645,2.1229,12.3562,3.4565,44.7566,0.0168,Act-1
2.9548,0,1.1817,7.5797,0.0,0.6253,2.1287,8.1339,3.315,33.8065,-0.0223,Act1
3.0553,1,1.2792,7.598,0.0,0.6318,2.123,11.4979,4.08,56.9816,-0.0815,Act1
3.736,1,1.4524,7.6,85.3667,0.658,2.1638,10.5614,4.1268,64.9236,0.122,Act1
1.4249,1,1.3228,7.7857,50.9079,0.6222,2.1278,9.9896,3.5659,40.543,-0.1919,Act-1
1.7111,1,1.3783,7.8155,32.8972,0.6518,2.135,10.1612,3.7403,38.0073,-0.1999,Act-1
2.7288,1,1.4632,7.9704,68.9187,0.6896,2.1279,10.0748,3.9024,43.9399,-0.0237,Act-1
2.6872,1,1.444,8.1319,60.6941,0.6675,2.0269,9.4373,3.9232,25.2293,-0.1407,Act-1
1.8037,0,1.3375,8.2308,42.6833,0.6596,2.0003,4.9188,2.9939,9.3389,0.2733,Act-1
3.3705,0,1.299,7.7963,0.0,0.631,2.0027,6.7024,3.0403,22.7473,0.117,Act1
-1.2715,1,1.2442,8.314,341.4667,0.6203,2.0801,15.9052,3.9112,34.3618,-0.0666,Act-1
3.08,1,1.302,7.7931,0.0,0.6657,2.0071,7.6976,3.6875,61.0634,0.0428,Act1
2.9211,1,1.3747,8.0196,42.6833,0.6873,2.0392,6.992,3.5443,16.7481,-0.0521,Act-1
4.2526,1,1.3251,7.8587,0.0,0.6609,2.0569,10.3632,3.7672,27.6016,0.0818,Act1
1.366,0,1.2255,8.0417,0.0,0.653,2.0028,5.0359,3.2837,25.0131,-0.1649,Act-1
2.4794,1,1.3325,7.8333,36.0215,0.6917,2.0294,6.4731,3.9629,26.9318,-0.0397,Act-1
4.0852,1,1.3304,7.5641,18.0108,0.6448,2.0714,9.9997,3.7192,33.8543,0.1523,Act1
2.48,1,1.3176,7.75,18.0108,0.634,2.0336,10.3387,3.6375,35.6099,0.0009,Act-1
6.0542,1,1.2617,7.3405,18.0108,0.6524,2.149,9.5721,3.7771,29.3719,0.0529,Act-1
0.6524,0,1.1718,7.5042,45.8077,0.6082,2.1027,6.2438,3.3491,26.3317,-0.0016,Act-1
5.413,1,1.4014,7.6461,0.0,0.6999,2.0623,7.01,3.6571,31.9732,-0.0363,Act1
2.873,0,1.1718,7.5208,42.6833,0.613,2.084,6.3222,3.3491,23.2074,0.0317,Act-1
1.9371,1,1.3174,7.96,121.3882,0.6368,2.0431,11.1582,3.639,19.0116,0.0783,Act1
3.5895,0,1.1939,7.8633,42.6833,0.6392,2.0855,8.9603,3.5373,34.8586,-0.1218,Act1
2.8304,1,1.3646,7.9649,0.0,0.7075,2.0031,5.9274,3.649,25.0671,-0.0317,Act1
1.909,1,1.3371,8.2348,128.05,0.6682,2.0744,7.1742,3.9109,24.526,-0.2399,Act-1
3.3917,0,1.2875,7.6071,0.0,0.8383,1.9813,3.7798,3.2731,70.3432,0.0318,Act1
3.1476,1,1.4592,8.5525,31.2914,0.6871,2.0614,6.089,4.2761,27.371,-0.0152,Act1
6.154,1,1.4056,7.5672,42.6833,0.6784,2.1944,12.2759,4.1205,39.2487,0.0048,Act-1
2.3547,0,1.205,7.6417,18.0108,0.6337,2.0174,6.4139,3.147,33.1554,-0.0927,Act1
2.1802,1,1.401,8.1349,85.3667,0.6921,2.0663,6.7684,3.9017,25.1771,-0.1308,Act-1
2.2394,1,1.342,8.0374,34.1707,0.7017,2.1039,7.3144,3.9484,21.9093,0.0232,Act-1
3.2107,1,1.4409,7.9533,42.6833,0.6755,2.023,7.6987,3.6572,31.6936,0.0395,Act1
0.8594,1,1.302,7.7816,3.1243,0.6606,2.038,7.3877,3.6875,64.1877,0.0383,Act-1
1.8888,1,1.3033,7.9196,121.3882,0.6374,2.0666,10.7948,3.6603,33.552,-0.0089,Act-1
3.0362,1,1.3878,7.6468,0.0,0.6267,2.1666,13.8641,4.1326,115.8619,0.0,Act-1
3.269,1,1.4738,7.6533,0.0,0.6617,2.1376,7.2891,3.9112,34.5965,-0.1503,Act1
2.7268,1,1.2976,7.6867,60.6941,0.6293,2.0248,11.0898,3.6476,33.4398,-0.1471,Act1
3.6758,1,1.3047,8.0463,36.0215,0.6719,2.047,13.4702,4.0094,42.9593,0.08,Act-1
3.4339,1,1.3047,8.0311,52.4265,0.6671,2.0591,13.8836,4.0094,42.9593,0.0808,Act-1
3.468,1,1.3764,7.9603,125.2632,0.6587,2.0706,13.1441,4.0132,47.5865,-0.0089,Act1
0.5526,1,1.3113,7.4841,3.1243,0.6326,2.0639,6.2423,3.526,20.1984,0.0545,Act-1
2.7732,1,1.3113,7.5,0.0,0.6383,2.0473,7.4977,3.526,17.074,0.0726,Act1
4.657,1,1.2891,7.8137,0.0,0.6511,2.0968,10.0735,3.8293,54.0576,-0.1356,Act-1
1.0488,0,1.2003,7.5614,18.0108,0.6095,2.0526,2.9375,2.9886,29.4444,-0.1954,Act-1
2.3595,1,1.379,7.8317,78.7048,0.6646,2.0422,11.4315,3.8872,37.7609,-0.1731,Act-1
1.8728,1,1.3515,7.8571,78.7048,0.6473,2.0577,11.1893,3.9094,38.3666,-0.0912,Act1
2.4937,1,1.3759,7.8873,32.8972,0.6688,2.0811,12.0502,3.7781,50.6762,-0.0895,Act1
3.4488,1,1.4505,7.9774,67.6935,0.6871,2.0542,10.507,3.8491,35.1226,0.0921,Act1
1.287,1,1.3501,8.2149,49.3022,0.68,2.0459,7.1752,3.6222,11.45,0.0854,Act1
2.2206,1,1.4378,7.7731,16.7855,0.6772,2.0223,9.3463,4.1398,25.4958,-0.1062,Act-1
1.4306,1,1.3582,7.7843,34.7963,0.6439,2.0237,7.4451,3.1213,22.491,0.0836,Act-1
3.4553,1,1.3666,7.7014,0.0,0.6663,2.0864,7.358,3.8651,35.7118,-0.1174,Act-1
3.3975,1,1.3029,8.009,34.4157,0.6545,2.1023,14.0639,4.2407,47.3489,-0.0171,Act1
3.1476,1,1.4329,8.1044,0.0,0.7098,2.0515,8.3605,3.7791,36.5429,0.078,Act-1
3.8184,1,1.4329,8.0644,42.6833,0.7018,2.0515,8.3605,3.7791,30.7381,0.0634,Act1
3.5226,1,1.416,8.182,42.6833,0.6903,2.0516,11.0572,3.7791,42.5218,0.1175,Act-1
1.3436,0,1.165,7.2292,3.1243,0.63,2.2068,5.5392,3.3272,32.0518,0.0008,Act-1
0.5479,0,1.2485,8.1278,16.2825,0.6604,2.0883,3.3613,3.6143,12.0854,-0.1803,Act-1
1.8354,1,1.3424,7.3986,3.1243,0.664,2.0794,5.7686,3.6687,53.4137,-0.0844,Act1
2.4676,1,1.2934,7.7611,0.0,0.6521,2.0875,7.3149,4.27,57.4412,-0.1168,Act-1
0.6182,0,1.2307,8.337,0.0,0.6458,2.1096,5.7497,3.8515,24.6325,-0.3639,Act-1
0.6416,0,1.2996,8.1912,16.2825,0.665,2.0825,4.4313,3.8213,17.9799,-0.3457,Act-1
3.8333,1,1.3578,7.8237,34.4157,0.6616,2.128,14.9306,4.0017,92.6062,-0.0536,Act-1
2.2018,1,1.4,8.0392,0.0,0.6771,2.1358,6.4459,3.4057,20.2896,0.0933,Act1
2.2018,1,1.4,8.0392,0.0,0.6771,2.1358,6.4459,3.4057,20.2896,0.0933,Act-1
3.0703,1,1.4,7.7255,0.0,0.6667,2.1347,7.6089,3.2345,23.7775,0.1578,Act-1
2.6473,1,1.4473,7.4792,0.0,0.6484,2.1714,10.5614,4.1437,75.4104,0.0807,Act-1
3.0001,1,1.4405,7.56,0.0,0.6813,2.2062,7.2579,4.167,46.538,-0.0862,Act1
2.4351,1,1.3962,7.7407,18.0108,0.6573,2.1381,7.7734,3.1282,22.9198,0.0219,Act-1
1.8318,1,1.4378,7.7523,33.5711,0.6705,2.0777,9.2528,4.1398,25.4958,-0.0888,Act-1
1.4074,1,1.4198,8.0513,0.0,0.7075,1.9951,4.2426,3.2301,17.2438,0.3891,Act-1
2.7489,1,1.3,7.8188,60.6941,0.6466,2.0326,10.4654,3.5608,21.3883,-0.0006,Act-1
0.3306,0,1.1793,7.5307,45.8077,0.6096,2.1075,5.2433,3.2425,23.7971,-0.0078,Act-1
4.5624,1,1.3141,7.5725,0.0,0.6842,2.0793,10.0537,3.75,31.6664,0.0141,Act1
1.2336,1,1.2813,7.5119,21.1351,0.6415,2.1171,12.9629,3.7259,39.9036,0.0088,Act-1
5.3718,1,1.4208,8.2256,42.6833,0.6558,2.122,10.7791,4.0038,48.0156,0.023,Act1
0.5139,0,1.1807,8.2147,18.0108,0.6635,2.034,8.1194,3.768,62.016,-0.1158,Act-1
0.0626,1,1.268,8.1576,213.4167,0.634,2.1417,12.8893,4.1123,56.1647,0.0655,Act-1
0.4557,1,1.293,8.2346,203.6306,0.6449,2.1413,10.5714,4.112,47.3609,0.1165,Act-1
0.693,0,1.2403,8.3611,0.0,0.6557,2.1084,5.2977,3.6676,19.389,-0.4031,Act-1
0.711,0,1.3149,8.2056,16.2825,0.6827,2.0805,3.871,3.6735,12.7365,-0.408,Act-1
1.4074,1,1.4234,8.0513,0.0,0.7075,1.9957,4.559,3.1745,17.2438,-0.2959,Act-1
1.4074,1,1.4234,8.0513,0.0,0.7075,1.9954,4.559,3.1745,17.2438,-0.2334,Act-1
-0.389,1,1.3137,7.8241,34.4157,0.6492,2.1207,13.0424,3.8618,30.1299,-0.0348,Act-1
3.3414,1,1.4203,7.5575,42.6833,0.6539,2.1256,12.9264,3.8618,33.5104,-0.125,Act-1
2.3998,1,1.3067,7.6667,50.9079,0.6405,2.075,11.069,3.6483,31.2814,-0.01,Act-1
2.492,1,1.3137,7.7438,16.405,0.6512,2.0763,11.1354,3.8618,27.0056,-0.0273,Act-1
1.3806,0,1.2049,7.744,18.0108,0.6233,2.0692,10.8454,3.661,34.4773,-0.0843,Act-1
1.3978,0,1.2846,8.037,42.6833,0.6444,1.9738,2.8284,2.0891,5.2434,-0.3845,Act1
3.7707,1,1.4323,7.9402,59.0883,0.6697,2.0777,11.1351,4.1676,36.8573,0.1361,Act1
0.5771,0,1.2359,8.119,85.3667,0.6124,1.9884,6.3013,2.3509,15.0792,-0.1917,Act-1
0.4856,0,1.2289,8.2549,75.5805,0.6128,1.9891,8.2617,2.7303,26.4341,-0.1125,Act-1
1.1751,1,1.5295,7.6333,77.4796,0.6552,2.0501,13.7763,3.7998,38.5607,-0.1671,Act-1
3.198,1,1.5236,7.7581,102.2745,0.6565,2.045,13.0005,3.7999,38.5607,-0.1937,Act-1
3.1554,1,1.5295,7.65,77.4796,0.6601,2.0449,13.7763,3.7998,38.5607,-0.1819,Act1
1.9961,1,1.4304,8.2585,16.7855,0.6753,2.0138,8.828,4.0247,24.3681,-0.1065,Act1
2.8538,1,1.4199,7.6481,16.7855,0.6899,2.01,7.9643,4.0705,26.3052,-0.1539,Act-1
0.6417,1,1.3501,8.2149,49.3022,0.68,2.0448,5.7435,3.6222,11.45,0.1385,Act-1
1.2362,0,1.258,7.809,36.0215,0.6567,1.9725,3.5095,3.1162,19.0815,-0.1426,Act-1
-1.1993,1,1.3052,8.2381,160.9472,0.6141,2.0125,0.0,3.3811,10.5731,-0.1085,Act-1
6.6435,1,1.5213,7.5495,42.6833,0.7014,2.164,7.6535,4.4358,31.9297,0.0125,Act-1
0.7886,1,1.3613,8.2149,49.3022,0.68,2.0461,4.7451,3.7775,11.45,0.0335,Act-1
1.0751,1,1.349,8.2024,49.3022,0.6656,2.0474,5.744,3.9992,16.6934,-0.0605,Act-1
-0.4001,0,1.1652,8.256,93.5913,0.6804,2.0506,8.9251,3.9224,91.265,0.0268,Act-1
0.8708,0,1.1487,8.1757,50.9079,0.653,2.0527,12.4869,3.9292,106.7957,-0.0775,Act-1
-0.4001,0,1.1652,8.256,93.5913,0.6804,2.0506,8.9251,3.9224,91.265,0.0268,Act-1
3.2385,1,1.3711,8.096,85.3667,0.633,2.1017,11.6022,3.5933,43.753,-0.1744,Act-1
1.6744,0,1.1974,7.6842,60.6941,0.6024,2.0164,6.7511,2.7841,22.254,0.1549,Act-1
1.6426,0,1.1738,7.7178,50.9079,0.6348,2.0534,9.6969,3.2966,48.2166,0.1139,Act1
2.8762,0,1.1587,7.8355,126.4885,0.5954,2.0581,15.4922,3.5274,44.5103,0.0623,Act-1
2.6062,1,1.426,7.6207,18.0108,0.673,2.0908,8.5318,4.0684,48.2006,0.0774,Act1
5.5135,1,1.4082,7.5714,31.672,0.6836,2.0522,10.0872,3.6447,37.3877,0.092,Act1
5.619,1,1.4126,7.5404,31.672,0.6924,2.0508,9.5179,3.5669,32.1443,0.0845,Act1
5.856,1,1.4075,7.5245,31.672,0.6873,2.0475,10.0721,3.5653,34.6788,0.0486,Act1
4.0294,1,1.395,7.5741,31.672,0.6802,2.028,9.5523,3.5173,26.2019,0.0415,Act1
2.3061,1,1.3526,7.6207,34.7963,0.6521,2.0409,10.0899,3.4616,31.2948,-0.0677,Act1
1.8543,1,1.3135,7.9195,36.0215,0.6881,2.0587,10.8174,3.772,47.9482,0.1262,Act1
2.5452,1,1.4636,7.9524,18.0108,0.667,2.0323,6.9133,3.6477,31.0697,-0.0233,Act1
2.1549,1,1.3309,7.7143,60.6941,0.653,2.0471,8.4481,3.6492,30.9531,-0.16,Act1
4.8945,1,1.5778,7.9341,54.0323,0.71,2.022,16.0645,3.901,92.4671,-0.0599,Act1
1.4371,1,1.3419,8.1151,0.0,0.6763,2.0214,6.6109,3.4828,17.878,0.0068,Act-1
-0.5813,0,1.177,8.2238,167.9466,0.6736,2.0536,10.76,3.9256,93.212,0.1006,Act-1
1.1343,0,1.0298,8.8102,42.6833,0.7321,1.7371,1.7548,3.0454,0.0,0.1339,Act-1
1.4668,0,1.1046,8.6086,0.0,0.7235,1.6901,1.7548,2.8539,3.8156,0.1935,Act-1
3.1481,0,1.233,7.7378,0.0,0.7236,1.9676,5.4096,3.771,42.1993,-0.1202,Act1
1.8221,0,1.2371,8.1038,0.0,0.7538,1.9586,6.6787,3.8328,45.0577,-0.0102,Act1
2.3194,1,1.4928,7.9391,18.0108,0.7036,2.1096,8.7792,4.5921,19.0908,0.0515,Act1
1.9841,1,1.3279,8.0174,32.8972,0.6923,2.035,8.567,3.9651,53.2566,-0.0891,Act1
1.9841,1,1.3332,8.0174,32.8972,0.6923,2.0354,8.0395,3.958,53.2566,-0.0664,Act1
1.9841,1,1.3487,8.0174,32.8972,0.6923,2.037,8.5242,3.9203,53.2566,-0.056,Act1
1.8497,1,1.3572,8.1272,18.0108,0.7251,2.0202,6.8704,4.3288,45.9928,0.182,Act1
4.486,1,1.6097,8.0053,0.0,0.7494,2.0494,12.4692,4.3585,31.6318,0.0015,Act1
1.5568,0,1.2314,8.6971,60.6941,0.6919,2.0517,5.9944,3.5482,17.9109,0.0511,Act-1
0.6174,0,1.2314,8.6019,103.3774,0.687,2.0515,5.9751,3.5482,9.441,0.0447,Act-1
1.6229,1,1.4784,8.0038,16.405,0.7037,2.0643,6.991,4.0312,10.5982,-0.1431,Act1
2.6874,1,1.4017,8.4325,16.405,0.689,2.0979,7.2528,4.0546,16.0004,-0.0635,Act-1
1.4485,0,1.1643,7.7212,19.5293,0.6549,2.1226,8.9968,4.0185,36.0835,-0.0277,Act-1
3.3125,1,1.3205,8.3548,16.405,0.6624,2.0816,11.519,4.0152,28.1333,0.178,Act-1
-2.0998,0,1.0799,9.1563,85.3667,0.6087,1.9351,0.0,4.4234,9.1848,0.1514,Act-1
-0.3566,0,1.0936,8.8452,0.0,0.6197,1.9323,3.7798,4.4232,14.2538,-0.0865,Act-1
-0.8225,0,1.0744,8.5784,18.0108,0.6078,1.9478,3.7798,4.4234,18.4652,-0.0235,Act-1
5.667,1,1.616,7.8285,0.0,0.7645,2.0726,6.8146,4.2923,48.6234,-0.0094,Act1
5.7667,1,1.6148,7.7816,0.0,0.7752,2.0718,6.8551,4.2887,48.1779,0.0942,Act1
5.0614,1,1.2627,7.4063,18.0108,0.6531,2.0918,12.3317,3.8618,75.8731,-0.0847,Act1
5.1679,1,1.5304,8.2057,67.5709,0.6984,2.0157,11.7337,3.8639,58.6535,-0.2053,Act1
0.0359,1,1.2083,8.2292,190.3069,0.6437,2.0298,17.2372,3.4745,71.0339,0.1872,Act-1
-2.0505,1,1.2714,8.3344,333.1179,0.6505,2.0374,13.745,4.4414,145.0601,0.0975,Act-1
1.6799,1,1.2634,8.8024,251.9048,0.6958,2.0049,15.2617,4.4087,82.3515,0.0652,Act1
2.5406,0,1.0,10.2778,0.0,0.7884,1.6408,0.0,1.3399,0.0,0.0,Act-1
5.9667,0,1.0,11.2212,0.0,0.5824,1.9674,0.0,3.9751,0.0,-0.0395,Act-1
4.5235,0,1.0,11.475,0.0,0.5227,1.9462,0.0,3.7475,0.0,-0.03,Act-1
3.9636,0,1.0,11.5147,0.0,0.5187,1.9241,0.0,3.5549,0.0,-0.0556,Act1
2.2178,0,1.0,10.6528,0.0,0.5871,1.7585,1.0,2.1972,0.0,-0.1127,Act1
2.2621,0,1.0,10.6528,0.0,0.5871,1.7665,1.0,2.068,0.0,-0.0967,Act-1
2.5702,1,1.4284,8.2201,55.8816,0.6683,2.0135,8.0382,4.0206,24.3681,-0.1313,Act-1
2.4536,0,1.2295,8.4107,60.6941,0.6418,2.1022,5.7787,3.7275,54.5715,0.0041,Act-1
1.3706,0,1.232,8.1026,42.6833,0.644,2.1284,6.1051,3.724,45.3076,0.074,Act-1
1.1609,0,1.232,8.1282,42.6833,0.6415,2.1239,5.7649,3.724,44.8788,0.1087,Act-1
3.375,1,1.3957,8.7593,85.3667,0.6941,2.0574,5.8636,3.8074,28.7086,-0.0694,Act-1
1.9572,0,1.2205,8.0064,42.6833,0.6559,2.0782,6.2547,3.6802,38.864,0.16,Act-1
1.4832,0,1.2398,8.1042,60.6941,0.6526,2.0935,4.1104,3.6638,40.5409,0.0584,Act-1
1.289,0,1.2508,8.2246,60.6941,0.6413,2.0936,4.5974,3.6607,36.7199,-0.0337,Act-1
1.7983,0,1.2447,8.3467,60.6941,0.6388,2.1053,6.6034,3.719,44.5929,-0.0699,Act-1
1.6579,1,1.3056,8.2841,42.6833,0.6591,2.0489,5.2301,3.5296,25.639,-0.1188,Act-1
0.9699,0,1.1873,8.0903,18.0108,0.6278,2.0511,8.6063,3.3433,43.7093,0.0193,Act-1
1.3086,0,1.2508,8.1812,60.6941,0.6441,2.1017,4.3664,3.6607,37.5775,0.0433,Act-1
2.9108,1,1.3286,8.2241,42.6833,0.6689,2.1129,6.7457,3.7077,47.3496,0.2106,Act-1
2.5452,1,1.3336,8.2679,60.6941,0.6744,2.1113,5.2775,3.7075,47.3496,0.1104,Act-1
2.1999,0,1.2653,8.3421,42.6833,0.6734,2.1274,5.5017,3.5645,32.5469,0.0621,Act-1
3.3122,1,1.3497,7.7278,3.1243,0.6696,2.1251,7.7152,3.5349,41.4516,0.0308,Act-1
5.5328,1,1.3497,7.7389,0.0,0.6747,2.0926,7.9039,3.5349,38.3273,0.0377,Act1
3.6115,1,1.3229,7.816,0.0,0.6671,2.0445,7.4307,3.6847,33.6305,-0.0424,Act-1
3.2818,1,1.2853,7.7292,18.0108,0.6573,2.0796,9.4601,3.6902,46.0254,0.0908,Act-1
1.3015,1,1.2853,7.7083,18.0108,0.6511,2.1135,9.4601,3.6902,46.0254,0.0882,Act-1
5.2234,1,1.483,7.5735,18.0108,0.6627,2.0728,10.5254,3.635,42.9494,0.147,Act-1
2.4218,0,1.2681,7.9583,36.0215,0.711,1.9696,1.7548,3.081,21.0434,0.0235,Act-1
4.0505,1,1.3643,7.8122,0.0,0.8358,1.9474,7.9252,3.9068,78.2823,-0.2164,Act1
3.4388,1,1.3699,7.7389,0.0,0.8072,1.9638,7.1406,3.8275,74.7817,-0.2344,Act-1
1.0283,0,1.028,7.7464,75.5805,0.6313,2.1829,7.1863,3.4481,24.9809,-0.1521,Act-1
0.9583,0,1.0298,7.7348,60.6941,0.6234,2.1785,8.6448,3.2516,29.1923,-0.1523,Act-1
-1.5656,0,1.2414,9.5769,0.0,1.0752,1.5156,0.0,1.3028,0.0,0.0,Act-1
3.8985,1,1.3647,8.2308,18.0108,0.7872,2.0471,10.6058,3.668,28.6102,0.0264,Act1
2.6723,1,1.4269,7.6232,16.7855,0.6732,2.003,8.1417,3.8026,22.9033,-0.0635,Act1
-2.74,0,1.234,9.2464,0.0,0.7179,1.8892,5.6099,3.1575,73.5415,-0.0384,Act-1
0.9385,0,1.2297,8.1494,60.6941,0.6639,2.0773,5.2694,3.74,46.2132,0.0591,Act1
1.3739,1,1.5099,7.886,16.663,0.7332,1.983,5.524,3.7172,13.7837,-0.0319,Act-1
0.4284,1,1.3205,8.4247,34.4157,0.6606,2.1231,12.3086,4.0152,31.2576,0.1715,Act-1
0.0839,0,1.2833,9.0688,121.3882,0.7083,2.0093,4.4771,3.3192,23.4287,0.1167,Act-1
2.1411,1,1.3733,7.9561,0.0,0.742,2.0085,5.9655,3.689,21.4504,-0.0293,Act-1
3.2907,1,1.4887,7.697,49.6827,0.6719,2.0754,15.8037,4.4584,49.5398,0.1153,Act1
1.5923,1,1.4443,8.619,0.0,0.7283,2.0886,4.0471,3.7599,14.7571,0.0188,Act-1
0.9161,1,1.434,8.1389,32.8972,0.7196,2.003,4.5858,3.1945,14.7571,0.0096,Act-1
1.7071,1,1.4362,8.1065,0.0,0.817,1.964,4.3645,3.1505,10.1168,-0.4486,Act-1
4.1692,1,1.3355,9.3504,32.8972,0.7504,2.0036,4.1166,4.0731,19.5789,-0.011,Act1
-0.0445,0,1.2194,8.25,93.5913,0.6578,2.0099,6.5205,3.1871,10.4248,0.0338,Act-1
-0.4498,0,1.1558,9.4286,0.0,0.7715,1.6398,1.8899,1.9666,39.8339,0.0458,Act-1
0.7253,0,1.2629,7.5167,18.0108,0.6281,1.9964,1.7548,2.1145,7.397,0.0748,Act-1
4.5671,1,1.401,7.3254,0.0,0.6678,2.0364,5.5375,3.6647,25.6372,-0.0639,Act-1
2.9415,1,1.3309,7.4259,0.0,0.6543,2.0619,5.7908,3.2977,10.5826,0.055,Act-1
1.2046,1,1.4379,7.7917,50.6629,0.6773,2.118,3.7798,2.8996,7.4738,-0.3614,Act-1
0.5042,0,1.2992,8.0972,50.7854,0.6839,1.9597,3.5961,3.021,13.4037,-0.4911,Act-1
0.7094,0,1.1993,8.2755,93.5913,0.6756,2.1071,9.9968,3.6073,24.8312,-0.0468,Act-1
0.6459,0,1.1993,8.2894,93.5913,0.7081,2.0521,10.0898,3.6073,52.8813,0.0561,Act-1
0.1289,1,1.2418,8.2097,152.9376,0.6974,2.0586,13.0228,3.7058,86.8074,0.1175,Act-1
-1.9092,0,1.0821,9.5185,118.2639,0.5692,1.8858,2.0,2.5962,4.3543,0.2626,Act-1
3.092,1,1.3518,8.0664,118.2639,0.8895,1.9918,8.5273,3.8542,22.0958,-0.1695,Act1
1.5101,0,1.2153,8.0819,75.5805,0.6619,2.0428,5.6838,3.0648,19.2973,0.055,Act-1
-0.5183,0,1.2483,8.6786,160.9472,0.6252,2.0142,4.5488,3.0433,6.63,0.1401,Act-1
-2.5925,0,1.0613,8.8778,154.2854,0.6141,1.9553,6.4474,2.9959,19.3035,0.1371,Act-1
-5.6434,0,1.0516,8.8583,223.2041,0.6274,1.9568,13.1791,3.1563,110.5802,0.1826,Act-1
-1.2613,0,1.0331,8.5758,118.2639,0.6077,1.8435,2.7495,1.8115,37.4633,-0.0176,Act-1
-2.4132,0,1.0487,8.8333,151.1611,0.6512,1.8293,0.0,2.9831,63.9826,0.0797,Act-1
1.5149,0,1.2452,7.4833,32.8972,0.6577,1.9712,0.0,2.7525,5.7201,-0.1289,Act-1
2.687,0,1.2313,8.1152,75.5805,0.6623,2.0698,8.1522,3.7228,47.4337,-0.0334,Act1
-1.6009,0,1.0533,8.5714,53.5223,0.5726,1.7822,0.0,1.4142,9.297,1.125,Act-1
0.2074,1,1.3752,8.1,92.3661,0.6566,2.0194,5.7423,3.0255,11.3471,0.1138,Act-1
-1.7301,0,1.2135,8.4697,92.3661,0.6105,1.8862,1.8899,2.951,6.2012,0.2998,Act-1
0.2094,0,1.2607,8.2639,75.5805,0.6401,2.0135,4.7107,2.9517,6.63,0.1959,Act-1
-1.5356,0,1.0726,9.2667,118.2639,0.5721,1.9146,2.8284,2.6855,6.8888,0.2247,Act-1
-2.2746,0,1.0558,9.4286,118.2639,0.5467,1.8538,0.0,1.4142,0.9099,0.2221,Act-1
2.5321,1,1.3187,8.4556,75.5805,0.6784,2.093,7.3409,3.8983,51.4016,0.0441,Act-1
-2.847,0,1.0,8.8056,203.6306,0.5539,2.0022,0.0,2.3504,0.0,-0.0527,Act-1
2.341,0,1.2215,8.2927,75.5805,0.6732,2.0622,8.6049,3.7449,42.3646,0.007,Act1
0.0379,0,1.2624,9.0451,62.5829,0.7784,1.9691,3.5095,3.9622,10.1027,0.191,Act-1
3.36,1,1.444,8.7756,31.2914,0.6998,2.0463,6.0623,4.1054,22.1276,0.086,Act-1
2.1711,1,1.4741,8.0556,171.8217,0.6769,2.0444,6.5855,3.7689,17.3981,0.1326,Act1
2.8486,1,1.3295,7.84,129.1383,0.6438,2.0131,5.6859,3.7555,38.3022,-0.0297,Act1
2.0865,1,1.3473,7.913,129.1383,0.6517,2.0133,5.5856,3.7552,33.2331,-0.0212,Act1
3.3262,1,1.3448,7.9133,129.1383,0.7146,1.9958,5.3261,3.949,39.3434,-0.0762,Act-1
2.2815,0,1.3412,8.1706,82.4574,0.7283,1.9595,2.3811,2.7528,12.0859,-0.1446,Act1
-0.5329,0,1.2628,8.6074,148.3743,0.6571,1.9824,3.0,3.2567,17.0881,-0.1146,Act-1
1.9469,0,1.2631,8.337,82.5799,0.718,1.9776,3.17,2.9712,19.3251,-0.0155,Act-1
1.6806,0,1.2676,7.8433,82.5799,0.7601,1.98,0.0,2.7325,8.85,-0.1056,Act-1
0.5573,0,1.0182,7.7167,82.5799,0.5887,2.0026,2.8717,2.7236,21.2698,0.0523,Act1
-3.4798,1,1.1375,8.125,498.7407,0.6205,2.0981,16.3799,3.5259,143.2487,0.0348,Act-1
-3.508,1,1.1219,8.2635,350.0301,0.6367,2.0459,17.609,3.4761,153.8467,0.1012,Act-1
-1.8773,1,1.2064,8.2076,264.9997,0.6407,2.0263,13.6668,3.4349,132.4004,0.0602,Act-1
-0.9142,0,1.0326,8.0494,212.1927,0.5754,1.9743,8.5161,2.7382,42.1132,0.0088,Act-1
1.0455,0,1.0208,7.5476,82.5799,0.5799,2.0247,2.8717,2.4876,22.9946,0.0159,Act-1
-0.3196,0,1.2755,8.6012,113.8713,0.661,2.0323,2.0,3.3985,6.2066,-0.0429,Act-1
4.1401,1,1.4947,7.8889,67.4484,0.73,1.9861,6.7348,3.6504,15.2715,0.0587,Act-1
3.252,1,1.3647,7.6875,67.6935,0.6836,2.0178,0.0,3.43,7.4126,-0.09,Act-1
4.8518,1,1.2376,7.8987,234.7524,0.6586,1.9915,0.0,3.6296,34.4606,0.0074,Act1
0.3056,0,1.1172,8.2778,67.6935,0.6606,1.9608,4.1664,3.1203,26.8462,0.2545,Act-1
-0.667,0,1.1276,8.1979,117.0387,0.6252,1.9131,3.7798,3.0728,6.7137,-0.0586,Act-1
-0.7376,0,1.0829,8.3333,49.6827,0.6333,1.7253,0.0,2.4142,8.7094,0.9324,Act-1
2.885,1,1.457,7.7963,32.8972,0.7091,2.0176,4.69,3.6647,16.1605,-0.1273,Act-1
2.5648,1,1.3784,7.4556,32.8972,0.6752,2.1585,2.8717,3.4331,23.5543,-0.3075,Act-1
-0.5189,1,1.3473,7.8261,129.1383,0.6397,2.0322,5.5856,3.7552,33.2331,-0.0239,Act-1
0.7795,0,1.2631,8.2704,82.5799,0.7045,1.985,3.17,2.9712,19.3251,-0.033,Act-1
-0.2982,0,1.2197,8.5792,68.9187,0.6606,2.0661,5.5249,3.4501,33.7697,0.1796,Act-1
-1.6378,0,1.0643,8.9069,32.8972,0.6317,1.9831,4.8589,3.4762,16.1552,-0.1774,Act-1
4.162,1,1.2769,7.5495,32.8972,0.6706,2.0788,11.0133,3.9243,41.2035,-0.1082,Act1
2.4636,0,1.1412,7.8673,32.8972,0.6232,2.0965,9.1053,3.7224,50.415,-0.0299,Act-1
4.6393,1,1.2855,7.4812,32.8972,0.6518,2.0973,9.6382,3.7264,53.0004,-0.0087,Act1
4.0455,1,1.2873,7.4268,32.8972,0.6397,2.0974,9.1457,3.7224,49.4998,-0.0852,Act1
1.1949,0,1.3282,9.2111,32.8972,0.6525,2.1385,3.7006,3.6388,13.4037,0.4659,Act-1
-1.2545,1,1.2755,8.4884,50.9079,0.703,2.1029,14.1362,3.9485,68.3671,-0.0249,Act-1
1.6972,0,1.3117,8.8675,32.8972,0.7086,2.0768,3.8003,3.5845,14.1476,-0.3056,Act-1
0.7644,0,1.3039,8.5,75.5805,0.6588,1.9925,3.7204,2.5727,7.8902,-0.4058,Act-1
-0.9792,0,1.3139,8.4259,32.8972,0.6595,1.959,0.0,2.4811,7.4614,-0.0746,Act-1
-0.3236,0,1.2906,9.1061,75.5805,0.6417,1.962,0.0,2.8937,16.1536,-0.1516,Act-1
-2.1794,0,1.169,8.6852,203.6306,0.5984,1.877,0.0,3.1905,7.4614,-0.0929,Act-1
-2.3461,0,1.1686,8.598,160.9472,0.598,1.8604,0.0,3.1885,7.0326,-0.0665,Act-1
1.914,1,1.377,8.1053,65.7944,0.6815,2.0591,7.5652,3.5854,24.6861,-0.0157,Act-1
1.693,0,1.0253,7.7222,32.8972,0.6698,1.9275,5.0,2.538,78.6405,-0.041,Act1
-0.9244,0,1.0694,8.4333,32.8972,0.5983,1.8545,2.7495,2.631,18.6898,0.161,Act-1
2.3223,1,1.3841,8.0,32.8972,0.7009,2.0256,4.7339,3.7046,23.8285,-0.1326,Act1
0.6101,0,1.2664,8.3462,50.9079,0.6507,2.0066,6.2575,2.942,14.7006,-0.2019,Act-1
-1.2915,0,1.2727,8.7902,50.9079,0.6932,1.9824,2.6494,3.3686,7.0326,0.0616,Act-1
-3.2855,0,1.1138,8.9722,68.9187,0.7286,1.818,0.0,2.7274,13.3662,-0.0001,Act-1
-2.0976,0,1.0926,9.0303,86.9294,0.5969,1.8365,0.0,2.693,13.2563,0.1276,Act-1
-1.4048,0,1.0805,9.7333,90.1756,0.5202,1.731,0.0,0.3349,4.2758,1.216,Act-1
0.7151,0,1.2208,8.3431,65.7944,0.6257,2.0217,6.2575,2.7331,25.8954,0.1568,Act-1
1.1848,0,1.2223,8.3403,75.5805,0.6518,1.9681,7.5094,2.7435,24.6913,0.1873,Act-1
0.0109,0,1.2755,8.506,82.1994,0.7176,2.0279,2.0,3.3985,4.592,0.0825,Act-1
-2.1482,0,1.0,8.9688,160.9472,0.5356,1.9201,0.0,0.618,0.0,0.2117,Act-1
-1.465,0,1.2221,8.6481,239.407,0.6018,2.0084,6.9158,3.0607,9.9959,-0.0826,Act-1
-1.369,0,1.0558,9.0317,75.5805,0.6319,1.8211,0.0,1.4142,1.8096,0.082,Act-1
-1.4654,0,1.0648,9.0909,118.2639,0.6258,1.8306,2.0,2.7053,35.8387,-0.0836,Act-1
-7.9924,0,1.0,8.3651,505.9527,0.5703,2.06,9.0757,3.1894,4.6402,-0.0287,Act-1
0.7896,0,1.0296,8.1212,75.5805,0.5863,2.0469,3.7798,2.432,13.1537,0.0387,Act-1
2.4705,0,1.1936,8.0152,75.5805,0.6266,2.057,8.9412,3.1251,33.8431,0.1308,Act-1
-5.8885,0,1.0,8.2708,377.9027,0.5696,2.0692,8.7421,3.1194,7.1748,-0.0763,Act-1
-6.5483,0,1.0,8.4242,430.3722,0.5682,2.0671,5.5856,3.1543,4.6402,-0.067,Act-1
-6.0107,0,1.0,8.3763,387.6888,0.5691,2.0609,6.5975,3.1412,4.6402,-0.0275,Act-1
3.0117,1,1.3909,7.4825,32.8972,0.6937,2.0274,4.5701,3.7048,18.8528,-0.0047,Act-1
0.9465,0,1.1932,7.6296,93.5913,0.6866,2.0913,4.5858,2.7675,24.2964,0.0103,Act-1
2.9268,0,1.1932,7.6574,93.5913,0.6951,2.0468,4.5858,2.7675,24.2964,0.0008,Act-1
1.779,1,1.377,8.2632,32.8972,0.6954,2.0575,8.2101,3.5854,26.6962,0.0385,Act-1
0.8514,0,1.3062,7.8462,50.9079,0.64,2.051,11.451,3.6763,44.3994,-0.034,Act-1
2.176,1,1.3784,7.4222,49.6827,0.6654,2.2001,0.0,3.4331,23.5543,-0.2297,Act-1
2.5648,1,1.3784,7.4556,32.8972,0.6752,2.1585,2.8717,3.4331,23.5543,-0.3075,Act1
2.6717,1,1.5554,7.5889,32.8972,0.7223,2.1912,2.8717,3.7981,12.191,-0.3125,Act-1
0.5268,0,1.3053,8.9083,95.4801,0.7768,2.0623,5.744,4.6025,16.36,0.1439,Act-1
1.3254,0,1.2085,7.9333,65.7944,0.6097,2.0867,6.0722,3.0589,18.3699,-0.1446,Act-1
1.8207,1,1.4494,7.6818,32.8972,0.6998,2.1202,3.8643,2.9813,7.4738,0.042,Act-1
2.5324,1,1.4845,7.8542,65.7944,0.6782,2.0187,5.6732,3.4944,10.1693,-0.101,Act-1
0.1839,0,1.2592,8.5476,93.5913,0.6425,2.0116,5.4273,3.0203,13.6626,0.211,Act-1
0.5598,0,1.2983,8.5,75.5805,0.6588,1.9988,2.8717,2.9788,6.8522,0.2158,Act-1
0.7321,0,1.2906,8.7424,118.2639,0.6474,1.9996,3.7798,2.8937,6.8522,0.0249,Act-1
1.173,1,1.3631,8.2598,32.8972,0.7109,2.024,4.6493,3.4578,6.2066,-0.0193,Act-1
1.4794,1,1.3425,8.2939,49.3022,0.7042,2.0454,5.1024,3.6583,12.1977,0.0776,Act-1
1.6013,1,1.3564,8.2886,49.3022,0.7304,2.0429,5.7543,3.6017,9.7072,0.1258,Act-1
1.347,1,1.3631,8.1716,49.3022,0.7007,2.0477,4.7363,3.4578,6.6354,0.0374,Act-1
2.2065,1,1.4598,8.0038,49.3022,0.7052,2.0465,6.2857,4.0369,9.3921,0.0303,Act1
1.0647,1,1.3311,8.2031,49.3022,0.7402,2.0269,4.2073,3.4798,36.0859,0.1077,Act-1
-0.0957,0,1.3056,8.6136,64.1886,0.6764,2.026,2.0,3.3852,4.3075,0.2186,Act-1
1.1923,0,1.2698,7.8939,50.9079,0.7433,1.9643,1.8899,2.7996,13.5281,-0.1179,Act-1
-0.0393,0,1.2308,8.425,50.9079,0.6736,1.9985,6.5437,3.3227,33.0156,-0.2466,Act-1
0.0103,0,1.2231,8.2018,50.9079,0.6621,2.0006,6.8748,3.3098,30.4166,-0.0098,Act-1
0.2231,0,1.2377,8.4222,118.2639,0.6211,2.0055,7.5094,2.6747,17.726,-0.129,Act-1
0.601,0,1.3154,7.881,32.8972,0.6565,1.9635,1.8899,2.0182,2.3279,0.343,Act-1
-1.957,0,1.1337,8.5392,160.9472,0.6032,1.9661,4.7107,3.1054,6.6037,-0.0226,Act-1
-0.8475,0,1.1293,8.9213,118.2639,0.604,1.9668,3.7798,3.3986,6.6037,-0.0267,Act-1
-0.3,0,1.1444,8.1667,75.5805,0.6138,1.9657,4.2642,2.8097,11.6728,-0.1206,Act-1
-1.8832,0,1.1546,8.7485,149.8442,0.6248,1.9863,4.4557,3.491,10.4727,-0.0568,Act-1
-0.9067,0,1.1444,8.3,75.5805,0.6108,1.9637,3.7798,2.8097,11.1961,-0.077,Act-1
2.6146,1,1.3374,8.5172,75.5805,0.6711,2.0922,6.9436,3.8976,53.9361,-0.026,Act-1
0.1507,0,1.3154,7.881,32.8972,0.6565,1.9648,1.0,2.0182,2.7567,0.5509,Act-1
2.9944,1,1.6381,7.6795,49.5602,0.7425,2.0301,8.8407,4.193,51.1369,-0.0509,Act-1
2.8558,1,1.4601,7.9389,67.5709,0.722,2.044,6.6493,3.9202,21.1926,-0.0598,Act-1
2.2418,1,1.4651,7.8684,67.5709,0.6943,2.049,7.0065,3.6736,17.692,-0.1828,Act-1
1.7164,1,1.5555,7.9028,67.5709,0.6951,2.061,7.9987,4.1092,20.4487,-0.1871,Act-1
-0.3431,0,1.2008,9.0,50.9079,0.6285,1.9352,0.0,2.6003,15.7248,-0.0103,Act-1
1.8357,0,1.3255,8.0056,50.9079,0.7438,2.0218,4.7107,3.3203,15.6012,-0.1066,Act-1
-2.3431,0,1.2551,8.4902,104.9402,0.6464,2.0753,11.0726,3.7711,45.0453,-0.0673,Act-1
1.1714,1,1.3534,8.3548,171.0709,0.6509,2.0361,12.0754,3.7707,38.3365,-0.0641,Act-1
0.3563,1,1.3738,8.4063,172.2961,0.6536,2.0613,11.2549,3.7712,34.0866,0.0325,Act-1
-0.6939,0,1.2385,8.25,136.2746,0.6121,1.9897,5.4989,3.1413,16.3286,-0.0248,Act-1
-0.09,0,1.1395,8.5,75.5805,0.6543,1.964,2.8717,2.9076,48.844,0.0781,Act-1
2.3804,1,1.3752,7.7917,111.602,0.6768,2.0383,12.6466,3.6437,57.6482,0.085,Act-1
0.0857,1,1.3131,8.1462,118.2639,0.6547,1.996,4.8026,3.31,11.3649,-0.0628,Act-1
-1.0743,1,1.307,8.5,160.9472,0.6197,2.0091,0.0,3.3652,14.4507,-0.0657,Act-1
1.5181,1,1.5074,7.9035,98.6916,0.6854,2.1263,6.3615,3.8113,16.3567,-0.3452,Act-1
2.549,1,1.3967,8.0764,65.7944,0.7507,2.0187,5.4096,3.6094,16.3129,0.1842,Act1
1.3847,1,1.3466,7.6984,93.5913,0.6425,2.0218,6.3175,3.3615,15.6901,-0.1768,Act-1
-1.4819,0,1.2421,8.3611,136.2746,0.6094,1.9573,0.0,2.9787,15.852,-0.0773,Act-1
-0.958,0,1.2523,8.2604,93.5913,0.6176,1.9518,0.0,2.9758,20.4444,-0.2405,Act-1
2.8474,1,1.356,8.85,32.8972,0.7105,1.9734,2.6494,3.2997,39.9118,-0.3692,Act1
-0.0663,0,1.2874,7.9848,67.6935,0.7298,1.8888,0.0,2.8267,7.6971,-0.7693,Act-1
-1.8893,0,1.1337,8.598,160.9472,0.598,1.9516,0.0,3.1054,6.1749,0.0248,Act-1
-1.0444,0,1.1388,8.4271,118.2639,0.6031,1.9512,1.9796,2.9428,8.7094,-0.0273,Act-1
-0.1821,1,1.4131,7.95,49.6827,0.6686,1.9893,0.0,2.8106,6.1874,-0.5051,Act-1
-0.7771,1,1.2881,8.279,112.7124,0.6613,2.0076,0.0,3.8107,10.7798,-0.0638,Act-1
-1.4486,1,1.3118,8.2544,160.9472,0.6216,2.0078,0.0,3.3243,6.1874,-0.0609,Act-1
2.4081,1,1.4001,8.0764,65.7944,0.7507,2.0224,4.4544,3.6781,17.1705,-0.1741,Act1
-0.8496,0,1.0821,9.037,75.5805,0.5786,1.8988,2.0,2.6132,13.2181,0.4729,Act-1
0.3394,0,1.2536,8.2424,118.2639,0.6237,2.0077,2.971,2.8487,5.2913,0.053,Act1
-7.6217,0,1.0048,8.45,491.0662,0.5711,2.073,10.3284,3.1553,13.9851,-0.0509,Act-1
1.1626,0,1.0252,8.0347,75.5805,0.5864,2.0612,4.7107,2.5536,18.2228,-0.0069,Act-1
-4.9466,0,1.0,8.172,335.2193,0.5713,2.0692,11.0822,3.1162,9.7093,-0.041,Act-1
-0.1576,0,1.2927,8.4792,64.1886,0.6643,2.0362,2.8717,3.424,6.842,0.1298,Act-1
-2.7565,0,1.0532,9.6432,224.1079,0.63,1.8579,1.507,3.4495,4.6402,-0.2214,Act-1
-7.65,0,1.0739,8.5069,403.7248,0.5938,2.0419,10.8788,3.2731,51.5091,0.0509,Act-1
-0.5414,0,1.2273,7.7708,49.6827,0.606,1.8451,1.0,1.7705,7.397,-0.163,Act-1
-0.3038,0,1.0298,9.3125,108.4777,0.5568,1.9633,2.0,2.0477,8.0846,-0.0605,Act-1
-1.6206,0,1.0419,8.6667,108.4777,0.5584,1.9309,2.0,1.6763,8.0846,0.0543,Act-1
-2.5091,0,1.0487,9.5258,186.9761,0.6346,1.8912,2.4552,3.4495,7.1748,-0.1537,Act-1
2.4581,1,1.3085,7.8874,190.6444,0.6536,2.056,16.4059,3.6505,91.6357,0.0711,Act1
1.375,0,1.1445,8.1092,136.2746,0.6158,2.0297,10.3978,3.4057,31.6631,-0.075,Act1
-3.5537,1,1.1186,8.2083,290.5612,0.6362,2.0464,17.6214,3.4649,151.9476,0.0937,Act-1
-6.1398,1,1.1112,8.3078,387.2768,0.6307,2.047,17.6727,3.4762,172.3787,0.1366,Act-1
-0.2657,0,1.0419,8.4074,75.5805,0.5674,1.9316,4.0,1.7222,13.1537,0.0016,Act-1
-0.9555,0,1.0298,8.4699,125.1716,0.6309,1.9078,1.0,1.8533,38.5577,0.0017,Act-1
0.2507,0,1.2532,8.1624,50.9079,0.6685,1.9754,3.4641,3.0122,15.1734,-0.0718,Act-1
0.0127,1,1.3654,7.9722,101.8159,0.6574,2.1164,4.9513,3.7904,36.9456,-0.0146,Act-1
-1.7084,0,1.0,7.7,101.8159,0.5483,1.9361,0.0,1.618,12.6342,-0.0252,Act-1
-2.0113,0,1.0,7.6154,119.8266,0.5523,1.9507,0.0,1.7709,16.8456,-0.0144,Act-1
-0.4693,0,1.2932,8.2833,50.6629,0.6467,1.9814,2.0,2.5391,7.8902,-0.1644,Act-1
1.2046,1,1.4379,7.7917,50.6629,0.6773,2.118,3.7798,2.8996,7.4738,-0.3614,Act-1
1.1798,0,1.2629,7.6167,50.6629,0.6281,2.009,0.0,2.1145,7.8258,0.1074,Act-1
0.6756,1,1.3399,8.5728,49.3022,0.7166,2.0342,7.9442,3.9279,25.2629,0.0337,Act-1
2.0245,0,1.1723,8.0012,49.1797,0.6759,2.0245,8.0904,3.7015,24.7566,0.0778,Act-1
1.3465,1,1.3399,8.5251,91.9855,0.7061,2.0349,7.9442,3.9279,19.4581,0.0301,Act-1
1.7955,1,1.3185,8.8056,65.7072,0.6896,2.1183,9.4902,4.6271,14.7639,0.1867,Act-1
0.0844,0,1.2517,9.3125,65.7072,0.6782,2.1053,2.7495,4.6248,10.7207,0.2181,Act-1
2.1778,1,1.3812,8.2799,47.6964,0.7551,2.0828,11.6572,4.6254,48.8912,0.1112,Act1
-0.0357,0,1.3281,8.8007,47.6964,0.7614,2.0789,3.2254,4.621,9.3588,0.224,Act-1
0.85,0,1.246,8.725,65.7072,0.7768,2.0896,4.7451,4.6201,9.3588,0.1077,Act-1
1.3784,0,1.2312,8.2477,65.7072,0.708,2.101,7.9128,4.6202,14.4279,0.0924,Act-1
1.4572,1,1.336,8.338,65.7072,0.7252,2.1046,9.0894,4.62,15.0789,0.1233,Act-1
0.4472,1,1.4027,8.3512,31.2914,0.6958,2.0094,5.6714,4.3558,11.0656,-0.0329,Act-1
3.3838,1,1.31,7.9064,47.6964,0.692,2.0687,8.8404,4.0185,28.7633,-0.0039,Act-1
3.7208,1,1.3574,7.9074,0.0,0.6886,2.0821,10.4542,3.5812,33.9974,-0.1287,Act-1
2.4884,1,1.2824,7.5794,16.7855,0.653,2.0184,6.9785,3.1799,25.2321,0.277,Act-1
2.045,1,1.2591,7.7153,16.7855,0.6643,2.153,9.4465,3.3329,32.4713,0.1056,Act-1
3.269,1,1.4738,7.6533,0.0,0.6617,2.1376,7.2891,3.9112,34.5965,-0.1503,Act-1
2.7947,1,1.4356,7.7315,55.8816,0.6705,2.0187,8.9582,4.1376,25.4958,-0.1348,Act-1
5.0258,0,1.4962,7.8264,42.6833,0.6452,2.0553,10.8014,3.3325,25.2668,-0.1889,Act-1
2.8727,1,1.4,7.9804,42.6833,0.6675,2.1359,6.4459,3.4057,14.4848,0.1014,Act-1
3.3034,1,1.3373,7.74,60.6941,0.6398,2.0373,9.841,3.4446,33.1554,-0.0083,Act-1
4.6193,1,1.2694,7.6389,0.0,0.6272,2.0631,11.2506,3.9095,39.1599,-0.1342,Act-1
1.3541,1,1.3538,7.8651,65.7944,0.6337,2.0494,4.3813,3.8751,28.863,-0.2778,Act-1
2.8486,1,1.3295,7.84,129.1383,0.6438,2.0131,5.6859,3.7555,38.3022,-0.0297,Act-1
1.6744,0,1.1974,7.6842,60.6941,0.6024,2.0164,6.7511,2.7841,22.254,0.1549,Act-1
2.635,1,1.4376,7.6889,55.8816,0.6651,2.0095,9.8601,3.9993,28.7861,-0.0156,Act-1
1.9976,0,1.1841,7.6667,60.6941,0.5971,2.0101,8.9515,2.7844,28.9042,0.1156,Act-1
1.0901,1,1.424,8.451,128.05,0.6818,2.051,12.1017,4.1758,59.1032,-0.1029,Act-1
2.0173,0,1.2322,7.7632,60.6941,0.613,1.9967,6.9866,2.4301,21.7773,-0.0088,Act-1
1.5519,1,1.3373,7.6759,77.4796,0.6256,2.0226,5.201,2.8826,16.6586,-0.007,Act-1
2.3206,0,1.1827,7.5606,60.6941,0.6084,2.0165,8.9701,2.7853,31.9155,0.0859,Act-1
3.6342,0,1.2179,7.8843,42.6833,0.6185,2.0253,6.3703,3.5222,22.1859,-0.0116,Act-1
1.8884,0,1.2139,7.8235,32.8972,0.6155,2.0068,5.8436,3.0127,24.0432,0.1189,Act-1
-0.737,0,1.2482,8.2604,93.5913,0.6176,1.9537,0.0,3.1401,20.4444,-0.1565,Act-1
2.9287,1,1.2799,8.046,103.3774,0.6407,2.0718,9.118,3.912,49.4496,-0.0269,Act1
4.5222,1,1.4711,7.75,42.6833,0.6746,2.1175,13.3816,4.2325,37.8237,-0.016,Act1
-0.3185,0,1.0,8.6528,170.7334,0.6605,1.9116,4.0,2.3028,4.8081,-0.0416,Act-1
-3.2626,0,1.0,9.1667,256.1001,0.554,2.0127,0.0,2.3028,0.0,-0.031,Act-1
-1.4102,0,1.0,8.2333,85.3667,0.5812,1.7596,0.0,2.2143,9.1848,-0.232,Act-1
-2.2246,0,1.0,8.9333,170.7334,0.554,1.9692,0.0,2.1701,4.5924,0.066,Act-1
0.3136,0,1.2631,8.2193,121.3878,0.6257,2.0618,6.1723,3.0677,17.1385,-0.2068,Act-1
-2.0339,0,1.2595,8.7259,60.6941,0.8243,1.9837,3.8883,3.3903,7.4614,-0.0699,Act-1
-2.6084,0,1.11,9.0893,0.0,2.5487,0.2897,0.0,1.618,0.0,-1.0,Act-1
-3.7265,0,1.161,11.198,0.0,1.8181,0.4498,0.0,-1.0,0.0,0.0,Act-1
1.5312,0,1.2808,8.2124,18.0108,0.6696,2.0,8.2153,3.5922,14.4736,0.0887,Act-1
3.5101,1,1.4014,8.316,16.7855,0.7691,2.0736,3.9273,3.7557,16.1291,-0.1769,Act1
-0.7045,0,1.3009,9.2545,42.6833,0.7043,2.0683,3.1409,3.8598,2.7567,0.1855,Act-1
2.9457,0,1.301,8.5756,42.6833,1.014,2.0433,3.3636,3.5299,6.076,-0.372,Act1
2.0853,1,1.4643,8.3148,42.6833,0.6741,2.0015,8.2566,3.7051,15.9823,0.0154,Act-1
4.3673,1,1.4466,8.2018,0.0,0.7521,2.0843,5.4507,3.6935,16.0004,-0.166,Act1
2.018,0,1.3499,9.1111,0.0,0.6619,2.1313,3.701,3.6388,5.5135,-0.154,Act1
1.9099,0,1.3456,8.5741,0.0,0.6741,2.0764,3.561,2.746,2.7567,-0.3055,Act1
-1.0195,0,1.2145,8.7549,128.05,0.585,2.0104,0.0,2.9642,6.0627,-0.0819,Act-1
-0.1596,0,1.0684,8.8958,0.0,0.5805,1.9399,0.0,3.3583,9.1848,-0.1624,Act-1
0.7498,0,1.109,9.5595,0.0,0.5517,2.051,2.8284,3.3301,18.3695,-0.1748,Act-1
0.5915,0,1.0946,9.1579,0.0,0.5535,2.0112,0.0,3.333,20.0943,0.1107,Act-1
-0.0715,0,1.2762,9.1597,124.4628,0.678,1.9781,3.7893,3.3262,1.5507,-0.1424,Act-1
0.6562,0,1.2932,8.7583,39.0961,0.706,1.9762,2.8717,2.8996,1.5507,-0.1866,Act-1
1.2292,1,1.3788,8.6026,170.7334,0.667,2.0159,10.3291,3.8725,22.8117,0.1892,Act-1
1.7113,1,1.4041,8.2992,73.6834,0.6957,2.0286,8.1034,3.494,12.1977,-0.0836,Act-1
1.7871,0,1.324,9.3009,0.0,0.669,2.0027,5.7085,3.4765,22.335,0.1477,Act-1
0.7925,0,1.3048,8.2976,0.0,0.6897,1.9731,4.8477,3.0951,27.0374,0.2843,Act-1
-3.6086,0,1.0271,9.5385,213.4167,0.557,1.9277,0.0,2.6855,6.7147,0.0168,Act-1
0.4578,0,1.2995,8.7727,0.0,0.7042,1.9928,4.3101,2.9059,15.0338,-0.289,Act-1
0.458,1,1.2907,7.8889,3.1243,0.7279,2.096,3.8932,3.8365,59.0928,-0.0015,Act-1
-4.1236,0,1.0228,9.4889,256.1001,0.5566,1.9444,0.0,2.8251,6.7147,0.0116,Act-1
-1.0749,1,1.2743,8.5071,60.6941,0.7141,2.0549,15.9567,3.9353,92.6543,0.1171,Act-1
5.8891,1,1.4308,8.2401,0.0,1.1471,2.0566,8.0505,4.3081,63.6707,-0.0971,Act1
1.1156,1,1.4699,8.7424,85.3667,0.7008,2.0265,5.5924,3.9852,25.314,0.0647,Act-1
-0.2516,1,1.424,8.5098,42.6833,0.6944,2.0508,12.1017,4.1758,70.7128,-0.1316,Act-1
2.7042,1,1.3957,8.8148,42.6833,0.7066,2.0571,5.8636,3.8074,34.5135,-0.0468,Act-1
0.7043,1,1.4545,8.3333,42.6833,0.7396,2.0987,8.7251,3.8907,36.5476,-0.0049,Act-1
3.6146,1,1.606,8.2759,128.05,0.7145,2.1706,8.3633,4.5349,33.1933,0.052,Act-1
2.3718,1,1.3202,8.2056,78.7048,0.6889,2.0471,11.8077,3.6797,30.972,0.0979,Act1
1.8618,1,1.4186,8.5139,18.0108,0.7403,2.0427,6.3465,3.8786,28.8146,-0.1576,Act-1
-3.2834,0,1.0782,9.9038,42.6833,0.6158,1.921,2.9417,2.6511,25.2132,-0.3902,Act-1
-2.4048,0,1.0821,9.963,42.6833,0.5996,1.8483,1.9601,2.5962,15.9639,0.1233,Act-1
3.5624,1,1.4057,8.1433,18.0108,0.7524,2.0381,5.8577,3.7675,24.9495,0.0758,Act1
0.8441,0,1.2132,8.7984,60.6941,0.6684,2.0942,9.4423,3.3903,34.2144,0.0418,Act-1
1.6164,0,1.2607,8.1528,0.0,0.6564,2.0126,6.6138,2.7075,17.5039,-0.0686,Act-1
-13.4362,0,1.0088,8.4792,682.9335,0.6319,2.0536,12.5961,3.2471,346.1452,0.0355,Act-1
2.3751,1,1.4563,7.9683,0.0,0.693,2.0548,9.3597,3.4566,26.1301,-0.0446,Act-1
-2.532,0,1.11,10.8532,0.0,0.7621,1.5459,0.0,1.8236,3.8855,0.0,Act-1
2.661,0,1.1257,7.9278,60.6941,0.6243,2.0266,10.5389,3.4468,35.791,-0.0467,Act-1
3.0843,1,1.2683,7.6567,32.8972,0.6365,2.0812,5.8659,3.2977,15.2872,-0.0383,Act-1
2.2518,1,1.506,7.8913,0.0,0.6918,2.1046,8.0584,3.8204,20.4103,-0.1598,Act1
2.0292,0,1.2462,8.022,60.6941,0.6996,2.0537,9.1644,3.3559,34.1512,0.1179,Act-1
3.6179,1,1.4352,7.7778,0.0,0.695,2.0064,5.7026,3.4464,18.1549,0.2658,Act-1
2.4807,1,1.3415,7.9792,17.8882,0.6716,2.0851,12.7488,4.0079,54.7604,-0.1015,Act-1
3.3511,0,1.1869,7.5185,0.0,0.6301,2.0544,6.2949,3.0999,25.4253,0.0143,Act-1
3.6631,1,1.3127,8.2012,78.7048,0.7014,2.1093,8.7387,3.8633,56.3471,0.0464,Act1
3.1235,1,1.2817,8.0345,18.0108,0.6653,2.0818,10.8939,3.7867,45.8547,-0.0029,Act1
5.3313,1,1.5091,7.7206,85.3667,0.6946,2.042,12.974,3.7805,74.4016,0.1052,Act-1
2.6761,1,1.3647,7.9583,42.6833,0.6956,2.0344,4.3645,3.4557,11.5046,-0.0503,Act-1
2.3667,1,1.3227,8.0614,42.6833,0.6856,2.0012,7.783,3.627,19.3827,-0.1206,Act1
3.2463,1,1.3984,7.7857,0.0,0.7192,2.0369,3.7798,3.2977,11.5046,-0.173,Act1
2.6056,0,1.1757,7.6232,0.0,0.6446,2.1244,6.4819,3.3267,37.3048,0.0018,Act-1
2.9635,0,1.1736,7.5972,0.0,0.6411,2.0781,6.408,3.3322,39.8393,-0.0211,Act1
-0.4693,0,1.2932,8.2833,50.6629,0.6467,1.9814,2.0,2.5391,7.8902,-0.1644,Act-1
1.9861,1,1.3501,7.8088,0.0,0.6785,2.0501,5.4434,3.5028,11.5046,-0.1133,Act-1
-0.1416,0,1.3139,8.3148,32.8972,0.6659,1.9768,2.7495,2.4811,7.8902,0.0879,Act-1
0.5987,1,1.2526,8.0476,18.0108,0.7213,2.0948,9.6552,3.5127,92.4619,0.0864,Act-1
1.0854,0,1.038,7.9271,0.0,0.6786,2.0288,4.7568,3.0278,27.7093,0.0765,Act-1
1.8858,1,1.2669,7.9177,45.8077,0.6646,2.1231,8.2311,3.7557,43.7058,0.0883,Act-1
4.9503,1,1.2653,7.4167,18.0108,0.6481,2.0744,9.969,3.4565,43.6115,0.1,Act1
3.5163,1,1.3224,7.8988,18.0108,0.6696,2.0437,10.7406,3.7557,43.9068,-0.042,Act1
4.2064,1,1.2669,7.8782,42.6833,0.6804,2.0741,9.4975,3.7557,40.136,0.0728,Act-1
3.213,1,1.2405,7.8477,18.0108,0.6546,2.0634,9.8403,3.7557,43.0336,0.0167,Act1
5.0397,1,1.3825,7.6275,18.0108,0.6831,2.0683,11.1925,3.6751,76.4067,0.0248,Act1
3.2406,1,1.2753,7.7986,0.0,0.6527,2.0629,10.3456,3.5499,35.3656,0.013,Act-1
4.4352,1,1.2664,8.0921,121.3882,0.8562,1.9423,10.3335,4.3121,74.8797,0.0028,Act1
1.4869,1,1.3495,8.2632,18.0108,0.6591,2.0299,6.9365,3.4477,14.0007,0.0749,Act-1
-1.0342,1,1.2188,8.2202,18.0108,0.7423,2.0485,11.9026,3.5113,121.6882,0.0389,Act-1
-2.9041,0,1.0298,9.3056,213.4167,0.554,1.9238,0.0,2.5097,5.1335,-0.0203,Act-1
1.2185,0,1.3466,8.1429,35.899,0.6815,2.0361,9.394,3.3388,32.0599,0.0763,Act-1
4.1916,1,1.2873,8.1809,121.3882,0.9199,1.936,9.9092,4.3121,60.6259,-0.0327,Act-1
-0.9792,0,1.3139,8.4259,32.8972,0.6595,1.959,0.0,2.4811,7.4614,-0.0746,Act-1
1.2268,0,1.238,8.7111,103.3774,0.674,2.0939,6.8837,3.3892,10.647,0.0056,Act-1
3.9613,1,1.4641,7.8838,34.7963,0.7108,2.0332,7.5653,4.271,45.7146,-0.0069,Act1
1.3083,1,1.3257,7.7692,18.0108,0.6602,2.0488,7.6823,3.7049,30.9648,0.1355,Act-1
5.6539,1,1.3008,9.3611,36.0215,0.692,2.0101,8.7038,4.061,45.4095,0.0614,Act1
2.8382,1,1.3387,8.203,78.7048,0.7077,2.0746,8.417,3.7595,28.6678,0.0282,Act-1
3.9893,1,1.3235,8.2906,18.0108,0.7014,2.019,8.3572,3.9422,37.7965,0.015,Act1
0.8969,1,1.3804,7.5128,37.9206,0.6582,2.1133,8.6152,3.674,32.8379,0.0377,Act-1
3.1019,1,1.3882,8.6061,36.0215,0.6744,2.0973,6.2575,3.95,15.3028,-0.1093,Act-1
4.6599,1,1.3579,7.9956,60.6941,0.8437,2.0009,6.0995,3.6227,19.8123,0.0497,Act1
4.9335,1,1.3327,8.6578,36.0215,0.7278,2.0168,2.8717,3.6292,19.9761,0.0628,Act-1
2.3152,1,1.3712,8.1961,103.3774,0.6849,2.026,7.8059,3.6097,10.647,0.0089,Act1
2.4229,1,1.5468,7.9074,34.6738,0.7316,2.0527,7.9098,4.2248,21.6214,-0.1003,Act-1
1.8111,1,1.5328,7.8478,34.6738,0.7064,2.0564,8.1226,3.9711,18.1208,0.056,Act-1
2.3528,1,1.4685,7.7963,34.6738,0.7075,2.0459,6.9823,3.6807,15.3641,0.0278,Act-1
1.8269,1,1.5479,7.8125,34.6738,0.6967,2.0594,8.4167,3.9569,20.6554,-0.0131,Act-1
1.8111,1,1.557,7.8478,34.6738,0.7064,2.0587,7.9307,4.1103,18.1208,-0.0364,Act-1
4.1018,1,1.494,7.8241,34.6738,0.6898,2.0625,17.528,3.7769,52.4058,0.0484,Act-1
2.0565,1,1.3742,7.6795,72.043,0.67,2.0298,7.3254,3.8386,29.2391,-0.1905,Act-1
2.3528,1,1.4727,7.7963,34.6738,0.7075,2.0471,7.0065,3.672,15.3641,-0.0483,Act-1
3.1175,1,1.3804,7.5256,34.7963,0.6637,2.0593,10.6979,3.674,29.7136,0.0596,Act1
7.4257,1,1.4911,8.225,36.0215,0.6641,2.0822,14.7029,4.126,55.9894,-0.0336,Act1
-1.4369,0,1.2024,8.4857,292.1216,0.7407,1.9947,7.6064,3.4165,34.5379,-0.1003,Act-1
3.1748,0,1.188,8.8571,36.0215,0.607,2.043,7.4937,3.1322,39.3769,0.2544,Act1
1.9754,1,1.2496,8.0153,18.0108,0.6997,2.0457,12.4523,3.7895,71.4967,-0.0198,Act1
0.1898,0,1.2559,8.5889,18.0108,0.63,1.9972,7.2794,3.3333,14.5883,-0.2525,Act-1
-3.9534,0,1.0598,8.8395,193.4312,0.5983,1.9199,0.0,3.4678,28.1895,0.0976,Act-1
1.4852,0,1.2015,8.2383,34.2932,0.6804,2.0146,6.8255,3.3997,18.6076,0.1239,Act-1
-1.4097,0,1.2559,8.8167,35.7765,0.669,1.9889,3.7893,3.6696,8.3611,-0.0155,Act-1
-0.4521,0,1.1686,9.5972,128.05,0.6117,1.888,2.8888,2.6696,8.4497,0.1421,Act-1
1.7889,1,1.4019,8.0,42.6833,0.6803,2.0331,6.7758,3.4563,9.3867,0.2116,Act-1
1.8945,0,1.3675,8.2576,42.6833,0.6818,1.9944,5.6569,2.8393,4.0954,0.3199,Act-1
-0.2499,0,1.203,9.6667,85.3667,0.6117,1.8012,2.0,2.5616,1.8197,0.8391,Act-1
-0.053,0,1.0726,9.3444,85.3667,0.7123,1.7763,0.0,2.6855,1.8197,-0.0059,Act-1
0.886,0,1.2757,8.5606,85.3667,0.6531,2.0,4.3101,2.7947,4.0954,-0.0404,Act-1
-0.8633,0,1.096,8.6548,85.3667,0.6228,1.9665,4.1542,3.0024,13.3925,-0.1381,Act-1
-2.6695,0,1.0243,9.2564,213.4167,0.5647,1.9854,0.0,2.7469,0.9099,-0.0132,Act-1
0.1666,1,1.3663,8.4608,77.2346,0.6731,2.0058,5.2839,3.3946,13.8848,-0.0936,Act-1
1.2951,0,1.0558,9.5357,42.6833,0.8757,1.5875,1.0,1.6791,0.9099,0.0,Act-1
-1.8454,0,1.0726,9.9,170.7334,0.5632,1.862,0.0,2.6855,1.8197,0.1975,Act-1
3.1851,1,1.5328,8.3244,101.7717,0.7083,2.0543,10.6223,4.0074,13.4876,-0.0546,Act1
3.375,1,1.3957,8.7593,85.3667,0.6941,2.0574,5.8636,3.8074,28.7086,-0.0694,Act1
0.4022,0,1.2775,9.1111,170.7334,0.642,1.987,2.7445,3.2044,4.0954,0.3021,Act-1
-0.9645,1,1.4679,8.4516,512.2001,0.6556,2.1665,11.3136,4.3552,54.4293,-0.0187,Act-1
-0.6982,0,1.2393,8.7037,85.3667,0.8334,1.9624,3.5717,3.253,14.5823,-0.1312,Act-1
0.0451,0,1.2875,9.1061,128.05,0.6394,1.9534,2.7495,2.9694,3.6666,-0.0238,Act-1
3.7986,1,1.4665,8.0714,128.05,0.7071,2.0466,9.4519,3.889,17.8792,-0.0667,Act1
4.5076,0,1.2019,7.7427,42.6833,0.6679,2.0635,8.3199,3.3573,31.7089,-0.0407,Act-1
4.2093,1,1.4764,8.1528,42.6833,0.7826,2.0062,6.204,3.8687,26.2826,0.0075,Act1
3.9199,1,1.3757,8.0833,128.05,0.6977,2.0892,7.182,3.6834,13.6522,0.02,Act1
1.8119,0,1.3039,8.4222,42.6833,0.7401,1.9615,3.7893,2.5727,5.6462,-0.3907,Act1
0.537,0,1.3139,8.537,42.6833,0.6741,1.9676,3.9311,2.4811,3.6666,-0.3385,Act-1
1.4832,0,1.2398,8.1042,60.6941,0.6526,2.0935,4.1104,3.6638,40.5409,0.0584,Act-1
-0.7891,0,1.0726,9.2222,42.6833,0.8774,1.8052,2.0,2.5991,10.1591,-0.0945,Act-1
4.8901,1,1.2867,7.6429,85.3667,0.6391,2.0601,15.6353,3.3101,39.5466,-0.029,Act1
2.5449,1,1.4355,8.0119,42.6833,0.6965,2.1345,5.3261,2.9962,11.7759,-0.045,Act1
1.5161,0,1.2932,8.2833,42.6833,0.6641,1.9996,4.7107,2.6427,6.63,0.0031,Act-1
4.3884,1,1.4371,7.9141,42.6833,0.7644,1.9835,7.6566,3.6595,49.6386,-0.1822,Act1
3.1384,1,1.3848,8.0965,42.6833,0.6877,2.0619,10.4587,3.508,20.6691,0.0701,Act-1
1.0117,1,1.3104,8.4601,77.0991,0.7053,2.0371,9.3296,3.5072,46.7695,0.074,Act-1
3.6606,1,1.4441,7.8864,42.6833,0.6946,2.015,8.2999,3.4728,25.5756,0.0062,Act1
0.6678,0,1.0388,8.1042,78.7048,0.636,1.9207,6.3053,2.7109,48.4431,0.0093,Act-1
3.5606,0,1.2153,7.9591,42.6833,0.6643,2.0423,6.8003,2.9393,24.3663,0.0133,Act-1
0.5509,0,1.0726,9.0333,85.3667,0.5812,1.9164,4.0,2.6855,11.9579,-0.1004,Act-1
1.7318,0,1.0532,8.5641,85.3667,0.5831,1.9582,7.0,2.7082,19.5615,-0.0139,Act-1
3.3578,1,1.2263,7.7757,42.6833,0.661,2.0629,11.8644,3.4267,26.808,0.0803,Act-1
2.3633,1,1.4501,8.4936,146.0608,0.6662,2.033,9.5615,3.784,23.0493,-0.0915,Act-1
0.988,0,1.253,8.3929,60.6941,0.647,2.0024,7.4222,2.7157,13.4403,-0.1843,Act1
-1.8052,0,1.0529,8.9383,213.4167,0.5835,1.9968,0.0,2.8956,23.5007,-0.1787,Act-1
0.7453,0,1.2664,8.5,60.6941,0.6552,1.9998,6.4243,2.734,10.9058,0.0746,Act-1
1.4272,0,1.2656,8.4133,60.6941,0.7761,1.9717,5.8878,2.7701,12.5654,-0.1316,Act-1
3.9277,1,1.3939,8.2343,60.6941,0.7186,2.0396,7.9605,3.7687,30.9284,0.1232,Act-1
1.2769,0,1.2757,8.3485,42.6833,0.6531,1.9766,5.4273,2.6966,10.7457,0.1879,Act-1
3.1343,1,1.2255,7.7634,42.6833,0.661,2.0883,12.6327,3.4314,30.4949,0.0271,Act-1
-0.1609,0,1.0633,8.5333,60.6941,0.6895,1.8534,6.0,2.7737,78.7858,-0.0579,Act-1
2.0557,1,1.1633,7.5776,42.6833,0.651,2.0731,7.9215,3.6529,32.9811,0.0649,Act1
2.2297,1,1.2448,8.1167,0.0,0.6958,2.0667,10.4469,3.6768,62.2614,-0.0112,Act-1
2.573,1,1.2022,7.6136,42.6833,0.6851,2.1842,11.1101,3.4449,98.3257,0.0788,Act1
3.7358,1,1.265,7.4877,0.0,0.6615,2.1195,7.9022,3.4543,32.3456,0.1072,Act1
-0.7892,1,1.2515,8.7481,469.5168,0.6423,2.0332,11.6437,4.1012,35.7231,0.0666,Act-1
1.0767,1,1.3902,8.6967,1067.0836,0.6707,2.0547,16.6468,4.137,134.5786,0.1189,Act1
2.045,1,1.2591,7.7153,16.7855,0.6643,2.153,9.4465,3.3329,32.4713,0.1056,Act1
3.4002,1,1.5054,7.807,0.0,0.7241,2.117,6.0762,3.6717,20.3374,-0.1806,Act-1
3.0225,1,1.3788,8.0729,42.6833,0.6989,2.0091,5.9839,3.4464,15.6203,-0.1759,Act-1
2.6802,1,1.392,8.4211,85.3667,0.6924,2.017,7.2044,3.868,19.7158,-0.2252,Act1
1.9348,1,1.2764,8.0996,0.0,0.6811,2.0143,9.5513,3.6693,59.8772,-0.0909,Act1
3.1872,1,1.4991,8.5086,103.3774,0.6629,2.1402,10.7541,3.9435,28.3855,-0.0691,Act1
2.8618,1,1.5066,8.0427,103.3774,0.6925,2.1249,11.0425,3.9367,28.7005,-0.0049,Act-1
2.3507,1,1.2413,8.0461,42.6833,0.668,2.0871,12.1098,3.6731,67.4808,0.0063,Act1
3.2754,1,1.3647,7.8125,0.0,0.6956,2.0114,5.115,3.4408,18.1549,0.0059,Act-1
2.1931,1,1.3647,7.875,0.0,0.6934,2.0064,7.2729,3.4408,18.1549,0.0651,Act1
3.1671,1,1.2416,7.71,42.6833,0.6501,2.0589,7.3172,3.2977,32.0756,0.0156,Act1
0.9687,0,1.2593,8.4615,85.3667,0.6359,1.9907,6.0784,2.659,14.9693,-0.315,Act-1
3.1554,1,1.3428,8.1481,0.0,0.7009,1.9966,6.0901,3.6508,20.7538,-0.1155,Act1
1.9713,0,1.3811,7.9667,0.0,0.6944,1.9943,5.6569,2.3475,3.1856,0.1321,Act1
-0.0616,1,1.4288,8.7679,36.0215,0.7563,1.9979,7.285,4.6753,30.7666,0.1627,Act-1
2.3788,1,1.4373,7.9167,36.0215,0.7322,1.9568,5.7435,3.9653,27.6651,-0.0072,Act-1
4.8132,1,1.292,8.1556,85.3667,0.6788,2.1215,9.0497,3.6682,37.1436,0.048,Act-1
4.3626,1,1.2169,7.4619,0.0,0.6586,2.0858,12.1267,3.706,76.4839,-0.0857,Act1
1.7756,0,1.126,7.6012,0.0,0.6329,2.0556,10.9887,3.5499,36.6153,-0.1845,Act-1
1.3244,0,1.2793,8.3472,17.8882,0.7096,2.0303,3.7798,2.8251,15.7804,-0.3643,Act-1
2.2361,0,1.2698,8.1616,17.8882,0.7644,1.9391,3.7893,2.9336,14.1476,-0.0932,Act-1
1.8236,0,1.2902,8.6667,17.8882,0.6918,2.0715,3.5961,3.6227,13.4037,-0.1238,Act-1
2.2361,0,1.2674,8.1616,17.8882,0.7644,1.9387,3.9203,2.9437,14.1476,0.6173,Act-1
1.8966,0,1.2674,8.5152,17.8882,0.703,1.9587,3.7467,2.9437,19.768,0.6991,Act-1
2.3709,0,1.2698,8.0379,17.8882,0.7974,1.9328,2.971,2.6505,13.7021,-0.4176,Act-1
2.2361,0,1.2698,8.1616,17.8882,0.7644,1.9389,2.971,2.6505,14.1476,-0.7657,Act-1
-0.8638,0,1.1373,8.8194,54.0323,0.667,1.9127,0.0,2.8222,18.341,0.3614,Act-1
1.1503,0,1.2674,8.4697,35.7765,0.6829,1.9587,2.8284,3.0107,19.768,0.0745,Act-1
-0.7012,0,1.0923,8.4853,103.3774,0.6587,1.9462,6.4474,3.0135,14.5701,0.0696,Act1
-0.3859,0,1.0839,9.1625,103.3774,0.6021,1.9872,3.4442,3.1679,14.7006,0.0781,Act-1
-1.123,0,1.0923,8.7941,103.3774,0.6082,1.9659,2.7495,3.0135,20.636,0.1078,Act-1
-0.6964,0,1.0923,8.4482,103.3774,0.7054,1.939,6.4474,3.0135,13.1746,0.0319,Act-1
-1.2297,0,1.1086,8.5292,146.0608,0.6563,1.9803,7.9026,3.1797,12.166,0.0553,Act-1
1.4327,0,1.259,8.5417,18.0108,0.7705,2.0359,5.1475,3.2025,17.9779,-0.1413,Act-1
1.9115,0,1.2674,8.2071,18.0108,0.753,1.9277,4.7568,2.9412,18.2633,-0.0455,Act-1
0.9406,0,1.259,8.9167,18.0108,0.6919,2.0498,4.148,3.2025,24.0438,-0.2939,Act-1
1.067,0,1.2785,8.0,36.0215,0.6868,1.9549,2.0,2.6583,9.7893,0.0492,Act-1
3.195,1,1.2829,7.7204,36.0215,0.6742,2.0513,11.8389,3.9515,39.1057,-0.0306,Act1
4.1597,1,1.2827,7.4896,18.0108,0.6673,2.0922,12.2595,3.758,31.3292,-0.0473,Act-1
3.4981,1,1.2895,8.1458,18.0108,0.6511,2.0727,10.2749,3.8896,28.3659,0.1198,Act-1
-0.5665,0,1.1601,9.2778,36.0215,0.6349,1.9328,0.0,2.6224,18.1015,0.8088,Act-1
0.4659,0,1.112,8.3148,36.0215,0.6711,1.9898,3.0,2.7238,21.6478,-0.068,Act-1
-0.3808,0,1.2982,8.2,34.6738,0.6769,1.9084,1.0,2.5964,10.2181,-0.3235,Act-1
-1.69,0,1.2209,8.386,146.0608,0.6239,1.938,0.0,3.2095,9.7893,-0.0464,Act-1
2.0827,1,1.4024,8.2917,128.05,0.7027,2.0651,6.8328,3.7903,19.9336,-0.1752,Act-1
3.6667,1,1.2898,7.8755,0.0,0.7117,2.0195,8.2173,3.6698,19.9078,-0.047,Act1
5.0091,1,1.3429,7.8889,42.6833,0.7075,2.1068,9.1137,3.6755,36.648,-0.0624,Act-1
-2.5494,0,1.1009,9.2222,128.05,0.5996,1.8381,0.0,2.6553,11.9581,-0.1012,Act-1
1.2492,1,1.3822,8.553,213.4167,0.6871,2.0622,7.2431,3.9612,21.9915,-0.1631,Act-1
2.1341,1,1.3884,8.2917,128.05,0.7027,2.0623,7.2987,3.8175,21.9915,-0.3151,Act-1
2.0473,0,1.1747,7.4233,0.0,0.6709,2.0851,5.45,3.4619,30.2399,-0.0096,Act1
-1.5489,0,1.1084,8.5866,92.2745,0.6511,2.0089,2.7495,3.7165,24.6321,-0.0282,Act-1
2.7425,1,1.3944,7.5833,0.0,0.6723,2.0378,7.7365,3.8227,25.2956,0.0153,Act-1
0.8632,1,1.3337,8.5227,213.4167,0.6691,2.0733,7.2431,3.8967,16.7481,-0.1341,Act-1
-0.1582,1,1.338,8.1458,242.7764,0.6314,2.1196,10.2346,4.0098,41.157,0.0605,Act-1
-0.5003,1,1.3088,8.3944,298.7834,0.6436,2.1346,7.3447,3.8981,21.0614,-0.0761,Act-1
2.7527,1,1.3923,8.098,85.3667,0.71,2.1079,5.2993,3.8349,20.4103,-0.3877,Act-1
2.9189,0,1.093,8.276,0.0,0.7893,1.9828,3.8334,3.0786,46.4594,0.0057,Act1
2.9161,0,1.1675,7.3712,0.0,0.6487,2.1597,6.3142,3.2409,35.3569,-0.0097,Act-1
2.9391,1,1.3749,7.951,0.0,0.7302,1.9973,4.5938,3.5016,19.8237,-0.1406,Act-1
2.1475,1,1.3956,8.3519,85.3667,0.7255,2.1023,5.9093,3.8187,23.0093,-0.1238,Act-1
2.7209,1,1.4109,8.0,0.0,0.7481,2.1027,3.7798,3.5799,23.0093,-0.3818,Act1
2.3698,1,1.3583,7.6917,18.0108,0.6848,2.0084,4.6625,3.8338,23.5575,-0.1812,Act-1
-1.3577,0,1.1601,9.1667,36.0215,0.6463,1.9288,1.8899,2.5043,13.3184,-1.576,Act-1
2.0857,1,1.3429,8.25,128.05,0.6825,2.0735,6.5357,3.6693,19.2826,-0.1517,Act-1
1.4964,0,1.2745,7.7857,35.7765,0.6643,2.0086,6.6138,3.3437,15.716,0.1452,Act-1
-0.9144,0,1.1885,8.8,85.3667,0.6314,1.9275,2.0,2.733,10.3769,0.1798,Act-1
0.1532,0,1.2008,8.679,60.6941,0.715,1.9171,2.8284,2.6003,8.2053,0.4034,Act-1
1.6549,0,1.1554,7.7133,85.3667,0.65,2.1457,6.9102,3.6993,36.1667,-0.1016,Act-1
-0.8686,0,1.1562,8.4444,35.7765,0.6227,1.6428,1.0,1.4733,4.7046,0.0,Act-1
-0.7946,0,1.1748,8.7917,36.0215,0.6402,1.9309,2.0,2.4572,8.9805,-0.3789,Act-1
2.1062,0,1.1358,7.6161,0.0,0.6243,2.0607,11.8095,3.5499,44.2189,-0.0704,Act-1
1.3364,0,1.2674,8.3788,18.0108,0.6872,1.9618,3.7893,2.9412,22.3025,0.0659,Act-1
2.3223,1,1.3841,8.0,32.8972,0.7009,2.0256,4.7339,3.7046,23.8285,-0.1326,Act-1
1.0787,0,1.2785,7.9,18.0108,0.6908,1.9599,3.7798,2.6583,13.1815,0.1151,Act-1
-0.9333,0,1.08,8.8148,42.6833,0.6033,1.7758,2.8284,2.3028,14.4784,0.0112,Act-1
-0.6882,0,1.0779,8.8519,60.6941,0.6033,1.8067,2.7495,2.6529,10.6836,-0.0095,Act-1
0.3422,0,1.234,8.386,18.0108,0.6853,1.9984,6.821,3.2761,30.2588,-0.2275,Act-1
-1.0013,0,1.2335,8.5,213.4167,0.6295,2.048,8.5888,3.2792,20.8638,0.0374,Act-1
3.6131,1,1.2932,7.5802,18.0108,0.6354,2.0693,10.1578,3.9012,48.156,-0.1021,Act1
2.492,1,1.2782,7.7706,18.0108,0.6723,2.1142,14.4588,3.9295,50.9074,0.0227,Act-1
4.4893,1,1.2835,7.6296,18.0108,0.6761,2.0706,13.8971,3.9295,50.9074,-0.0059,Act-1
4.1817,1,1.4179,7.5161,18.0108,0.6847,2.0719,13.9387,3.97,73.4336,0.0343,Act1
1.9278,0,1.3368,8.0,0.0,0.7172,2.0302,4.5378,2.8451,15.6203,-0.026,Act-1
0.337,0,1.3158,8.7451,18.0108,0.6546,1.9582,5.9704,3.3495,21.555,0.0012,Act1
2.4502,1,1.4301,8.413,0.0,0.6937,2.0833,9.2709,3.8111,27.9261,-0.0197,Act1
1.9047,1,1.4301,8.3913,18.0108,0.6842,2.0833,9.0698,3.8111,27.9261,-0.0446,Act-1
2.6365,1,1.3991,8.1667,18.0108,0.7008,2.0964,7.4235,3.7644,21.4517,-0.0817,Act-1
3.5604,1,1.2969,7.8031,18.0108,0.7288,2.0286,5.4488,3.7502,29.6376,-0.0089,Act1
4.3721,1,1.3049,7.5182,18.0108,0.717,2.063,8.6104,3.6595,98.1854,0.111,Act1
1.7944,0,1.2513,7.7157,0.0,0.6412,1.99,5.324,3.4571,12.9749,-0.4683,Act-1
4.7787,1,1.4415,7.5755,16.5405,0.6644,2.0668,11.6271,3.9365,41.9502,-0.1217,Act-1
0.9718,0,1.19,8.1167,0.0,0.6241,2.0076,7.7527,3.2015,28.9079,-0.3364,Act-1
2.9767,0,1.2797,7.6261,0.0,0.6707,2.0609,10.3003,3.7053,28.0299,0.015,Act1
2.0407,0,1.227,7.8041,0.0,0.6773,1.9827,7.7147,3.4373,28.363,0.1512,Act-1
1.8898,1,1.2949,7.9693,36.0215,0.7009,2.0521,4.3645,3.2977,15.3516,-0.1361,Act-1
1.412,1,1.2427,8.3489,92.2745,0.6938,2.0525,7.5237,3.7179,19.5152,0.1152,Act-1
1.4562,0,1.2839,8.412,18.0108,0.7685,1.9392,3.3892,3.1758,19.2811,0.0472,Act-1
1.4562,0,1.2814,8.412,18.0108,0.7685,1.9388,4.3528,3.1945,19.2811,-0.2288,Act-1
1.8179,1,1.2764,7.875,21.1351,0.6456,2.1169,10.6094,3.6751,52.9022,0.054,Act-1
1.1324,0,1.2387,8.3929,60.6941,0.6525,1.9769,4.899,3.0803,22.3025,-0.0459,Act-1
1.4562,0,1.2814,8.412,18.0108,0.7685,1.9387,4.5032,3.1558,19.2811,0.3588,Act-1
2.1776,1,1.2764,7.7361,21.1351,0.6627,2.1152,11.0005,3.6751,47.2818,0.0862,Act-1
1.8179,1,1.2764,7.875,21.1351,0.6456,2.1169,10.3806,3.6751,52.9022,0.0755,Act-1
1.8841,0,1.2253,8.2188,60.6941,0.6394,1.9852,6.8716,3.0532,27.3716,0.0046,Act-1
1.1324,0,1.2387,8.3929,60.6941,0.6525,1.977,5.4989,3.053,22.3025,0.0144,Act-1
1.4562,0,1.2839,8.412,18.0108,0.7685,1.9389,3.2988,3.056,19.2811,-0.4712,Act-1
0.8508,0,1.2992,8.2639,60.8164,0.6913,1.9576,4.118,3.021,13.4037,-0.3795,Act-1
0.8219,0,1.2933,8.3333,18.0108,0.7148,1.9568,3.5961,2.945,15.7804,-0.1988,Act-1
2.537,1,1.2813,7.5972,21.1351,0.6797,2.1133,9.9549,3.8502,41.6614,0.0588,Act-1
0.991,1,1.2826,7.5167,21.1351,0.6443,2.1216,13.316,3.9515,54.3318,-0.0692,Act-1
1.2584,0,1.2382,7.9524,60.6941,0.6475,1.9801,6.3013,2.8227,15.716,-0.1052,Act-1
0.8792,0,1.246,8.0256,60.6941,0.6551,1.9754,5.6676,2.822,13.1815,-0.0909,Act-1
4.7533,1,1.2706,7.4322,18.0108,0.6597,2.067,9.7732,3.8027,50.8947,-0.0064,Act1
4.3602,1,1.3673,7.7133,18.0108,0.6739,2.0637,12.0343,3.6767,45.2602,0.1369,Act-1
0.1347,0,1.2547,8.2932,0.0,0.878,1.9776,4.4056,2.66,15.6203,-0.1847,Act-1
-2.0535,0,1.027,8.8611,128.05,0.5886,1.7571,0.0,2.7563,7.1913,0.1364,Act-1
-1.832,0,1.1009,9.1389,170.7334,0.5886,1.8392,0.0,2.5508,7.1913,-0.0981,Act-1
-0.7132,0,1.0378,8.0685,0.0,0.7159,2.0016,4.0,3.0695,24.5208,-0.0981,Act-1
3.6749,1,1.3362,8.6181,85.3667,0.8595,2.0711,8.471,4.7078,35.2555,0.096,Act1
3.5831,1,1.3457,7.9757,85.3667,0.7144,2.0607,7.3219,3.7005,19.9336,-0.1009,Act-1
2.5701,1,1.4324,8.1178,0.0,0.8778,2.0732,7.7558,4.1124,46.0643,-0.0343,Act1
2.482,1,1.4476,8.07,0.0,0.7451,2.0963,7.0568,3.8788,39.9541,-0.1923,Act1
1.0218,1,1.3515,8.6364,170.7334,0.7114,2.1216,5.1753,4.0679,37.6118,0.2223,Act-1
2.9365,1,1.4309,8.1867,85.3667,0.7107,2.07,7.4957,4.0954,40.1463,-0.0982,Act-1
7.8157,1,1.5395,7.6024,42.6833,0.7594,2.1254,10.3946,3.9364,67.6921,0.0133,Act1
1.3547,0,1.3459,8.4333,0.0,0.6996,2.0022,3.7798,2.1944,6.3711,-0.0068,Act-1
0.2572,0,1.11,8.7143,0.0,0.597,1.8877,3.0,1.618,7.6036,-0.0957,Act-1
1.1477,0,1.2885,8.9848,0.0,0.6394,1.9585,3.6185,3.1344,12.5745,-0.0754,Act-1
-2.3824,0,1.037,9.6639,85.3667,0.615,1.8323,0.0,2.3161,0.0,-0.3142,Act-1
-1.0964,0,1.0648,10.1439,74.2637,0.8531,1.5627,1.0,3.4495,0.0,0.3909,Act-1
0.5267,0,1.2274,9.0425,74.2637,0.8085,1.922,3.7798,3.6043,37.2709,-0.023,Act-1
-0.9431,1,1.3446,8.8347,191.2107,0.6914,2.0636,4.6988,4.3647,7.0066,0.1065,Act-1
-2.1689,0,1.177,9.2101,191.2107,0.6678,1.8865,0.0,3.4643,2.1057,-0.0218,Act-1
1.4735,1,1.2788,8.5214,74.2637,0.6722,2.0478,4.7999,3.7156,25.639,-0.0578,Act-1
-4.2004,0,1.0421,9.6065,445.5822,0.6692,2.0069,0.0,3.7383,0.0,0.0658,Act-1
1.5704,0,1.0209,7.9663,13.3401,0.6693,1.9367,3.5717,2.0315,19.1432,-0.0083,Act-1
1.5704,0,1.0218,7.9663,13.3401,0.6693,1.9493,3.1552,1.9847,19.1432,0.0401,Act-1
0.5821,1,1.3511,8.5411,36.0215,0.7244,2.0736,6.0,3.5665,9.5567,0.0324,Act-1
1.85,1,1.6662,8.769,42.6833,0.7593,2.162,9.5898,4.8288,20.4576,-0.141,Act1
-0.2896,0,1.0821,9.1327,0.0,0.7482,1.8568,0.0,2.2104,1.7994,-0.0122,Act-1
-1.8756,0,1.1243,9.8939,0.0,0.6651,1.942,1.0,4.4115,4.3339,-0.0228,Act-1
-0.7157,0,1.11,9.5198,0.0,0.7135,1.8381,0.0,1.1523,1.7994,-0.375,Act-1
0.8741,1,1.3625,7.8458,18.0108,0.6731,2.1396,3.886,4.1658,17.654,-0.1129,Act-1
1.6324,1,1.4145,8.6346,0.0,0.8041,1.9646,4.5113,4.2001,34.1676,-0.4889,Act-1
0.4854,0,1.3056,8.9773,81.7794,0.6912,2.0062,2.6494,3.3852,1.5507,0.2357,Act-1
2.1268,1,1.4891,8.1711,55.8816,0.7265,2.0406,6.7986,4.3634,11.3525,0.1539,Act1
3.8422,1,1.3892,8.1865,16.2825,0.8281,2.0811,6.3553,3.9062,21.1805,-0.0726,Act-1
3.4765,1,1.3892,8.3717,16.2825,0.7953,2.0843,5.6158,3.9062,26.8009,-0.0915,Act-1
2.953,1,1.3966,8.3264,16.2825,0.7646,2.0894,5.4715,3.8875,23.3003,-0.2229,Act-1
3.8422,1,1.3906,8.1865,16.2825,0.8281,2.0808,6.2447,3.9205,21.1805,-0.1388,Act-1
1.8205,0,1.325,8.4504,16.2825,0.8226,2.0498,4.118,3.7631,11.7375,-0.3571,Act-1
3.643,1,1.3446,8.1468,34.1707,0.7983,2.0938,5.5856,3.8141,18.4237,-0.0044,Act-1
2.4173,1,1.3543,8.0278,34.1707,0.7411,2.1027,5.5856,3.7038,11.4225,0.1003,Act-1
3.0442,1,1.3487,8.1267,85.3667,0.7244,2.061,7.1244,4.0737,11.1075,-0.1815,Act1
-2.5667,0,1.0,7.9,0.0,1.2523,1.1913,0.0,1.0,0.0,0.0,Act-1
2.4864,1,1.2736,7.7442,77.4796,0.656,2.134,11.4405,3.9652,45.2718,-0.0848,Act-1
2.2877,0,1.0912,7.8306,85.3667,0.6257,2.1398,8.8907,3.908,28.6597,-0.1273,Act-1
1.8762,1,1.3894,7.7677,32.8972,0.6537,2.1358,12.9386,3.8212,47.6377,-0.1169,Act-1
-0.3,0,1.1444,8.1667,75.5805,0.6138,1.9657,4.2642,2.8097,11.6728,-0.1206,Act-1
3.3552,1,1.4476,7.99,85.3667,0.7254,2.0971,7.0568,3.8788,30.4205,-0.1653,Act-1
3.1678,1,1.3714,8.0217,42.6833,0.69,2.0753,6.565,3.612,29.6595,-0.0299,Act-1
1.408,0,1.169,7.8333,85.3667,0.6542,2.1472,6.476,3.6991,31.0976,-0.0816,Act-1
0.9986,0,1.2675,8.2719,42.6833,0.6665,2.0551,5.1206,3.6451,33.9852,0.042,Act-1
1.0727,0,1.2371,8.3485,0.0,0.7196,1.946,2.6494,2.8894,16.899,0.0544,Act-1
3.2719,1,1.3746,8.114,42.6833,0.6877,2.0557,8.0094,3.5462,15.6001,-0.0118,Act-1
0.5195,0,1.2382,8.5944,160.9472,0.6211,2.0243,5.0491,3.5201,6.63,0.058,Act-1
0.6546,1,1.4535,8.2879,169.1718,0.6481,2.1164,11.207,3.7983,30.4847,-0.0592,Act-1
6.9136,1,1.6883,7.6325,42.6833,0.6932,2.0939,13.0154,4.5591,40.4305,-0.135,Act-1
1.5064,0,1.3139,8.4259,42.6833,0.6795,1.9845,3.7798,2.4811,4.0954,-0.0923,Act-1
4.1507,1,1.4417,7.8698,59.2238,0.648,2.0749,11.6975,3.6173,30.394,-0.1311,Act-1
2.0533,1,1.3346,8.8269,60.6941,0.6299,2.1604,5.942,3.6773,23.5543,0.1501,Act-1
1.1185,0,1.2109,8.0343,146.0608,0.6048,2.034,4.9403,3.1154,8.4769,0.1443,Act-1
3.0575,1,1.2486,7.4375,42.6833,0.6588,2.2017,10.6944,3.4448,34.7679,0.0075,Act1
0.3942,0,1.3139,8.537,42.6833,0.6741,1.9686,2.8888,2.4811,4.0954,0.0714,Act-1
2.6997,1,1.3195,7.5625,42.6833,0.652,2.1566,8.338,3.2682,22.4266,0.0902,Act-1
3.8336,0,1.1419,7.3452,42.6833,0.6224,2.0831,5.6788,2.9149,29.7789,0.0276,Act1
3.8568,0,1.1513,7.3442,42.6833,0.6369,2.0643,5.8072,3.1571,24.7099,0.0271,Act1
3.7261,1,1.2573,7.4583,42.6833,0.651,2.0773,5.8559,3.2977,22.8264,0.0745,Act1
2.6698,1,1.304,7.5917,42.6833,0.6443,2.0267,7.366,3.3282,25.3119,0.077,Act-1
2.0099,1,1.3114,8.0682,188.7441,0.6381,2.0359,9.5009,3.6192,11.0114,0.0139,Act-1
2.3799,1,1.3126,7.9583,136.2746,0.6406,2.0409,11.5473,3.4453,21.4361,0.0973,Act-1
1.8456,0,1.3404,7.8167,42.6833,0.6631,1.9959,5.6569,2.2879,3.1856,0.021,Act-1
-2.4928,0,1.0,9.2,213.4167,0.5382,1.9126,0.0,1.9563,0.0,-0.0393,Act-1
-3.0075,0,1.0,9.1944,256.1001,0.5406,1.9338,0.0,2.3028,0.0,-0.0228,Act-1
-2.5079,0,1.0,8.6667,188.7441,0.558,2.0171,0.0,2.2402,2.1057,-0.0121,Act-1
2.0514,1,1.41,8.1071,170.7334,0.6782,2.0615,11.0592,3.9279,53.9815,0.009,Act1
-0.9283,0,1.2031,8.0877,146.0608,0.6117,1.8902,2.9417,2.9943,9.7249,-0.0858,Act-1
-8.2297,0,1.0,8.637,597.5668,0.5694,2.0465,0.0,3.1608,4.5924,-0.0308,Act-1
-1.0712,0,1.1701,8.4737,213.4167,0.6078,2.0184,6.7432,3.1477,5.2434,0.0374,Act-1
-0.8748,0,1.1593,8.3333,213.4167,0.6048,2.02,8.6434,3.1491,10.3125,-0.0041,Act-1
-4.5347,0,1.0,8.7572,341.4667,0.5639,1.9993,0.0,3.1498,0.0,-0.0183,Act-1
-2.7392,0,1.0,8.9722,213.4167,0.554,1.9897,0.0,2.3504,0.0,-0.0566,Act-1
-1.0896,0,1.0,8.5109,213.4167,0.633,1.9827,6.9866,3.1329,5.6991,-0.0417,Act-1
-4.5347,0,1.0,8.7572,341.4667,0.5639,1.999,0.0,3.1329,0.0,-0.026,Act-1
1.4264,0,1.1054,8.0032,128.05,0.6284,2.1394,8.0531,3.8953,26.1252,-0.0407,Act-1
1.6653,0,1.1039,7.9784,128.05,0.6262,2.1449,8.1012,3.9261,23.5907,-0.0705,Act-1
1.8182,0,1.0913,7.7214,85.3667,0.6219,2.1398,10.0041,3.8958,36.6537,0.0221,Act-1
1.4063,0,1.1135,8.0545,85.3667,0.6379,2.1358,8.0531,3.9028,31.2587,-0.0262,Act-1
2.5512,0,1.1793,7.5482,42.6833,0.6148,2.0897,5.5624,3.2425,20.6728,0.0105,Act-1
3.1276,0,1.1932,7.7685,103.3774,0.6992,2.0444,6.1533,2.7675,21.5396,-0.0038,Act1
3.6586,0,1.2454,7.6282,42.6833,0.6228,2.0493,2.8185,2.8748,6.3711,-0.4345,Act-1
3.1399,1,1.4262,8.0812,42.6833,0.8033,2.0939,3.7798,3.2242,11.7183,-0.018,Act1
5.3416,1,1.3728,8.2164,85.3667,0.8718,1.9339,2.8888,4.0047,49.3234,-0.038,Act-1
3.2341,1,1.4262,7.7749,42.6833,1.0035,2.0772,3.7798,3.2242,8.0364,-0.082,Act-1
-0.386,0,1.2563,8.3889,128.05,0.6164,2.0173,3.1384,2.8963,9.1279,-0.1346,Act-1
-1.3939,0,1.2054,8.4036,246.3139,0.6342,2.1572,8.5426,4.1,24.5283,-0.1135,Act-1
-1.9233,0,1.2597,8.5152,288.9972,0.64,2.1489,8.4884,4.1741,27.7139,-0.1238,Act-1
4.7008,1,1.3837,8.0784,42.6833,0.8037,1.9884,5.2952,3.7995,20.9887,-0.002,Act-1
0.7189,0,1.2832,8.7222,128.05,0.6432,1.9675,1.8899,2.4813,0.0,-1.2636,Act-1
1.4956,1,1.3374,8.125,188.7441,0.6615,2.1027,6.5467,3.8806,13.7681,0.0038,Act-1
1.5987,1,1.2589,8.0889,292.1216,0.6155,2.0212,15.2739,3.8954,24.9321,0.066,Act-1
5.2158,1,1.2908,7.4861,42.6833,0.6342,2.0783,6.8364,3.475,14.197,-0.0127,Act-1
2.5141,1,1.4373,7.9815,42.6833,0.7557,2.1017,3.8883,3.0371,8.2177,-0.125,Act-1
2.1332,0,1.2969,8.1806,42.6833,0.7382,1.9474,2.8717,2.6375,3.5006,0.8822,Act-1
4.1452,1,1.3866,8.0719,85.3667,0.7479,2.0308,5.5856,3.7943,15.9069,0.0979,Act1
3.9228,1,1.3959,7.7852,42.6833,0.7262,2.0376,5.4989,3.4182,12.4063,0.1253,Act1
1.0954,0,1.2969,8.4167,85.3667,0.6567,1.9663,2.0,2.6375,0.0,0.8759,Act-1
2.9623,1,1.3814,7.7667,42.6833,0.6843,2.014,6.3465,3.4383,13.0214,0.2562,Act1
1.9852,0,1.1442,7.6346,128.05,0.6363,2.1572,7.6986,3.6893,33.5677,-0.1018,Act-1
7.3663,1,1.6881,7.7372,170.7334,0.7285,2.0351,12.6387,4.4689,48.932,-0.1365,Act-1
1.0954,0,1.2975,8.4167,85.3667,0.6567,1.9663,2.8284,2.4813,0.0,-0.4176,Act1
1.8844,1,1.4507,7.8636,42.6833,0.708,2.1123,3.5431,2.85,4.7171,-0.4631,Act1
1.4869,0,1.3154,8.0238,42.6833,0.6722,1.9651,2.8717,2.0182,0.0,0.3446,Act-1
1.3002,0,1.3039,8.7,85.3667,0.6655,1.9855,3.8183,2.5727,4.0954,-0.4059,Act-1
-3.8879,0,1.0,8.7454,316.7942,0.559,2.0543,3.586,2.7559,2.5345,-0.0001,Act-1
1.2882,0,1.2321,8.2137,85.3667,0.6579,1.967,6.3053,2.7183,13.3364,0.2057,Act-1
3.7351,1,1.2511,7.7,146.0608,0.6198,2.031,15.9344,3.4442,40.6946,0.0065,Act-1
3.8796,1,1.2616,7.8611,146.0608,0.6452,2.0309,14.9174,3.9148,49.277,0.0323,Act1
2.606,0,1.2718,8.1722,42.6833,0.7635,1.9578,3.4641,2.7724,10.1868,0.0036,Act1
1.3318,0,1.2954,7.8958,42.6833,0.6563,1.9898,3.7798,2.0858,3.1856,0.1027,Act1
0.9403,0,1.2846,8.2593,85.3667,0.6444,1.9907,3.7204,2.0891,3.1856,-0.0179,Act-1
1.4239,0,1.2496,7.7424,60.6941,0.6262,2.0029,3.7798,2.1181,7.397,-0.0261,Act-1
1.4984,1,1.2996,7.75,170.7334,0.6059,2.158,8.5557,3.5259,44.7951,0.0626,Act-1
-1.3234,0,1.0,8.4,128.05,0.548,1.9404,0.0,1.247,6.3171,-0.0796,Act-1
1.8174,0,1.2387,7.9246,60.6941,0.7399,1.9506,5.6569,3.053,11.4043,-0.0345,Act-1
1.6789,1,1.3041,7.9861,45.8077,0.6528,2.1126,9.5407,3.7697,64.4189,0.0444,Act-1
3.0569,1,1.3861,7.4321,42.6833,0.6495,2.0531,11.6378,3.6647,29.1591,-0.0183,Act1
3.8995,1,1.3041,7.9972,42.6833,0.6577,2.0759,11.6487,3.7697,61.2945,0.0468,Act1
5.4205,1,1.3909,7.6337,42.6833,0.6981,2.079,10.6583,3.567,31.1478,0.0073,Act-1
1.2146,0,1.2629,7.9167,42.6833,0.6358,1.9777,5.7435,2.1145,9.8358,-0.0723,Act-1
2.7989,1,1.3638,7.5247,42.6833,0.6721,2.049,12.7838,3.686,63.3045,0.0117,Act-1
-1.0308,0,1.0,8.3,85.3667,0.5478,1.8603,0.0,1.618,18.3695,-0.0083,Act-1
-0.3295,0,1.3031,8.5655,98.6916,0.661,2.0294,2.0,3.4155,6.2066,-0.138,Act-1
2.8487,1,1.3093,8.9799,60.6941,0.6818,2.0527,8.6643,4.0995,25.404,0.0505,Act-1
-0.0957,0,1.3056,8.6136,64.1886,0.6764,2.026,2.0,3.3852,4.3075,0.2186,Act-1
1.6955,1,1.3152,7.7138,33.1905,0.6448,2.0707,7.7235,4.4683,23.8029,0.1207,Act-1
0.9219,0,1.2374,8.1343,77.0991,0.6283,2.0403,5.0763,3.6619,8.048,0.0007,Act-1
1.7281,1,1.3699,8.1814,65.7944,0.7026,2.0699,2.0,3.5349,8.615,0.1066,Act-1
-0.0067,0,1.2755,8.6012,49.3022,0.6695,2.0332,4.2073,3.3985,9.0121,-0.0428,Act-1
1.3072,1,1.3241,8.1806,49.3022,0.6721,2.0314,5.5432,4.0124,15.2698,0.1889,Act-1
1.0751,1,1.349,8.2024,49.3022,0.6656,2.0474,5.744,3.9992,16.6934,-0.0605,Act-1
1.2334,1,1.3529,8.2149,49.3022,0.68,2.046,6.5581,3.6545,11.45,0.1457,Act-1
1.347,1,1.3631,8.1716,49.3022,0.7007,2.0477,4.7363,3.4578,6.6354,0.0374,Act-1
1.8303,1,1.4861,8.0595,49.3022,0.7159,2.119,6.0985,4.3292,10.9237,0.1078,Act-1
1.1471,1,1.3208,8.1806,49.3022,0.6721,2.03,4.559,3.9422,17.1042,0.2725,Act-1
1.2957,1,1.3526,8.1184,49.3022,0.6784,2.0525,4.6264,3.7949,11.7201,-0.0328,Act-1
1.005,1,1.358,8.1713,49.3022,0.6875,2.0477,4.7123,3.6326,8.9633,0.1055,Act-1
0.7108,1,1.3631,8.2304,49.3022,0.6987,2.0439,4.7451,3.4578,6.2066,0.0791,Act-1
1.0647,1,1.3311,8.2031,49.3022,0.7402,2.0269,4.2073,3.4798,36.0859,0.1077,Act-1
3.6138,0,1.0252,7.3519,0.0,0.7225,1.9946,3.7798,3.0351,83.9935,-0.331,Act1
1.565,0,1.2785,7.6667,36.0215,0.7614,1.9549,0.0,2.6583,5.798,-0.0784,Act-1
0.1818,0,1.2982,7.8667,34.7963,0.7622,1.871,0.0,2.5964,5.798,-0.7573,Act-1
3.9677,1,1.2907,7.4286,0.0,0.7282,2.0306,5.6859,3.4531,44.9498,0.0888,Act1
0.5072,0,1.0226,7.2702,0.0,0.7023,1.424,0.0,2.4142,12.6342,-0.331,Act-1
1.1552,1,1.3592,8.2355,60.6941,0.7205,2.0923,7.1295,3.8201,45.3345,-0.238,Act-1
2.5353,1,1.3183,8.0259,60.6941,0.6774,2.1375,10.4112,3.7713,60.706,-0.1374,Act-1
2.7989,1,1.3638,7.5247,42.6833,0.6721,2.049,12.7838,3.686,63.3045,0.0117,Act-1
3.9641,1,1.3571,7.3667,0.0,0.6878,2.066,5.3823,3.5799,42.9402,0.0287,Act-1
4.468,1,1.3142,7.2778,0.0,0.6823,2.0645,10.0447,3.6694,90.6732,0.0997,Act-1
5.1692,1,1.3201,7.2733,0.0,0.695,2.0742,6.3919,3.6686,88.9543,0.1283,Act-1
0.2716,0,1.1552,8.31,136.2746,0.6597,2.0348,9.7593,3.7013,45.7243,-0.0554,Act-1
0.6189,0,1.1531,8.191,93.5913,0.6645,2.0347,9.7698,3.6032,45.7243,-0.0834,Act-1
1.9788,1,1.2805,8.0982,60.6941,0.6815,2.0093,10.757,3.7696,57.1154,-0.1903,Act-1
0.613,0,1.1993,8.2014,93.5913,0.6784,2.0612,10.4171,3.6073,52.5663,-0.0016,Act-1
0.2657,0,1.2005,8.32,136.2746,0.673,2.0612,10.4617,3.7056,52.5663,0.0254,Act-1
-0.5146,0,1.175,8.3102,132.1046,0.6918,2.0487,10.3487,3.7973,127.1375,0.0484,Act-1
4.6169,1,1.2491,7.62,42.6833,0.6869,2.0403,7.3777,3.7072,89.6595,0.031,Act-1
3.7704,1,1.3595,7.5,0.0,0.7064,2.0565,6.4216,3.7323,65.5124,0.0774,Act-1
1.9617,1,1.4774,7.5714,16.7855,0.7708,2.0074,5.0,3.6149,40.6506,-0.0349,Act-1
2.3897,1,1.4118,7.6056,0.0,0.8549,1.9628,2.8717,2.7632,34.1676,-0.5458,Act-1
